회사명,종목코드,티커,시장구분,업종,주요제품,상장일,결산월,대표자,홈페이지,주소지,alias
3S,60310,060310.KQ,KOSDAQ,"측정, 시험, 항해, 제어 및 기타 정밀기기 제조업; 광학기기 제외",반도체 웨이퍼 캐리어,2002-04-23,03월,김세완,http://www.3sref.com,서울특별시,"3s, 3S"
가비아,79940,079940.KQ,KOSDAQ,소프트웨어 개발 및 공급업,"도메인,호스팅",2005-10-19,12월,"김홍국, 원종홍 (공동대표이사)",http://www.gabia.com,경기도,가비아
가온그룹,78890,078890.KQ,KOSDAQ,통신 및 방송 장비 제조업,디지털셋톱박스,2005-07-12,12월,임동연,http://www.kaonmedia.com,경기도,가온그룹
가온전선,500,000500.KS,KOSPI,절연선 및 케이블 제조업,"전력선,통신케이블 제조,도매,수출입",1987-06-08,12월,정 현,http://www.gaoncable.com,경기도,가온전선
가온칩스,399720,399720.KQ,KOSDAQ,반도체 제조업,설계 솔루션 및 주문형 반도체,2022-05-20,12월,정규동,http://www.gaonchips.com,경기도,가온칩스
가이아코퍼레이션,296520,296520.KQ,KONEX,생활용품 도매업,"유아용품, 완구, 굿즈",2023-06-20,12월,나원석,http://gaiabiz.co.kr,경기도,가이아코퍼레이션
감성코퍼레이션,36620,036620.KQ,KOSDAQ,기타 전문 도매업,"의류, 의류디자인, 휴대폰 주변기기",2000-01-11,12월,김호선,http://www.gamsungcorp.co.kr,서울특별시,감성코퍼레이션
강남제비스코,860,000860.KS,KOSPI,기타 화학제품 제조업,"도료(페인트,락카,신나,에나멜,바니쉬),안료 제조,판매",1975-11-12,12월,"황익준,김재현(각자대표이사)",http://www.jevisco.com,부산광역시,강남제비스코
강동씨앤엘,198440,198440.KQ,KOSDAQ,"시멘트, 석회, 플라스터 및 그 제품 제조업","시멘트, 레미콘",2014-08-13,12월,"구희택, 이훈창",http://koreacement.co.kr,전라남도,강동씨앤엘
강스템바이오텍,217730,217730.KQ,KOSDAQ,기초 의약물질 제조업,줄기세포치료제,2015-12-21,12월,나종천,http://www.kangstem.com,서울특별시,강스템바이오텍
강원랜드,35250,035250.KS,KOSPI,유원지 및 기타 오락관련 서비스업,"카지노,관광호텔,골프장,스키장,체육시설 운영",2003-09-04,12월,최철규,http://kangwonland.high1.com,강원특별자치도,강원랜드
강원에너지,114190,114190.KQ,KOSDAQ,기타 전기장비 제조업,플랜트설비(산업용 보일러),2009-11-20,12월,"신진용,유승주",http://kwenergy.co.kr,전북특별자치도,강원에너지
갤럭시아머니트리,94480,094480.KQ,KOSDAQ,소프트웨어 개발 및 공급업,전자결제,2007-07-20,12월,신동훈,http://www.galaxiamoneytree.co.kr,서울특별시,갤럭시아머니트리
갤럭시아에스엠,11420,011420.KS,KOSPI,스포츠 서비스업,"스포츠중계권,스포츠마케팅,광고",1989-11-14,12월,이반석,http://galaxiasme.com,서울특별시,갤럭시아에스엠
경남스틸,39240,039240.KQ,KOSDAQ,1차 철강 제조업,"냉연강판,아연도강판, 산세코일, 열연아연도금강판, 전기아연도금강판 등",2000-03-07,12월,최석우,http://www.ksteel.co.kr,경상남도,경남스틸
경남제약,53950,053950.KQ,KOSDAQ,의약품 제조업,PCB 드릴가공,2001-11-06,12월,"김성곤, 조정영 (각자 대표이사)",http://www.kyungnampharm.co.kr,경상남도,경남제약
경농,2100,002100.KS,KOSPI,"비료, 농약 및 살균, 살충제 제조업","완제농약(잡초약,살충제,살균제) 제조",1977-06-30,12월,"이병만,이용진",http://www.knco.co.kr,서울특별시,경농
경동나비엔,9450,009450.KS,KOSPI,가정용 기기 제조업,"가정용기름보일러,입형,횡형 온수보일러,가스보일러,버너,흡수식 냉온수기,전기보일러,진공온수보일러,태양열보일러 제조,판매",1993-08-31,12월,"손연호, 손흥락, 장희철",http://www.kdnavien.co.kr,경기도,경동나비엔
경동도시가스,267290,267290.KS,KOSPI,연료용 가스 제조 및 배관공급업,도시가스,2017-05-12,12월,"송재호, 나윤호",http://www.kdgas.co.kr,울산광역시,경동도시가스
경동인베스트,12320,012320.KS,KOSPI,기타 금융업,지주회사,1997-03-07,12월,정승진,http://www.kdinvest.co.kr,경기도,경동인베스트
경동제약,11040,011040.KQ,KOSDAQ,의약품 제조업,"듀오로반정, 발디핀정, 아트로반정 등",1992-12-18,12월,"류기성, 김경훈(각자 대표)",http://www.kdpharma.co.kr,경기도,경동제약
경방,50,000050.KS,KOSPI,종합 소매업,"섬유류(면사,면혼방사,면직물,면혼방직물,화섬사,화섬직물) 제조,도매,수출입",1956-03-03,12월,"김준, 김담",http://www.kyungbang.co.kr,서울특별시,경방
경보제약,214390,214390.KS,KOSPI,기초 의약물질 제조업,"아토르바스타틴, 세프티족심, 세프트리약손",2015-06-29,12월,김태영,http://www.kbpharma.co.kr,충청남도,경보제약
경인양행,12610,012610.KS,KOSPI,기초 화학물질 제조업,"반응성염료,직접염료,산성염료,삼원색원료 제조,수출입",1995-10-05,12월,"김흥준,조성용 (각자대표이사)",http://www.kyungin.co.kr,인천광역시,경인양행
경인전자,9140,009140.KS,KOSPI,전자부품 제조업,"스위치,리모콘,배선기구,섬머스타트,게임기,전자부품 제조,판매",1989-06-20,12월,김성은,http://www.kie.co.kr,서울특별시,경인전자
경창산업,24910,024910.KQ,KOSDAQ,자동차 신품 부품 제조업,"각종 케이블, 개폐랫치, 리저브탱크, 밴드류, 페달류, 오토트랜스미션부품, 시트용 단품",1994-12-29,12월,"손일호, 차석주",http://www.kc.co.kr,대구광역시,경창산업
계룡건설산업,13580,013580.KS,KOSPI,토목 건설업,"건축공사,주택공사,토목공사,포장공사,전기공사",1996-01-30,12월,"오태식, 윤길호",http://www.krcon.co.kr,대전광역시,계룡건설산업
계양전기,12200,012200.KS,KOSPI,일반 목적용 기계 제조업,"전동공구(그라인더,드릴,커팅머신 등), 엔진, 자동차용 모터 제조",1988-07-06,12월,임영환,http://www.keyang.co.kr,서울특별시,계양전기
고려산업,2140,002140.KS,KOSPI,"곡물가공품, 전분 및 전분제품 제조업","배합사료,플라스틱용기 제조/부동산 임대",1991-01-14,12월,"전장열, 김영교(각자 대표이사)",http://www.hafeed.co.kr,부산광역시,고려산업
고려신용정보,49720,049720.KQ,KOSDAQ,기타 사업지원 서비스업,"채권추심, 신용조사",2002-01-31,12월,윤태훈,http://www.koryoinfo.co.kr,서울특별시,고려신용정보
고려아연,10130,010130.KS,KOSPI,1차 비철금속 제조업,"연,아연괴 제조,판매",1990-07-28,12월,정태웅,http://www.koreazinc.co.kr,서울특별시,고려아연
고려제강,2240,002240.KS,KOSPI,1차 철강 제조업,"PC강선,선재 2차제품,와이어로프,비드와이어,SC(Surpass Coat) Stand,각종선재 제조,도매",1976-05-25,12월,주종대,http://www.kiswire.com,부산광역시,고려제강
고려제약,14570,014570.KQ,KOSDAQ,의약품 제조업,"하벤(종합감기약),뉴로메드(치매치료제)등",2000-12-07,12월,"박해룡, 박상훈 (각자대표)",http://www.nicepharma.com,경기도,고려제약
고바이오랩,348150,348150.KQ,KOSDAQ,자연과학 및 공학 연구개발업,마이크로바이옴 치료제 및 건강기능식품,2020-11-18,12월,고광표,http://kobiolabs.com,서울특별시,고바이오랩
고스트스튜디오,950190,950190.KQ,KOSDAQ,소프트웨어 개발 및 공급업,"캐주얼게임, 소셜카지노게임",2020-08-18,12월,"손창욱, 최명규 (공동대표)",http://www.ghoststudio.net,홍콩,고스트스튜디오
고영,98460,098460.KQ,KOSDAQ,특수 목적용 기계 제조업,전자제품및반도체생산용 3차원 납도포검사장비,2008-06-03,12월,고광일,http://www.kohyoung.com,경기도,고영
골드앤에스,35290,035290.KQ,KOSDAQ,"서적, 잡지 및 기타 인쇄물 출판업","방과후컴퓨터상설반,교재및CD",1999-12-07,12월,신승호,http://www.goldns.co.kr,서울특별시,골드앤에스
골프존,215000,215000.KQ,KOSDAQ GLOBAL,소프트웨어 개발 및 공급업,골프시뮬레이터,2015-04-03,12월,"최덕형, 박강수",http://www.golfzon.com,서울특별시,골프존
골프존뉴딘홀딩스,121440,121440.KQ,KOSDAQ,상품 중개업,골프시뮬레이터,2011-05-20,12월,최덕형,http://golfzonnewdin.com,서울특별시,골프존뉴딘홀딩스
공구우먼,366030,366030.KQ,KOSDAQ,의복 액세서리 제조업,플러스사이즈 여성용 의류 및 잡화,2022-03-23,12월,김주영,http://www.09women.net,경기도,공구우먼
관악산업,76340,076340.KQ,KONEX,기반조성 및 시설물 축조관련 전문공사업,"수중공사, 준설공사 등",2015-05-18,12월,이규항,http://www.gwan-ak.co.kr,서울특별시,관악산업
광동제약,9290,009290.KS,KOSPI,의약품 제조업,"의약품,식음료 제조,도매",1989-11-17,12월,최성원,http://www.ekdp.com,경기도,광동제약
광동헬스바이오,86220,086220.KQ,KONEX,기타 식품 제조업,건강기능식품,2015-07-09,12월,정 화 영,http://www.kdhealthbio.com,충청북도,광동헬스바이오
광림,14200,014200.KQ,KOSDAQ,자동차용 엔진 및 자동차 제조업,"전기공사용 특수차량 및 중량물 운반용 크레인을 생산, 판매하는 제조업체",1993-07-07,12월,송태영,http://www.kanglim.com,충청북도,광림
광명전기,17040,017040.KS,KOSPI,"전동기, 발전기 및 전기 변환 · 공급 · 제어 장치 제조업","수배전반,가스절연개폐장치,빌딩자동화시스템,중앙감시반,자동제어반 제조,도소매,무역",1990-09-14,12월,"이재광, 김소정",http://www.kmec.co.kr,경기도,광명전기
광무,29480,029480.KQ,KOSDAQ,통신 및 방송 장비 제조업,"네트워크 통합사업,네트워크 장비, 光 전송장비, S/W 제조, 네트워크관리",1996-08-27,12월,이상연,http://www.kdccorp.co.kr,서울특별시,광무
광전자,17900,017900.KS,KOSPI,반도체 제조업,"트랜지스터,SMD TR,발광소자,리모콘모듈,발광다이오드(L.E.D),다이오드용웨이퍼팹(Fab) 제조,판매",1996-10-16,12월,최재완,http://www.auk.co.kr,전북특별자치도,광전자
광주신세계,37710,037710.KS,KOSPI,종합 소매업,백화점,2002-02-07,12월,이동훈,http://www.gjshinsegae.com,광주광역시,광주신세계
광진실업,26910,026910.KQ,KOSDAQ,1차 철강 제조업,마봉,1996-01-03,12월,허유석,http://www.kjsteel.co.kr,부산광역시,광진실업
교보13호스팩,440790,440790.KQ,KOSDAQ,금융 지원 서비스업,기업 인수 및 합병,2022-11-02,12월,최윤석,,서울특별시,교보13호스팩
교보14호스팩,456490,456490.KQ,KOSDAQ,금융 지원 서비스업,기업 인수 및 합병,2023-07-06,12월,박상연,,서울특별시,교보14호스팩
교보15호스팩,465320,465320.KQ,KOSDAQ,금융 지원 서비스업,기업인수합병,2023-12-05,12월,김상도,,서울특별시,교보15호스팩
교보16호스팩,482520,482520.KQ,KOSDAQ,금융 지원 서비스업,기업인수합병,2024-08-13,12월,정시화,,서울특별시,교보16호스팩
교보17호스팩,489210,489210.KQ,KOSDAQ,금융 지원 서비스업,기업인수합병,2024-11-21,12월,장정훈,,서울특별시,교보17호스팩
교보증권,30610,030610.KS,KOSPI,금융 지원 서비스업,"유가증권 매매,중개,대리,인수",2002-07-18,12월,"박봉권, 이석기 (각자대표)",http://www.iprovest.com,서울특별시,교보증권
교촌에프앤비,339770,339770.KS,KOSPI,음·식료품 및 담배 도매업,치킨 프랜차이즈,2020-11-12,12월,송종화,http://kyochonfnb.com,경상북도,교촌에프앤비
구영테크,53270,053270.KQ,KOSDAQ,자동차 신품 부품 제조업,엔진 브라켓(Engine Bracket) 등,2002-02-07,12월,"김대원, 이희화(각자대표)",http://www.guyoungtech.com,대구광역시,구영테크
국도화학,7690,007690.KS,KOSPI,기초 화학물질 제조업,"에폭시수지,폴리아마이드수지,아염소산소다 제조,도소매",1989-08-05,12월,"이시창, 황문성",http://www.kukdo.com,서울특별시,국도화학
국보,1140,001140.KS,KOSPI,도로 화물 운송업,"화물자동차운송,콘테이너운송,수출입화물보관,도로운송,CY보관,하역",1989-12-02,12월,"박찬하, 김룡영(각자 대표)",http://www.kukbo.com,부산광역시,국보
국보디자인,66620,066620.KQ,KOSDAQ,실내건축 및 건축마무리 공사업,인테리어디자인,2002-09-05,12월,"황창연,김민기(각자 대표이사)",http://www.ikukbo.com,서울특별시,국보디자인
국순당,43650,043650.KQ,KOSDAQ,알코올음료 제조업,탁주 및 약주,2000-08-24,12월,배상민,http://www.ksdb.co.kr,강원특별자치도,국순당
국영지앤엠,6050,006050.KQ,KOSDAQ,유리 및 유리제품 제조업,강화유리,1994-10-07,12월,"최재원,JUSTIN CHOE(최경승)",http://www.kukyong.com,서울특별시,국영지앤엠
국일신동,60480,060480.KQ,KOSDAQ,1차 비철금속 제조업,황동봉,2014-12-29,12월,"최두현,손인국 (각자대표)",http://www.kukilmetal.com,경기도,국일신동
국일제지,78130,078130.KQ,KOSDAQ,기타 종이 및 판지 제품 제조업,"산업용 및 가정용 지류(강판간지, 다공지 등)",2004-10-22,12월,강태현,http://www.kukilpaper.co.kr,경기도,국일제지
국전약품,307750,307750.KQ,KOSDAQ,의약품 제조업,기업 인수 및 합병,2018-12-19,12월,홍종호,http://kukjeon.co.kr,경기도,국전약품
국제약품,2720,002720.KS,KOSPI,의약품 제조업,"항생제,안약,제약 제조,도매",1975-12-27,12월,"남영우, 남태훈",http://www.kukjepharm.co.kr,경기도,국제약품
그래디언트,35080,035080.KQ,KOSDAQ,무점포 소매업,전자상거래,1999-07-05,12월,"이기형, 남인봉(각자 대표이사)",http://www.gradiant.co.kr,서울특별시,그래디언트
그리드위즈,453450,453450.KQ,KOSDAQ,"그외 기타 전문, 과학 및 기술 서비스업","수요관리 서비스, 전기차 충전기 모뎀 등",2024-06-14,12월,김구환,http://www.gridwiz.com,경기도,그리드위즈
그리티,204020,204020.KQ,KOSDAQ,봉제의복 제조업,"내의(원더브라, 플레이텍스, 미싱도로시, 르페)",2018-07-23,12월,문영우,http://www.gritees.com,서울특별시,그리티
그린리소스,402490,402490.KQ,KOSDAQ,반도체 제조업,반도체 및 디스플레이 장비 보호코팅 및 소재,2023-11-24,12월,"이종수,이종범(공동대표이사)",http://www.greenresource.kr,인천광역시,그린리소스
그린생명과학,114450,114450.KQ,KOSDAQ,기초 의약물질 제조업,의약품 중간체 등,2009-12-22,12월,"양준화, 이기성(각자 대표이사)",http://www.kpxls.com,전라남도,그린생명과학
그린케미칼,83420,083420.KS,KOSPI,기타 화학제품 제조업,"비이온계면활성제 제조,도매",2005-10-20,12월,양준화,http://www.korgc.com,충청남도,그린케미칼
그린플러스,186230,186230.KQ,KOSDAQ,1차 비철금속 제조업,"첨단유리온실, 온실용자재설치공사, 알루미늄 압출/가공제품",2019-08-07,12월,"박영환, 정순태",http://www.greenplus.co.kr,충청남도,그린플러스
극동유화,14530,014530.KS,KOSPI,석유 정제품 제조업,"윤활유,유동파라핀,왁스,방수용시트,아스팔트 제조/수입자동차,부품 도매/가스충전,산업설비 청소",1991-01-31,12월,"장홍선, 장선우 (각자대표)",http://www.kdoc.co.kr,경상남도,극동유화
글로벌에스엠,900070,900070.KQ,KOSDAQ,기타 금융업,"자회사 제품 : IT기기용 정밀 화스너부품(스크류, 샤프트, 스프링)",2009-12-23,12월,유대희,http://www.globalsmtech.com,케이맨 제도,글로벌에스엠
글로벌텍스프리,204620,204620.KQ,KOSDAQ,금융 지원 서비스업,환급창구운영사업,2014-11-19,12월,강진원,http://global-taxfree.com,서울특별시,글로벌텍스프리
글로본,19660,019660.KQ,KOSDAQ,상품 종합 도매업,화장품 외,1992-06-04,12월,한상호,http://www.globon.co.kr,서울특별시,글로본
금강공업,14280,014280.KS,KOSPI,1차 철강 제조업,"건설가설재,강관,거푸집 제조,판매",1988-09-10,12월,"전장열, 전재범 (각자 대표이사)",http://www.kumkangkind.com,부산광역시,금강공업
금강철강,53260,053260.KQ,KOSDAQ,1차 철강 제조업,"냉연압연강판, 산세코일",2002-01-04,12월,"주광남, 주성호(각자 대표)",http://www.kksteel.co.kr,서울특별시,금강철강
금비,8870,008870.KS,KOSPI,유리 및 유리제품 제조업,"유리제품(주류병) 제조/화장품 도소매,수입(병제조기기)",1990-06-08,09월,고기영,http://www.e-kumbi.co.kr,경기도,금비
금양,1570,001570.KS,KOSPI,기초 화학물질 제조업,"발포제,사카린,OPTSA,베나졸,TCA 제조",1976-12-17,12월,류광지,http://www.kyc.co.kr,부산광역시,금양
금양그린파워,282720,282720.KQ,KOSDAQ,전기 및 통신 공사업,"플랜트, 발전소 및 신재생에너지 발전소 공사 및 용역",2023-03-13,12월,"이윤철, 이기보",http://www.kygp.co.kr,울산광역시,금양그린파워
금호건설,2990,002990.KS,KOSPI,건물 건설업,"종합건설/여객운송,관광/부동산 임대,분양",1976-06-26,12월,조완석,http://www.kumhoenc.com,전라남도,금호건설
금호석유화학,11780,011780.KS,KOSPI,기초 화학물질 제조업,"합성고무 SBR(스티렌부타디엔러버),BR(폴리부타디엔러버),합성수지,BD,라텍스 제조,도소매",1988-01-22,12월,백종훈,http://www.kkpc.com,서울특별시,금호석유화학
금호에이치티,214330,214330.KS,KOSPI,자동차 신품 부품 제조업,자동차용 전구 및 LED모듈,2015-11-11,12월,"김진곤, 김두인(각자대표)",http://www.kumhoht.co.kr,광주광역시,금호에이치티
금호전기,1210,001210.KS,KOSPI,전구 및 조명장치 제조업,"형광등,백열전구,전구식현광등,실드빔(차량용전조) 제조,판매",1973-11-15,12월,이홍민,http://www.khe.co.kr,서울특별시,금호전기
금호타이어,73240,073240.KS,KOSPI,고무제품 제조업,"타이어,튜브 제조,도매,무역",2005-02-17,12월,정일택,http://www.kumhotire.co.kr,광주광역시,금호타이어
금화피에스시,36190,036190.KQ,KOSDAQ,전기 및 통신 공사업,"설비,철물,전기,강구조물",2000-12-26,12월,"김성기,김경태(각자대표)",http://www.geumhwa.co.kr,서울특별시,금화피에스시
기가레인,49080,049080.KQ,KOSDAQ,전자부품 제조업,RF통신부품 및 반도체 장비,2013-12-19,12월,김현제,http://www.gigalane.com,경기도,기가레인
기가비스,420770,420770.KQ,KOSDAQ,특수 목적용 기계 제조업,반도체 기판용 광학검사 및 수리장비,2023-05-24,12월,강해철,http://www.gigavis.com,경기도,기가비스
기산텔레콤,35460,035460.KQ,KOSDAQ,통신 및 방송 장비 제조업,"광모듈, 에코 켄슬러, 중계기, VoIP Server등",1999-11-18,12월,박병기,http://www.kisantel.co.kr,서울특별시,기산텔레콤
기신정기,92440,092440.KS,KOSPI,특수 목적용 기계 제조업,"몰드베이스,금형부품,정밀기계기구 제조,도매,무역",2007-10-30,03월,윤현도,http://www.kishin.com,인천광역시,기신정기
기아,270,000270.KS,KOSPI,자동차용 엔진 및 자동차 제조업,"승용차,중대형버스,트럭,민수특수차량,군수차량 제조,판매,정비",1973-07-21,12월,"송호성,최준영(각자 대표이사)",http://www.kia.co.kr,서울특별시,"Kia, 기아"
기업은행,24110,024110.KS,KOSPI,은행 및 저축기관,은행업,2003-12-24,12월,김성태,http://www.ibk.co.kr,서울특별시,기업은행
길교이앤씨,456700,456700.KQ,KONEX,"건축기술, 엔지니어링 및 관련 기술 서비스업",강합성 라멘교,2023-07-26,12월,김선동,http://www.gilgyo.com,경상북도,길교이앤씨
까뮤이앤씨,13700,013700.KS,KOSPI,건물 건설업,"토목공사,건축공사/부동산 임대",1989-11-30,12월,"손병재, 이은규 (각자 대표이사)",http://www.camusenc.com,경기도,까뮤이앤씨
깨끗한나라,4540,004540.KS,KOSPI,"펄프, 종이 및 판지 제조업","펄프,판지원지,화장지 제조,수출입",1975-06-25,12월,"최현수, 이동열",http://www.kleannara.com,서울특별시,깨끗한나라
꿈비,407400,407400.KQ,KOSDAQ,가구 제조업,"놀이방매트, 유아거실가구 등",2023-02-09,12월,박영건,http://ggumbi.com,경기도,꿈비
나노,187790,187790.KQ,KOSDAQ,기초 화학물질 제조업,SCR촉매,2014-05-08,12월,신동우,http://nanoin.com,경상북도,나노
나노브릭,286750,286750.KQ,KOSDAQ,기초 화학물질 제조업,"보안응용제품(M-tag 및 M-pac), 보안소재제품(M-secuprint)",2019-08-19,12월,임용택,http://www.nanobrick.co.kr,경기도,나노브릭
나노신소재,121600,121600.KQ,KOSDAQ,기타 화학제품 제조업,"인듐계 산화물 TCO Target, 반도체 CMP Slurry 등",2011-02-09,12월,박장우,http://anapro.com,세종특별자치시,나노신소재
나노씨엠에스,247660,247660.KQ,KOSDAQ,전자부품 제조업,"근적외선 흡수/반사 안료, 자외선 유기형광 안료, 적외선 발광체",2021-03-09,12월,신동근,http://www.nanocms.co.kr,충청남도,나노씨엠에스
나노엔텍,39860,039860.KQ,KOSDAQ,의료용 기기 제조업,의료기기 및 실험기기,2000-08-16,12월,정찬일,http://www.nanoentek.com,서울특별시,나노엔텍
나노캠텍,91970,091970.KQ,KOSDAQ,플라스틱제품 제조업,투명전도성관련제품,2007-01-30,12월,신해용,http://www.nanosbiz.com,경기도,나노캠텍
나노팀,417010,417010.KQ,KOSDAQ,일반 목적용 기계 제조업,전기차용 방열제품,2023-03-03,12월,최윤성,http://www.nanotim.co.kr,대전광역시,나노팀
나눔테크,244880,244880.KQ,KONEX,의료용 기기 제조업,"자동심장충격기, 골밀도진단기",2016-06-01,12월,최무진,http://www.nanoomtech.co.kr,광주광역시,나눔테크
나라셀라,405920,405920.KQ,KOSDAQ,음·식료품 및 담배 도매업,와인 도소매,2023-06-02,12월,마승철,http://www.naracellar.com,경기도,나라셀라
나라소프트,288490,288490.KQ,KONEX,소프트웨어 개발 및 공급업,"체육용솔루션(NS트루골프, NS테니스, NS축구, NS승마 등)",2018-11-23,12월,김호상,http://www.narasoft.com,서울특별시,나라소프트
나라엠앤디,51490,051490.KQ,KOSDAQ,특수 목적용 기계 제조업,"금형,사출 및 판금부품",2001-06-12,12월,"김영조, 김정훈 (각자 대표이사)",http://www.naramnd.com,경상남도,나라엠앤디
나래나노텍,137080,137080.KQ,KOSDAQ,특수 목적용 기계 제조업,"디스플레이 장비 (포토, 코팅, 모듈 장비)",2022-02-08,12월,"김민호, 정좌진 각자대표이사",http://www.naraenano.co.kr,경기도,나래나노텍
나무가,190510,190510.KQ,KOSDAQ,전자부품 제조업,"스마트폰 카메라모듈, 노트북 카메라모듈",2015-11-12,12월,이동호,http://www.namuga.co.kr,경기도,나무가
나무기술,242040,242040.KQ,KOSDAQ,소프트웨어 개발 및 공급업,응용소프트웨어 개발 및 공급업,2016-09-07,12월,정철,http://namutech.co.kr,서울특별시,나무기술
나스미디어,89600,089600.KQ,KOSDAQ,광고업,광고매체 판매,2013-07-17,12월,박평권,http://www.nasmedia.co.kr,서울특별시,나스미디어
나우코스,257990,257990.KQ,KONEX,기타 화학제품 제조업,"화장품, 동물용의약외품",2020-12-30,12월,김태원 (단독대표이사),http://www.nowcos.com,세종특별자치시,나우코스
나우IB,293580,293580.KQ,KOSDAQ,기타 금융업,"투자조합, PEF 결성 및 투자",2018-10-04,12월,이승원,http://www.nauib.com,서울특별시,"나우ib, 나우IB"
나이벡,138610,138610.KQ,KOSDAQ,의료용품 및 기타 의약 관련제품 제조업,"치아미백제,치과용 골이식재",2011-07-13,12월,정종평,https://nibec.co.kr,충청북도,나이벡
나이스디앤비,130580,130580.KQ,KOSDAQ,기타 사업지원 서비스업,기업신용조사 보고서,2011-12-22,12월,오규근,http://www.nicednb.com,서울특별시,나이스디앤비
나이스정보통신,36800,036800.KQ,KOSDAQ,전기 통신업,카드 VAN사업,2000-05-03,12월,김승현,http://www.nicevan.co.kr,서울특별시,나이스정보통신
나인테크,267320,267320.KQ,KOSDAQ,특수 목적용 기계 제조업,이차전지 제조 장비,2017-06-22,12월,박근노,http://www.naintec.co.kr,경기도,나인테크
남광토건,1260,001260.KS,KOSPI,토목 건설업,"토목공사,건축공사,기전공사,측량설계시공,용역/철구조물 제조",1976-12-28,12월,"김종수, 이동철(각자대표)",http://www.namkwang.co.kr,경기도,남광토건
남선알미늄,8350,008350.KS,KOSPI,1차 비철금속 제조업,알미늄샷시 제조/환경사업,1978-05-22,12월,"박귀봉, 정순원(각자대표)",http://www.namsun.co.kr,대구광역시,남선알미늄
남성,4270,004270.KS,KOSPI,기타 전문 도매업,"수출입(카오디오)/통신기기 제조,판매/이동통신,유선방송,정보통신/생활필수품,식품 판매/부동산 임대",1989-11-14,12월,윤성호,http://www.namsung.com,서울특별시,남성
남양유업,3920,003920.KS,KOSPI,동·식물성 유지 및 낙농제품 제조업,"시유,조제분유,발효유,이유밀,치즈,프렌치까페 제조,도매",1978-06-24,12월,김승언(대표집행임원),http://www.namyangi.com,서울특별시,남양유업
남해화학,25860,025860.KS,KOSPI,"비료, 농약 및 살균, 살충제 제조업","비료(요소,복합비료),공업제품원료 제조,도매",1995-11-10,12월,김창수,http://www.nhchem.co.kr,서울특별시,남해화학
남화산업,111710,111710.KQ,KOSDAQ,스포츠 서비스업,골프장 서비스,2018-11-29,12월,"최재훈, 최영곤 (공동대표이사)",http://www.muangc.co.kr,전라남도,남화산업
남화토건,91590,091590.KQ,KOSDAQ,건물 건설업,"건축공사, 토목공사",2012-01-31,12월,"최재훈,박윤수",http://www.namhwaconst.co.kr,전라남도,남화토건
내츄럴엔도텍,168330,168330.KQ,KOSDAQ,자연과학 및 공학 연구개발업,"백수오 여성호르몬제, 백수오등복합추출물(원료)",2013-10-31,12월,김희도,http://www.naturalendo.com,경기도,내츄럴엔도텍
네오리진,94860,094860.KQ,KOSDAQ,소프트웨어 개발 및 공급업,네트워크장비공급및인터넷트래픽솔루션,2007-04-16,12월,첸보(Chen Bo),http://www.kornicglory.co.kr,서울특별시,네오리진
네오셈,253590,253590.KQ,KOSDAQ,특수 목적용 기계 제조업,반도체 검사장비,2018-04-04,12월,염동현,http://www.neosem.com,경기도,네오셈
네오오토,212560,212560.KQ,KOSDAQ,자동차 신품 부품 제조업,"피니언 기어, 디프 어셈블리, 대형기어",2015-11-18,12월,"김원일, 김선현(각자대표이사)",http://www.neooto.kr,서울특별시,네오오토
네오위즈,95660,095660.KQ,KOSDAQ,소프트웨어 개발 및 공급업,"피망,스페셜포스",2007-07-02,12월,"김승철, 배태근 (공동대표)",http://www.neowizgames.com,경기도,네오위즈
네오위즈홀딩스,42420,042420.KQ,KOSDAQ,소프트웨어 개발 및 공급업,지주사업,2000-06-27,12월,김상욱,http://www.neowiz.com,경기도,네오위즈홀딩스
네오이뮨텍,950220,950220.KQ,KOSDAQ,자연과학 및 공학 연구개발업,면역항암제,2021-03-16,12월,Luke Yun Suk Oh,http://neoimmunetech.co.kr,미국,네오이뮨텍
네오크레마,311390,311390.KQ,KOSDAQ,기타 식품 제조업,기능성 식품 원료,2019-08-22,12월,"한기수, 이준우 (공동대표이사)",http://www.cremar.co.kr,서울특별시,네오크레마
네오티스,85910,085910.KQ,KOSDAQ,자동차 신품 부품 제조업,"마이크로비트,샤프트",2007-10-01,12월,권상훈,http://www.neotis.co.kr,경기도,네오티스
네오팜,92730,092730.KQ,KOSDAQ,기타 화학제품 제조업,생체기능성(아토피)보습제,2007-01-30,12월,김양수,http://neopharm.co.kr,대전광역시,네오팜
네오펙트,290660,290660.KQ,KOSDAQ,의료용 기기 제조업,라파엘스마트글러브 외,2018-11-28,12월,반호영,http://www.neofect.com,경기도,네오펙트
네온테크,306620,306620.KQ,KOSDAQ,특수 목적용 기계 제조업,기업인수합병,2018-10-31,12월,황성일,http://www.neontech.co.kr,경기도,네온테크
네이블,153460,153460.KQ,KOSDAQ,소프트웨어 개발 및 공급업,"유무선융합 인프라, 클라이언트 및 All-IP 통신보안",2012-07-19,12월,"양건열, 조종화",http://www.nablecomm.com,서울특별시,네이블
네이처셀,7390,007390.KQ,KOSDAQ,기초 의약물질 제조업,닥터쥬크르,1992-11-30,12월,변대중,http://www.naturecell.co.kr,서울특별시,네이처셀
네패스,33640,033640.KQ,KOSDAQ,반도체 제조업,반도체및TFT-LCD용현상액,1999-12-14,12월,"이병구, 이창우(각자 대표이사)",http://www.nepes.co.kr,충청북도,네패스
네패스아크,330860,330860.KQ,KOSDAQ,"그외 기타 전문, 과학 및 기술 서비스업",반도체 테스트 서비스,2020-11-17,12월,"이창우, 이병구(각자 대표이사)",http://www.nepesark.co.kr,충청북도,네패스아크
넥센,5720,005720.KS,KOSPI,고무제품 제조업,"자동차용 재생타이어튜브,솔리드타이어,고무부품,골프볼,와이어로프소재,특수강선,열처리도금선,건자재 제조,판매,수출입",1987-12-19,12월,"강병중, 강호찬, 문성희",http://www.nexencorp.co.kr,경상남도,넥센
넥센타이어,2350,002350.KS,KOSPI,고무제품 제조업,"타이어,후랩,고무제타이어(승용자동차용,래디알구조) 제조",1976-05-19,12월,대표이사 회 장 강병중 대표이사 부회장 강호찬 대표이사 사 장 김현석,http://www.nexentire.com,경상남도,넥센타이어
넥스턴바이오,89140,089140.KQ,KOSDAQ,특수 목적용 기계 제조업,CNC자동선반,2006-11-01,12월,이주한,http://www.nexturn.co.kr,경기도,넥스턴바이오
넥스트바이오메디컬,389650,389650.KQ,KOSDAQ,의료용 기기 제조업,"내시경용 지혈재, 혈관색전 미립구",2024-08-20,12월,이돈행,http://www.nextbiomedical.co.kr,인천광역시,넥스트바이오메디컬
넥스트아이,137940,137940.KQ,KOSDAQ,"측정, 시험, 항해, 제어 및 기타 정밀기기 제조업; 광학기기 제외","LCD 편광필름 검사장비, BLU 검사장비 등",2011-06-14,12월,진광(Chen Guang),https://www.nexteye.com,경기도,넥스트아이
넥스트칩,396270,396270.KQ,KOSDAQ,반도체 제조업,"차량 및 자율주행차용 비메모리 반도체(ISP, AHD, ADAS/AD)",2022-07-01,12월,김경수,http://www.nextchip.com,경기도,넥스트칩
넥스틴,348210,348210.KQ,KOSDAQ GLOBAL,특수 목적용 기계 제조업,반도체 전공정용 패턴결함 검사장비(AEGIS 등),2020-10-08,12월,박태훈,http://nextinsol.com,경기도,넥스틴
넥스틸,92790,092790.KS,KOSPI,1차 철강 제조업,"OCTG Pipe, Line Pipe, Standard Pipe, 일반관",2023-08-21,12월,홍성만,http://www.nexteel.co.kr,경상북도,넥스틸
넥슨게임즈,225570,225570.KQ,KOSDAQ,소프트웨어 개발 및 공급업,온라인 및 모바일 게임,2015-09-25,12월,박용현,http://nexongames.co.kr,서울특별시,넥슨게임즈
넥써쓰,205500,205500.KQ,KOSDAQ,소프트웨어 개발 및 공급업,모바일게임,2014-11-12,12월,장현국,http://www.action2quare.com,서울특별시,넥써쓰
넵튠,217270,217270.KQ,KOSDAQ,소프트웨어 개발 및 공급업,모바일게임,2015-06-18,12월,"정욱, 강율빈(각자 대표이사)",http://www.neptunegames.co.kr,서울특별시,넵튠
넷마블,251270,251270.KS,KOSPI,소프트웨어 개발 및 공급업,온라인·모바일 게임 소프트웨어 개발 및 공급,2017-05-12,12월,김병규,http://company.netmarble.com,서울특별시,넷마블
노드메이슨,317860,317860.KQ,KONEX,기타 화학제품 제조업,헉슬리/Huxley 화장품(스킨케어 스페셜/스킨케어베이직),2019-12-06,12월,구자풍,http://www.huxley.co.kr,서울특별시,노드메이슨
노랑풍선,104620,104620.KQ,KOSDAQ,여행사 및 기타 여행보조 서비스업,"국내외여행 알선, 항공권 판매",2019-01-30,12월,김진국,http://www.ybtour.com,서울특별시,노랑풍선
노루페인트,90350,090350.KS,KOSPI,기타 화학제품 제조업,페인트 제조,2006-07-03,12월,이수민,http://www.noroopaint.com,경기도,노루페인트
노루홀딩스,320,000320.KS,KOSPI,기타 금융업,지주사업,1973-08-10,12월,"한영재,김용기",http://www.norooholdings.co.kr,경기도,노루홀딩스
노머스,473980,473980.KQ,KOSDAQ,창작 및 예술관련 서비스업,"공연기획 및 MD, Fromm 플랫폼",2024-11-12,12월,김영준,http://knowmerce.com,서울특별시,노머스
노바렉스,194700,194700.KQ,KOSDAQ,기타 식품 제조업,건강기능식품 제조,2018-11-14,12월,권석형,http://www.novarex.co.kr,충청북도,노바렉스
노바텍,285490,285490.KQ,KOSDAQ,그외 기타 제품 제조업,"Magnet, Shield Magnet, 심재",2018-11-02,12월,오춘택,http://www.mynovatech.com,경기도,노바텍
노보믹스,283100,283100.KQ,KONEX,자연과학 및 공학 연구개발업,위암 예후예측 진단키트,2023-04-19,12월,허용민,http://novomics.com,서울특별시,노보믹스
노브랜드,145170,145170.KQ,KOSDAQ,편조의복 제조업,"Knit, Woven 의류",2024-05-23,12월,김기홍,http://www.nobland.com,서울특별시,노브랜드
노브메타파마,229500,229500.KQ,KONEX,자연과학 및 공학 연구개발업,대사질환 신약 개발 및 건강기능식픔,2015-10-28,12월,"황선욱, 정회윤 (각자 대표)",http://www.novmeta.com,서울특별시,노브메타파마
노블엠앤비,106520,106520.KQ,KOSDAQ,사진장비 및 광학기기 제조업,차량용 카메라렌즈 및 프로젝션광학모듈렌즈,2012-07-13,12월,신봉석,http://www.noblemnb.co.kr,경기도,노블엠앤비
노을,376930,376930.KQ,KOSDAQ,의료용 기기 제조업,융복합 체외진단 플랫폼,2022-03-03,12월,임찬양(단독 대표이사),http://noul.com,경기도,노을
녹십자,6280,006280.KS,KOSPI,의약품 제조업,"알부민외 제조,판매",1989-08-01,12월,허은철,http://www.gccorp.com,경기도,녹십자
녹십자엠에스,142280,142280.KQ,KOSDAQ,의료용품 및 기타 의약 관련제품 제조업,"혈액백, 진단시약, 혈액투석액",2014-12-17,12월,김연근,http://www.greencrossms.com,경기도,녹십자엠에스
녹십자웰빙,234690,234690.KQ,KOSDAQ,의약품 제조업,"전문의약품, 건강기능식품",2019-10-14,12월,김상현,http://www.greencrosswb.com,서울특별시,녹십자웰빙
녹십자홀딩스,5250,005250.KS,KOSPI,회사 본부 및 경영 컨설팅 서비스업,"알부민,유로키나제,간염백신,유행성출혈열백신 제조",1978-08-28,12월,"허일섭, 허용준",http://www.gccorp.com,경기도,녹십자홀딩스
농심,4370,004370.KS,KOSPI,기타 식품 제조업,"라면,스낵,유지 제조,도매,수출입",1976-06-30,12월,이병학,http://www.nongshim.com,서울특별시,농심
농심홀딩스,72710,072710.KS,KOSPI,기타 금융업,"지주회사,투자자문,경영컨설팅 서비스",2003-07-30,12월,박준,http://www.nongshimholdings.com,서울특별시,농심홀딩스
농우바이오,54050,054050.KQ,KOSDAQ,작물 재배업,"고추, 수박, 참외(메론), 오이, 호박, 무, 배추 등",2002-04-02,12월,양현구,http://www.nongwoobio.co.kr,경기도,농우바이오
누리플랜,69140,069140.KQ,KOSDAQ,"구조용 금속제품, 탱크 및 증기발생기 제조업","경관조명, 경관시설",2010-10-26,12월,이형기,http://www.nuriplan.com,경기도,누리플랜
누리플렉스,40160,040160.KQ,KOSDAQ,소프트웨어 개발 및 공급업,"지능형검침인프라(AMI),에너지관리시스템, 플랫폼 SW",2000-08-29,12월,한정훈,http://www.nuriflex.co.kr,서울특별시,누리플렉스
누보,332290,332290.KQ,KOSDAQ,"비료, 농약 및 살균, 살충제 제조업",기업 인수 및 합병,2019-10-11,12월,"김창균, 이경원",http://www.nousbo.com,경기도,누보
뉴로메카,348340,348340.KQ,KOSDAQ,특수 목적용 기계 제조업,"협동로봇, 협동로봇 자동화 플랫폼, 로봇제어기 등",2022-11-04,12월,박종훈,http://www.neuromeka.com,서울특별시,뉴로메카
뉴보텍,60260,060260.KQ,KOSDAQ,플라스틱제품 제조업,"고강성 PVC DC, HDPE 등",2002-02-05,12월,황문기,http://www.nuvotec.co.kr,강원특별자치도,뉴보텍
뉴온,123840,123840.KQ,KOSDAQ,특수 목적용 기계 제조업,진공장비,2010-10-05,12월,"이청균, 최봉근",http://www.vacuum-coater.com,인천광역시,뉴온
뉴인텍,12340,012340.KQ,KOSDAQ,자동차 신품 부품 제조업,친환경 차량용 커패시터,1997-02-12,12월,장기수,http://www.nuin.co.kr,충청남도,뉴인텍
뉴트리,270870,270870.KQ,KOSDAQ,기타 식품 제조업,"에버콜라겐, 지노마스터 등",2018-12-13,12월,김도언,http://www.newtree.co.kr,서울특별시,뉴트리
뉴파워프라즈마,144960,144960.KQ,KOSDAQ,특수 목적용 기계 제조업,플라즈마 세정기(Remote Plasma Cleaning Generator),2016-11-30,12월,양재영,http://newpower.co.kr,경기도,뉴파워프라즈마
뉴프렉스,85670,085670.KQ,KOSDAQ,전자부품 제조업,연성인쇄회로기판,2006-01-17,12월,"임우현, 임시연 (각자대표)",http://www.newflex.co.kr,경기도,뉴프렉스
다날,64260,064260.KQ,KOSDAQ,소프트웨어 개발 및 공급업,모바일콘텐츠 및 유무선전화결제,2004-07-23,12월,백현숙,http://www.danal.co.kr,경기도,다날
다보링크,340360,340360.KQ,KOSDAQ,통신 및 방송 장비 제조업,"AP, APController 외",2019-12-19,12월,임상현,http://www.davolink.co.kr,경기도,다보링크
다산네트웍스,39560,039560.KQ,KOSDAQ,통신 및 방송 장비 제조업,네트워크 통신장비,2000-06-22,12월,남민우,http://www.dasannetworks.com,경기도,다산네트웍스
다산솔루에타,154040,154040.KQ,KOSDAQ,전자부품 제조업,전자파 차폐소재,2013-12-27,12월,안상헌,http://www.solueta.com,경기도,다산솔루에타
다스코,58730,058730.KS,KOSPI,"구조용 금속제품, 탱크 및 증기발생기 제조업","데크플레이트,도로안전시설물(가드레일,강재방호책),건축용단열재보드(경질우레탄보드),신재생에너지사업",2004-08-02,12월,"한상원, 한남철",http://www.dasco.kr,전라남도,다스코
다올투자증권,30210,030210.KS,KOSPI,금융 지원 서비스업,"금융업, 서비스, 부동산",1996-11-19,12월,"이병철, 황준호 (각자 대표이사)",http://www.daolsecurities.com,서울특별시,다올투자증권
다우기술,23590,023590.KS,KOSPI,"자료처리, 호스팅, 포털 및 기타 인터넷 정보매개 서비스업","인터넷솔루션 개발,도매,IT컨설팅,시스템 설계,자문,인터넷관련서비스/부동산분양,개발,임대",1997-08-27,12월,김윤덕,http://www.daou.co.kr,경기도,다우기술
다우데이타,32190,032190.KQ,KOSDAQ,기계장비 및 관련 물품 도매업,"Autodesk 제품군 및 보안, 백신 소프트웨어 등",1999-12-21,12월,김상준,http://www.daoudata.co.kr,서울특별시,다우데이타
다원넥스뷰,323350,323350.KQ,KOSDAQ,사진장비 및 광학기기 제조업,LSMB(Laser Micro Bonding System),2024-06-11,12월,남기중,http://www.nexview.co.kr,경기도,다원넥스뷰
다원시스,68240,068240.KQ,KOSDAQ,"전동기, 발전기 및 전기 변환 · 공급 · 제어 장치 제조업","핵융합 전원장치, 플라즈마 전원장치, 태양광 CVD 전원장치, 산업용 특수정류기",2010-09-14,12월,박선순,http://www.dawonsys.com,경기도,다원시스
다이나믹디자인,145210,145210.KS,KOSPI,특수 목적용 기계 제조업,"타이어 금형, 타이어 제조설비",2015-03-19,12월,황 응 연,http://www.saehwaimc.com,광주광역시,다이나믹디자인
닷밀,464580,464580.KQ,KOSDAQ,"영화, 비디오물, 방송프로그램 제작 및 배급업","실감미디어 콘텐츠 및 시설 구축, 전시 및 테마파크 운영",2024-11-13,12월,정해운,https://dot-mill.com,서울특별시,닷밀
대교,19680,019680.KS,KOSPI,초등 교육기관,"학습지,참고서 출판/건설업/종합유선방송 프로그램공급,디지털학원",2004-02-03,12월,강호준,http://www.daekyo.co.kr,서울특별시,대교
대구백화점,6370,006370.KS,KOSPI,종합 소매업,"백화점운영,임대사업(백화점 코너)",1988-10-10,12월,구정모,http://www.debec.co.kr,대구광역시,대구백화점
대덕,8060,008060.KS,KOSPI,기타 금융업,"산업용 인쇄회로기판,다층 인쇄회로기판,빌드업기판,반도체패키지기판,메모리모듈기판 제조",1989-01-26,12월,김영재,http://www.daeduckholdings.com,경기도,대덕
대덕전자,353200,353200.KS,KOSPI,전자부품 제조업,"PCB(Printed Circuit Board, 인쇄회로기판)의 제조 및 판매",2020-05-21,12월,신영환,http://www.daeduck.com,경기도,대덕전자
대동,490,000490.KS,KOSPI,특수 목적용 기계 제조업,"경운기,트랙터,이앙기,바인더,수확기(콤바인),농업용엔진 및 부품 제조,판매",1975-06-27,12월,"김준식, 원유현",http://www.daedong.co.kr,대구광역시,대동
대동고려삼,178600,178600.KQ,KONEX,기타 식품 제조업,"인삼식품(홍삼진액, 홍삼정)",2013-12-20,06월,최 성 근,http://www.ddkorea.co.kr,충청남도,대동고려삼
대동금속,20400,020400.KQ,KOSDAQ,금속 주조업,"농기계 주문제품 및 상용차 실린더 헤드, 경승용차 실린더 브록 외",1993-07-30,12월,"이풍우, 김준식",http://www.daedongmetals.co.kr,대구광역시,대동금속
대동기어,8830,008830.KQ,KOSDAQ,특수 목적용 기계 제조업,"기어, 베벨기어, 축, 엑셀, T/M, 유성감속기, 기타조립품",1991-05-17,12월,"서종환, 김준식",http://www.daedonggear.com,경상남도,대동기어
대동스틸,48470,048470.KQ,KOSDAQ,기타 전문 도매업,"열연박판, 후판, 무늬강판 외",2002-01-10,12월,임형기 임주희(각자대표이사),http://WWW.DAEDONGSTEEL.CO.KR,인천광역시,대동스틸
대동전자,8110,008110.KS,KOSPI,통신 및 방송 장비 제조업,"통신음향,전자기계기구용 플라스틱제품 제조,도매",1990-06-05,03월,김명성,http://www.daidong.com,서울특별시,대동전자
대륙제관,4780,004780.KQ,KOSDAQ,기타 금속 가공제품 제조업,휴대용부탄가스 및 금속포장용기,1994-12-29,12월,"박봉국, 박봉준 (각자대표이사)",http://www.drcc.co.kr,서울특별시,대륙제관
대림바스,5750,005750.KS,KOSPI,"내화, 비내화 요업제품 제조업","위생도기,내장타일,조립식욕실제품 제조,판매/부동산 임대",1992-12-23,12월,강태식,http://www.daelimbnco.com,경상남도,대림바스
대림제지,17650,017650.KQ,KOSDAQ,기타 종이 및 판지 제품 제조업,골판지원지,1994-11-07,12월,류 창 승,http://www.daelimpaper.co.kr,경기도,대림제지
대림통상,6570,006570.KS,KOSPI,기타 금속 가공제품 제조업,"수전금구,비데,위생도기,샤워부스,타일,양식기,무역",1975-11-20,12월,"고은희, 손병국",http://www.dlt.co.kr,서울특별시,대림통상
대명소노시즌,7720,007720.KQ,KOSDAQ,상품 종합 도매업,기업소모성자재 구매대행업,1994-01-06,12월,권광수,http://sonoseason.com,강원특별자치도,대명소노시즌
대명에너지,389260,389260.KQ,KOSDAQ,건물 건설업,신재생에너지 발전 공사 및 용역,2022-05-16,12월,서종현,http://www.daemyoung-eng.com,서울특별시,대명에너지
대모,317850,317850.KQ,KOSDAQ,특수 목적용 기계 제조업,"유압브레이커, 특수장비/부품, 퀵커플러 등",2019-07-24,12월,이원해,http://www.daemo.co.kr,경기도,대모
대보마그네틱,290670,290670.KQ,KOSDAQ,기타 전기장비 제조업,"전자석탈철기, 자력선별기",2018-11-06,12월,이준각,http://www.daebo.com,경기도,대보마그네틱
대봉엘에스,78140,078140.KQ,KOSDAQ,의약품 제조업,"원료의약품,화장품원료",2005-12-23,12월,"박종호, 박진오",http://www.daebongls.co.kr,인천광역시,대봉엘에스
대산F&B,65150,065150.KQ,KOSDAQ,음·식료품 및 담배 도매업,"외식프랜차이즈사업,육류가공,식자재유통등",2007-07-18,12월,김상욱,http://daesanfnb.co.kr,대전광역시,"대산f&b, 대산F&B"
대상,1680,001680.KS,KOSPI,기타 식품 제조업,"전분,라이신,물엿,과당,포도당,MSG및 사료,조미료,항생제,핵산,커피 제조,도매/토목공사,건축공사",1970-04-01,12월,임정배,http://www.daesang.co.kr,서울특별시,대상
대상홀딩스,84690,084690.KS,KOSPI,기타 금융업,지주회사,2005-08-17,12월,"임창욱, 최성수 각자대표이사",https://www.daesangholdings.com,서울특별시,대상홀딩스
대성미생물,36480,036480.KQ,KOSDAQ,의약품 제조업,"동물용 의약품, 미생물제재",2000-04-04,12월,"이동규, 이훈구 (각자대표)",http://www.dsmbio.com,경기도,대성미생물
대성산업,128820,128820.KS,KOSPI,연료 소매업,"주요소운영,기계판매 등",2010-07-30,12월,"김영대,이은우(공동대표)",http://www.daesung.co.kr,서울특별시,대성산업
대성에너지,117580,117580.KS,KOSPI,연료용 가스 제조 및 배관공급업,천연가스,2010-12-24,12월,대표이사 김영훈 대표이사 박문희,http://www.daesungenergy.com,대구광역시,대성에너지
대성창투,27830,027830.KQ,KOSDAQ,신탁업 및 집합투자업,투자서비스,1999-11-30,12월,김영훈,http://www.daesungpe.com,서울특별시,대성창투
대성파인텍,104040,104040.KQ,KOSDAQ,자동차 신품 부품 제조업,"자동차부품(시트,도어) 제조",2009-01-23,12월,김병준,http://www.dsfinetec.com,경상남도,대성파인텍
대성하이텍,129920,129920.KQ,KOSDAQ,특수 목적용 기계 제조업,"정밀부품, 스위스턴 자동선반, 컴팩트 머시닝센터",2022-08-22,12월,"최우각, 최호형",http:///www.topdsht.com,대구광역시,대성하이텍
대성홀딩스,16710,016710.KS,KOSPI,회사 본부 및 경영 컨설팅 서비스업,"도시가스,일반가스 공급/가스기기,차량용 연료 판매/해외자원개발,부동산 임대",1999-12-22,12월,대표이사 김영훈 대표이사 김정주,http://www.daesung-holdings.com,대구광역시,대성홀딩스
대신밸런스제14호스팩,442310,442310.KQ,KOSDAQ,금융 지원 서비스업,금융 지원 서비스업,2022-12-05,12월,박규상,,서울특별시,대신밸런스제14호스팩
대신밸런스제15호스팩,457390,457390.KQ,KOSDAQ,금융 지원 서비스업,금융 지원 서비스업,2023-08-30,12월,신진호,,서울특별시,대신밸런스제15호스팩
대신밸런스제16호스팩,457630,457630.KQ,KOSDAQ,금융 지원 서비스업,기타 금융서비스업,2023-09-04,12월,정재중,,서울특별시,대신밸런스제16호스팩
대신밸런스제17호스팩,471050,471050.KQ,KOSDAQ,금융 지원 서비스업,금융 지원 서비스업,2024-01-24,12월,이문수,,서울특별시,대신밸런스제17호스팩
대신밸런스제18호스팩,478780,478780.KQ,KOSDAQ,금융 지원 서비스업,금융 지원 서비스업,2024-08-22,12월,문병식,,서울특별시,대신밸런스제18호스팩
대신밸런스제19호스팩,482690,482690.KQ,KOSDAQ,금융 지원 서비스업,기업 인수 및 합병,2024-11-20,12월,임병완,,서울특별시,대신밸런스제19호스팩
대신정보통신,20180,020180.KQ,KOSDAQ,"컴퓨터 프로그래밍, 시스템 통합 및 관리업","디지털서비스, SI서비스, 산업용 PDA",1995-10-06,03월,"이재원, 최현택 (각자 대표이사)",http://www.dsic.co.kr,광주광역시,대신정보통신
대신증권,3540,003540.KS,KOSPI,금융 지원 서비스업,"유가증권 위탁매매,인수주선,자기매매 기타 금융서비스",1975-10-01,12월,오익근,http://www.daishin.com,서울특별시,대신증권
대아티아이,45390,045390.KQ,KOSDAQ,기타 전기장비 제조업,"EDMS(Enterprise Document Management System)-전사적문서관리시스템,KMS-지식경영시스템",2001-05-17,12월,정태운,http://www.daeati.co.kr,경기도,대아티아이
대양금속,9190,009190.KS,KOSPI,1차 철강 제조업,스테인레스 냉연강판 제조,1994-04-29,12월,정지수,http://www.daiyangmetal.co.kr,충청남도,대양금속
대양전기공업,108380,108380.KQ,KOSDAQ,선박 및 보트 건조업,"해상용 조명등기구, (함정용)전자시스템, 배전반류 등",2011-07-08,12월,서영우,http://daeyang.co.kr,부산광역시,대양전기공업
대영포장,14160,014160.KS,KOSPI,"골판지, 종이 상자 및 종이용기 제조업","골판지원단,골판지상자 제조",1990-03-06,12월,"강병은,손용수",http://www.dypc.co.kr,경기도,대영포장
대우건설,47040,047040.KS,KOSPI,건물 건설업,"아파트건설,토목공사,건축공사,포장공사,전기공사,무역/중장비 대여",2001-03-23,12월,김보현,http://daewooenc.com,서울특별시,대우건설
대웅,3090,003090.KS,KOSPI,의약품 제조업,"지주회사/의약품,화공약품,농예약품,위생용품,의료용구,식품,전기전자기구,부품 제조,판매",1973-06-26,12월,윤재춘,http://www.daewoong.com,경기도,대웅
대웅제약,69620,069620.KS,KOSPI,의약품 제조업,"양약,의료기기 제조/화장품,의약부의품 도소매/부동산 임대",2002-11-01,12월,"이창재, 박성수",http://www.daewoong.co.kr,경기도,대웅제약
대원,7680,007680.KQ,KOSDAQ,건물 건설업,아파트 시행 및 시공,2017-12-01,12월,"전응식, 김두식(각자 대표이사)",http://www.daewon.co.kr,충청북도,대원
대원강업,430,000430.KS,KOSPI,자동차 신품 부품 제조업,차랑용 스프링 및 시트,1977-06-22,12월,"박민희, 김항수",http://www.dwku.com,충청남도,대원강업
대원미디어,48910,048910.KQ,KOSDAQ,기타 전문 도매업,"캐릭터 사업, 만화영화 제작",2001-07-31,12월,"정욱, 정동훈",http://daewonmedia.com,서울특별시,대원미디어
대원산업,5710,005710.KQ,KOSDAQ,자동차 신품 부품 제조업,자동차시트,1993-06-21,12월,"허재건, 허재명, 김재덕",http://www.dwsu.co.kr,경기도,대원산업
대원전선,6340,006340.KS,KOSPI,절연선 및 케이블 제조업,"전선,통신케이블,무선통신장비,합성수지 제조,도매/부동산 매매,임대",1988-05-04,12월,서명환,http://www.daewoncable.co.kr,충청남도,대원전선
대원제약,3220,003220.KS,KOSPI,의약품 제조업,"의약품(해열소염진통제,진해거담제,동맥경화용제,혈압강하제 등), 건강기능식품(프로바이오틱스 등)",1999-12-15,12월,"백승열, BAEK JONATHAN IN",http://www.daewonpharm.com,서울특별시,대원제약
대원화성,24890,024890.KS,KOSPI,플라스틱제품 제조업,"합성피혁,벽지,DMF(폐용수)정제,방수투습원단,화공약 임가공,제조,도매,수출입",1997-10-28,12월,강동엽,http://www.daewon21.co.kr,서울특별시,대원화성
대유,290380,290380.KQ,KOSDAQ,"비료, 농약 및 살균, 살충제 제조업","4종복합비료, 농약",2018-08-10,12월,이법종,http://www.dae-yu.co.kr,서울특별시,대유
대유에이텍,2880,002880.KS,KOSPI,자동차 신품 부품 제조업,자동차부품(자동차용 시트)제조,1977-02-18,12월,임근호,http://www.dayouat.co.kr,광주광역시,대유에이텍
대정화금,120240,120240.KQ,KOSDAQ,기초 화학물질 제조업,"시약, 원료의약품",2010-12-20,12월,송영준,http://www.daejung.kr,경기도,대정화금
대주산업,3310,003310.KQ,KOSDAQ,동물용 사료 및 조제식품 제조업,배합사료,1992-08-01,12월,정석원,http://www.daejooinc.com,서울특별시,대주산업
대주이엔티,114920,114920.KQ,KONEX,1차 철강 제조업,"이중보온관, 엘리베이터 가이드 레일",2013-07-01,12월,"황광수, 박주봉",http://www.daejooent.co.kr,인천광역시,대주이엔티
대주전자재료,78600,078600.KQ,KOSDAQ,전자부품 제조업,"전도성페이스트,태양전지 페이스트,고분자재료,PIG,이차전지용음극재료",2004-12-10,12월,"임일지,임중규(각자대표)",http://www.daejoo.co.kr,경기도,대주전자재료
대진첨단소재,393970,393970.KQ,KOSDAQ,플라스틱제품 제조업,"이차전지 공정용 대전방지트레이, 대전방지코팅액, 이차전지용 PET이형필름",2025-03-06,12월,"유성준, 장현주",http://daejin2019.com,서울특별시,대진첨단소재
대창,12800,012800.KS,KOSPI,1차 비철금속 제조업,"황동봉,동합금괴 제조,판매",1989-12-05,12월,"조시영, 김옥열",http://www.brassone.com,경기도,대창
대창단조,15230,015230.KS,KOSPI,자동차 신품 부품 제조업,"자동차,중장비 부품(크랭크샤프트,트랙링크조립체,커넥팅로드,중장비롤러류),기어,동력전달장치,단조가공품,단조품 제조",1989-07-25,12월,박권일,http://www.dcf.co.kr,경상남도,대창단조
대창솔루션,96350,096350.KQ,KOSDAQ,"구조용 금속제품, 탱크 및 증기발생기 제조업",내연기관구조재(선박엔진용MBS),2007-12-17,12월,"김대성, 이창수 (공동 대표이사)",http://www.dsol.co.kr,부산광역시,대창솔루션
대창스틸,140520,140520.KQ,KOSDAQ,1차 철강 제조업,"냉연강판, 이중바닥재",2014-12-05,12월,"문창복, 문경석",http://www.dcsteel.com,인천광역시,대창스틸
대한과학,131220,131220.KQ,KOSDAQ,기계장비 및 관련 물품 도매업,"의료, 정밀 및 연구실험기기 제조 및 유통",2011-10-11,12월,서현정,http://www.daihansci.co.kr,강원특별자치도,대한과학
대한광통신,10170,010170.KQ,KOSDAQ,절연선 및 케이블 제조업,광섬유,1994-11-07,12월,"설윤석, 박민수(각자대표)",http://www.taihanfiber.com,경기도,대한광통신
대한뉴팜,54670,054670.KQ,KOSDAQ,의약품 제조업,"동물약품,인체약품",2002-02-26,12월,이원석,http://www.dhnp.co.kr,경기도,대한뉴팜
대한방직,1070,001070.KS,KOSPI,직물직조 및 직물제품 제조업,"면사,화섬사,면직물 제조,판매,건설",1973-12-28,12월,"설 범, 김 인호",http://www.thtc.co.kr,서울특별시,대한방직
대한약품,23910,023910.KQ,KOSDAQ,의약품 제조업,수액제,1994-11-23,12월,이승영,http://www.daihan.com,서울특별시,대한약품
대한유화,6650,006650.KS,KOSPI,기초 화학물질 제조업,"폴리프로필렌,고밀도폴리에틸렌,나프타분해유분,올레핀류,혼합C4류,분해가솔린 제조",1999-08-11,12월,강길순,http://www.kpic.co.kr,서울특별시,대한유화
대한전선,1440,001440.KS,KOSPI,절연선 및 케이블 제조업,"전력선,통신케이블,적산계기,스텐레스압연제품,광케이블,초고압선,알루미늄 제조,도매/전기공사",1968-12-27,12월,송종민,http://www.taihan.com,경기도,대한전선
대한제강,84010,084010.KS,KOSPI,1차 철강 제조업,"제강,철재,철근,환봉,마환봉,빌레트 제조",2005-10-31,12월,이경백,http://www.idaehan.com,부산광역시,대한제강
대한제당,1790,001790.KS,KOSPI,"곡물가공품, 전분 및 전분제품 제조업","제당,가축용 배합사료,설탕,기능성감미료(자일로올리고당),외식산 제조,도소매/부동산 임대",1968-12-27,12월,강승우,http://www.ts.co.kr,인천광역시,대한제당
대한제분,1130,001130.KS,KOSPI,"곡물가공품, 전분 및 전분제품 제조업","소맥분,토코밀,프리믹스,밀가루조제품,제분부산물 제조/파스타 수입,판매",1970-11-25,12월,"이건영, 송인석",http://www.dhflour.co.kr,서울특별시,대한제분
대한항공,3490,003490.KS,KOSPI,항공 여객 운송업,"여객운송,화물운송,항공기 제조,판매,정비수리/기내식 제조판매,면세품 판매",1966-03-18,12월,"조원태, 우기홍",http://www.koreanair.com,서울특별시,대한항공
대한해운,5880,005880.KS,KOSPI,해상 운송업,"외항화물운송,국제해운대리점",1992-04-23,12월,한수한,http://www.korealines.co.kr,서울특별시,대한해운
대한화섬,3830,003830.KS,KOSPI,화학섬유 제조업,"화학섬유원사(FY,PTY,S.FIBER)제조",1985-12-23,12월,"오용근, 김대정(공동 대표이사)",http://www.daehansf.co.kr,서울특별시,대한화섬
대현,16090,016090.KS,KOSPI,봉제의복 제조업,"여성의류 및 악세사리류 제조,도매,유통(백화점)",1990-09-20,12월,신윤황,http://www.daehyun.co.kr,서울특별시,대현
대호에이엘,69460,069460.KS,KOSPI,1차 비철금속 제조업,"알루미늄 환절판 제조,도매,무역",2002-11-11,12월,김영대,http://www.daeho-al.com,대구광역시,대호에이엘
대호특수강,21040,021040.KQ,KOSDAQ,1차 철강 제조업,냉간압조용선재,1996-08-27,12월,강근욱,http://www.dhstl.co.kr,충청북도,대호특수강
대화제약,67080,067080.KQ,KOSDAQ,의약품 제조업,"후로스판, 세파메칠 등",2003-02-14,12월,김은석(단독대표),http://www.dhpharm.co.kr,강원특별자치도,대화제약
더네이쳐홀딩스,298540,298540.KQ,KOSDAQ,의복 액세서리 제조업,"의류, 여행용 가방 및 잡화류",2020-07-27,12월,박영준,http://www.thenatureholdings.co.kr,서울특별시,더네이쳐홀딩스
더라미,32860,032860.KQ,KOSDAQ,"해체, 선별 및 원료 재생업","화장품, 철스크랩",1997-07-04,12월,조윤성,http://www.thelamy.com,경기도,더라미
더본코리아,475560,475560.KS,KOSPI,상품 종합 도매업,프랜차이즈,2024-11-06,12월,"백종원, 강석원",http://www.theborn.co.kr,서울특별시,더본코리아
더블유게임즈,192080,192080.KS,KOSPI,소프트웨어 개발 및 공급업,모바일게임,2019-03-12,12월,김가람,http://www.doubleugames.com,서울특별시,더블유게임즈
더블유씨피,393890,393890.KQ,KOSDAQ GLOBAL,일차전지 및 이차전지 제조업,이차전지용 분리막,2022-09-30,12월,최원근,https://wcp.kr,충청북도,더블유씨피
더블유에스아이,299170,299170.KQ,KOSDAQ,생활용품 도매업,기업인수합병,2018-09-21,12월,이윤석,https://wsi-healthcare.com,서울특별시,더블유에스아이
더존비즈온,12510,012510.KS,KOSPI,"컴퓨터 프로그래밍, 시스템 통합 및 관리업",응용 소프트웨어 개발 및 공급업,1988-10-28,12월,김용우,http://www.douzone.com,강원특별자치도,더존비즈온
더즌,462860,462860.KQ,KOSDAQ,전기 통신업,디지털뱅킹 솔루션(B2B 금융 서비스),2025-03-24,12월,조철한,http://www.dozn.co.kr,서울특별시,더즌
더코디,224060,224060.KQ,KOSDAQ,특수 목적용 기계 제조업,"반도체 및 평판디스플레이 제조용 장비(IRIS, LOZIX, HP/CP)",2015-12-29,12월,최현준,http://www.thecodi.kr,충청남도,더코디
더콘텐츠온,302920,302920.KQ,KONEX,"영화, 비디오물, 방송프로그램 제작 및 배급업","영화제작, 투자, 배급 및 영화디지털배급",2018-08-13,12월,김상윤,http://www.tcokr.com,서울특별시,더콘텐츠온
더테크놀로지,43090,043090.KQ,KOSDAQ,기타 전문 도매업,"바이오리엑터(Bioreactor, 생물반응기)",2001-10-11,12월,장윤식,http://www.the-tech.kr,서울특별시,더테크놀로지
덕산네오룩스,213420,213420.KQ,KOSDAQ GLOBAL,전자부품 제조업,"HTL(정공수송층), HIL(정공주입층), RED HOST",2015-02-06,12월,"이수훈,이범성(공동대표이사)",http://www.dsneolux.co.kr,충청남도,덕산네오룩스
덕산테코피아,317330,317330.KQ,KOSDAQ,기타 화학제품 제조업,"OLED 소재, 반도체 소재",2019-08-02,12월,이수완,http://dstp.co.kr,충청남도,덕산테코피아
덕산하이메탈,77360,077360.KQ,KOSDAQ,반도체 제조업,솔더볼(Solderball),2005-10-14,12월,"이수훈, 김태수 (공동대표이사)",http://www.dshm.co.kr,울산광역시,덕산하이메탈
덕성,4830,004830.KS,KOSPI,플라스틱제품 제조업,"플라스틱레쟈,합성수지,합성피혁 제조,도매",1987-09-25,12월,"이봉근, 김성진 (각자대표이사)",http://www.duksung21.com,경기도,덕성
덕신이피씨,90410,090410.KQ,KOSDAQ,"구조용 금속제품, 탱크 및 증기발생기 제조업",일체형 데크플레이트 등,2014-08-01,12월,유희성,http://www.dukshinepc.com,충청남도,덕신이피씨
덕양산업,24900,024900.KS,KOSPI,자동차 신품 부품 제조업,"자동차부품(CRASH PAD,TRIM PANEL) 제조,판매",1997-06-23,12월,"윤성희, 정홍규, 문경호",http://www.duckyang.co.kr,울산광역시,덕양산업
덕우전자,263600,263600.KQ,KOSDAQ,전자부품 제조업,카메라 모듈 부품,2017-08-28,12월,이준용,http://www.derkwoo.com,경상북도,덕우전자
데브시스터즈,194480,194480.KQ,KOSDAQ,소프트웨어 개발 및 공급업,모바일 게임,2014-10-06,12월,조길현,http://www.devsisters.com,서울특별시,데브시스터즈
데이원컴퍼니,373160,373160.KQ,KOSDAQ,기타 교육기관,성인대상 교육서비스,2025-01-24,12월,이강민,http://day1company.co.kr,서울특별시,데이원컴퍼니
데이타솔루션,263800,263800.KQ,KOSDAQ,기계장비 및 관련 물품 도매업,"EMC스토리지, SPSS, SI",2017-08-03,12월,"배복태, 정교중",http://www.datasolution.kr,서울특별시,데이타솔루션
데이터스트림즈,199150,199150.KQ,KONEX,소프트웨어 개발 및 공급업,TeraStream,2014-06-25,12월,이영상,http://www.datastreams.co.kr,서울특별시,데이터스트림즈
덱스터,206560,206560.KQ,KOSDAQ,"영화, 비디오물, 방송프로그램 제작 및 배급업","시각효과(Visual Effect, VFX)",2015-12-22,12월,"김욱, 강종익",http://www.dexterstudios.com,서울특별시,덱스터
덴티스,261200,261200.KQ,KOSDAQ,의료용 기기 제조업,임플란트외,2017-06-26,12월,심기봉,http://www.dentis.co.kr,대구광역시,덴티스
덴티움,145720,145720.KS,KOSPI,의료용 기기 제조업,치과용 기기 제조업,2017-03-15,12월,"서승우, 윤병호",http://www.dentium.co.kr,경기도,덴티움
도부,227420,227420.KQ,KONEX,기타 전문 도매업,"산업용 마스크 제조, 화재대피용 마스크",2016-12-28,12월,김일순,http://dobu.co.kr,경기도,도부
도이치모터스,67990,067990.KQ,KOSDAQ,자동차 판매업,수입자동차,2004-12-03,12월,권혁민,http://www.deutschmotors.com,서울특별시,도이치모터스
도화엔지니어링,2150,002150.KS,KOSPI,"건축기술, 엔지니어링 및 관련 기술 서비스업","토목설계,건축설계,종합감리전문업,종합기술용역,엔지니어링",2010-08-12,12월,"박승우,곽준상,손영일,김덕구",http://www.dohwa.co.kr,서울특별시,도화엔지니어링
동구바이오제약,6620,006620.KQ,KOSDAQ,의약품 제조업,"피부, 비뇨기과 완제의약품",2018-02-13,12월,조용준,http://www.dongkoo.com,서울특별시,동구바이오제약
동국산업,5160,005160.KQ,KOSDAQ,1차 철강 제조업,"철강무역,강판제품제조",1999-06-25,12월,이원휘,http://www.dkis.co.kr,서울특별시,동국산업
동국생명과학,303810,303810.KQ,KOSDAQ,의약품 제조업,"조영제 완제 및 원료, 의료기기 유통",2025-02-17,12월,박재원,http://dkls.co.kr,서울특별시,동국생명과학
동국씨엠,460850,460850.KS,KOSPI,1차 철강 제조업,"냉연강판, 칼라강판",2023-06-16,12월,박상훈,http://www.dongkukcm.com,서울특별시,동국씨엠
동국알앤에스,75970,075970.KQ,KOSDAQ,기타 비금속 광물제품 제조업,내화물,2004-02-13,12월,남기성,http://www.dkref.co.kr,경상남도,동국알앤에스
동국제강,460860,460860.KS,KOSPI,1차 철강 제조업,"봉강,형강,후판,냉연강판,칼라강판",2023-06-16,12월,최삼영,http://www.dongkuksteel.com,서울특별시,동국제강
동국제약,86450,086450.KQ,KOSDAQ GLOBAL,의약품 제조업,"인사돌, 복합마데카솔, 파미레이",2007-05-29,12월,송준호,http://www.dkpharm.co.kr,서울특별시,동국제약
동국홀딩스,1230,001230.KS,KOSPI,기타 금융업,"후판,철근,강판,형강,앵글,찬넬,평철 제조,판매",1988-05-09,12월,장세욱,http://www.dongkuk.co.kr,서울특별시,동국홀딩스
동국S&C,100130,100130.KQ,KOSDAQ,"구조용 금속제품, 탱크 및 증기발생기 제조업",Wind-Tower,2009-08-31,12월,이원휘,http://www.dongkuksnc.co.kr,경상북도,"동국s&c, 동국S&C"
동남합성,23450,023450.KS,KOSPI,기초 화학물질 제조업,"계면활성제,정밀화학품 제조,도매/부동산 임대",1996-12-24,12월,"김정돈, 박미령 (각자대표)",http://www.dongnamchem.com,충청남도,동남합성
동방,4140,004140.KS,KOSPI,기타 운송관련 서비스업,"육상운송,해상운송,항만화물하역,보관,창고,물류사업",1988-08-10,12월,"김형곤, 박창기",http://www.dongbang.co.kr,서울특별시,동방
동방메디컬,240550,240550.KQ,KOSDAQ,의료용 기기 제조업,"필러, 한방침",2025-02-13,12월,김근식,http://www.dongbangmedical.co.kr,충청남도,동방메디컬
동방선기,99410,099410.KQ,KOSDAQ,선박 및 보트 건조업,"조선기자재, 선박용 배관",2009-11-10,12월,김성욱,http://www.dongbangsm.co.kr,경상남도,동방선기
동방아그로,7590,007590.KS,KOSPI,"비료, 농약 및 살균, 살충제 제조업","농약(잡초발생전 토양처리형 밭잡초약,부메랑,주움,그라목손) 제조,도매",1977-06-29,12월,"염병만, 염병진",http://www.dongbangagro.co.kr,서울특별시,동방아그로
동부건설,5960,005960.KS,KOSPI,토목 건설업,"건축공사,토목공사,전기공사,기계설비공사/비금속,철구조물 제조,판매/여객,자동차 운송,항만하역",1978-10-30,12월,윤진오,http://dbcon.dongbu.co.kr,서울특별시,동부건설
동서,26960,026960.KS,KOSPI,음·식료품 및 담배 도매업,"식품 유통, 다류 및 연포장재 제조 등",2016-07-15,12월,윤세철,http://www.dongsuh.com,서울특별시,동서
동성제약,2210,002210.KS,KOSPI,의약품 제조업,"의약품,화장품 제조,도매",1990-01-19,12월,나원균,http://dongsung-pharm.co.kr,서울특별시,동성제약
동성케미컬,102260,102260.KS,KOSPI,회사 본부 및 경영 컨설팅 서비스업,,2008-06-23,12월,"이만우, 백진우 (각자 대표이사)",http://idongsung.com,부산광역시,동성케미컬
동성화인텍,33500,033500.KQ,KOSDAQ,기초 화학물질 제조업,초저온 보냉재,1997-12-19,12월,최용석,http://www.dsfinetec.co.kr,부산광역시,동성화인텍
동신건설,25950,025950.KQ,KOSDAQ,토목 건설업,토목,1995-08-07,12월,"김근한, 김현희(각자대표이사)",http://www.dongsin.biz,경상북도,동신건설
동아쏘시오홀딩스,640,000640.KS,KOSPI,기타 금융업,"의약품(피로회복제/박카스,병원용의약품),비의약품(의료기기,염모제,가글제) 제조,도소매/화장품 생산",1970-02-10,12월,김민영,http://www.donga.co.kr,서울특별시,동아쏘시오홀딩스
동아에스티,170900,170900.KS,KOSPI,의약품 제조업,"스티렌, 자이데나",2013-04-08,12월,정재훈,http://www.donga.co.kr,서울특별시,동아에스티
동아엘텍,88130,088130.KQ,KOSDAQ,특수 목적용 기계 제조업,LCD검사장비,2007-01-03,12월,"박재규, 최귀상(각자 대표이사)",http://www.dongaeltek.co.kr,경기도,동아엘텍
동아지질,28100,028100.KS,KOSPI,기반조성 및 시설물 축조관련 전문공사업,"보링그라우팅공사,토공사,철근콘크리트공사,상하수도공사,비계구조물해체공사,수중공사/지질조사,시공감리",2009-06-12,12월,"최정욱, 정경수",http://www.dage.co.kr,부산광역시,동아지질
동아화성,41930,041930.KQ,KOSDAQ,고무제품 제조업,자동차용 고무부품,2001-12-26,12월,"임경식, 성락제",http://www.dahs.co.kr,경상남도,동아화성
동양,1520,001520.KS,KOSPI,"시멘트, 석회, 플라스터 및 그 제품 제조업",레미콘/건설공사/산업용 송풍기,1976-06-25,12월,박주형,http://www.tongyanginc.co.kr,서울특별시,동양
동양고속,84670,084670.KS,KOSPI,육상 여객 운송업,고속버스 운송/부동산 임대,2005-07-25,12월,최성원,http://www.dyexpress.co.kr,경기도,동양고속
동양생명,82640,082640.KS,KOSPI,보험업,생명보험,2009-10-08,12월,이문구,http://www.myangel.co.kr,서울특별시,동양생명
동양에스텍,60380,060380.KQ,KOSDAQ,1차 철강 제조업,"열연박판, 열연후판, 무늬강판",2002-02-05,12월,조남욱,http://www.dystec.co.kr,대전광역시,동양에스텍
동양이엔피,79960,079960.KQ,KOSDAQ,"전동기, 발전기 및 전기 변환 · 공급 · 제어 장치 제조업","휴대폰용,OA기기및통신장비용,디지털가전용전원공급장치",2005-02-01,12월,"김재수,김재만",http://www.dyenp.com,경기도,동양이엔피
동양철관,8970,008970.KS,KOSPI,1차 철강 제조업,"수도용 도복장 강관,주물(강관말뚝),가스관 제조/아파트건설",1977-03-05,12월,이곽우,http://www.dysp.co.kr,충청남도,동양철관
동양파일,228340,228340.KQ,KOSDAQ,"시멘트, 석회, 플라스터 및 그 제품 제조업",PHC파일,2016-04-06,12월,김근수,http://www.tongyangphc.com,충청남도,동양파일
동양피스톤,92780,092780.KS,KOSPI,자동차용 엔진 및 자동차 제조업,자동차엔진용 피스톤,2017-12-08,12월,홍순겸,https://www.dypiston.co.kr,경기도,동양피스톤
동우팜투테이블,88910,088910.KQ,KOSDAQ,"도축, 육류 가공 및 저장 처리업","육계,삼계",2006-06-23,12월,김태호,http://dongwoofarmtotable.com,전북특별자치도,동우팜투테이블
동운아나텍,94170,094170.KQ,KOSDAQ,반도체 제조업,아날로그 반도체,2015-06-30,12월,김동철,http://www.dwanatech.com,서울특별시,동운아나텍
동원개발,13120,013120.KQ,KOSDAQ,건물 건설업,도급공사,1994-12-29,12월,"장복만, 박영봉 (각자 대표이사)",http://www.dongwonapt.co.kr,부산광역시,동원개발
동원금속,18500,018500.KS,KOSPI,자동차 신품 부품 제조업,"자동차부품(도어후레임,머플러,임팩트빔),강관 제조,판매",1995-11-10,03월,"이은우, 박승룡",http://www.dwmic.com,경상북도,동원금속
동원산업,6040,006040.KS,KOSPI,기타 금융업,지주회사,1989-03-07,12월,"김세훈, 박상진, 장인성",http://www.dongwon.com,서울특별시,동원산업
동원수산,30720,030720.KS,KOSPI,어로 어업,"원양어업/수산물 제조,가공/참치어류 냉동냉장업",1996-11-22,12월,"WANG KI YONG JR, 왕인상",http://www.dongwonfish.co.kr,서울특별시,동원수산
동원시스템즈,14820,014820.KS,KOSPI,플라스틱제품 제조업,포장용 플라스틱제품 제조 외,1994-03-29,12월,"조점근,서범원,정용욱",http://dongwonsystems.com,충청남도,동원시스템즈
동원F&B,49770,049770.KS,KOSPI,기타 식품 제조업,"참치캔,음료,냉동식품 제조,판매",2000-11-23,12월,김성용,http://www.dongwonfnb.com,서울특별시,"동원f&b, 동원F&B"
동인기연,111380,111380.KS,KOSPI,"가죽, 가방 및 유사제품 제조업","스포츠용품(등산용가방,골프백),금속압형제품,유아용품 제조,도소매,통신 판매/부동산 임대",2023-11-21,12월,정인수,http://www.dong-in.com,경기도,동인기연
동일고무벨트,163560,163560.KS,KOSPI,고무제품 제조업,"산업용고무제품, 종합고무부품",2012-10-19,12월,TANIYAMA KEN,http://www.drbworld.com,부산광역시,동일고무벨트
동일금속,109860,109860.KQ,KOSDAQ,금속 주조업,"크롤러크레인용 트랙슈 어셈블리, 굴삭기용 아이들러 트랙슈 스프링 등",2009-07-28,12월,오길봉,http://www.dongilmetal.co.kr,경상북도,동일금속
동일기연,32960,032960.KQ,KOSDAQ,전자부품 제조업,EMI,1997-07-18,12월,"손동준 , 정수열",http://www.dongiltech.co.kr,경기도,동일기연
동일산업,4890,004890.KS,KOSPI,1차 철강 제조업,"봉강,합금철,철근,마봉강,냉간압조용선재,주조,지선,주강,다이아몬드공구 제조,도매",2005-06-30,12월,"오순택, 오승민",http://www.dongil.co.kr,경상북도,동일산업
동일스틸럭스,23790,023790.KQ,KOSDAQ,1차 철강 제조업,봉강,1994-11-07,12월,장재헌,http://www.dongilsteel.com,부산광역시,동일스틸럭스
동일제강,2690,002690.KS,KOSPI,1차 철강 제조업,"PC강연선, 경강선, 도금선, 마봉강",2015-09-24,12월,"민세홍, 양영석, 김우진 (각자대표)",http://www.dongil-steel.com,경기도,동일제강
동진쎄미켐,5290,005290.KQ,KOSDAQ,기초 화학물질 제조업,"반도체,LCD용재료(감광제,봉지제),발포제",1999-12-21,12월,이준혁,http://www.dongjin.com,인천광역시,동진쎄미켐
동화기업,25900,025900.KQ,KOSDAQ,나무제품 제조업,"PB, MDF, 표면재,온돌마루, 창호, 도어 등",1995-08-07,12월,채광병,http://www.dongwha.co.kr,인천광역시,동화기업
동화약품,20,000020.KS,KOSPI,의약품 제조업,"의약품 제조,판매,수출입",1976-03-24,12월,"유준하, 윤인호(각자 대표이사)",http://www.dong-wha.co.kr,서울특별시,동화약품
두산,150,000150.KS,KOSPI,기타 금융업,"동박적층판 등 제조 및 판매, 유압기기 등 제조 및 판매, 지게차 제조 및 판매, IT 시스템 개발/운영 서비스 등, 연료전지 등",1973-06-29,12월,"박정원, 김민철, 유승우",http://www.doosancorp.co.kr,서울특별시,두산
두산로보틱스,454910,454910.KS,KOSPI,특수 목적용 기계 제조업,협동로봇,2023-10-05,12월,"박인원, 김민표, 조길성",http://www.doosanrobotics.com,경기도,두산로보틱스
두산밥캣,241560,241560.KS,KOSPI,특수 목적용 기계 제조업,"Compact Equipment, Heavy Equipment, Portable Power",2016-11-18,12월,"스캇성철박, 조덕제",http://www.doosanbobcat.com,경기도,두산밥캣
두산에너빌리티,34020,034020.KS,KOSPI,일반 목적용 기계 제조업,"기관,터어빈,선박용엔진,주단조품,제강제품 제조/종합건설",2000-10-25,12월,"박지원, 정연인, 박상현",https://www.doosanenerbility.com,경상남도,두산에너빌리티
두산테스나,131970,131970.KQ,KOSDAQ GLOBAL,"그외 기타 전문, 과학 및 기술 서비스업",반도체 테스트,2013-10-22,12월,"김도원, 김윤건",http://www.tesna.co.kr,경기도,두산테스나
두산퓨얼셀,336260,336260.KS,KOSPI,"전동기, 발전기 및 전기 변환 · 공급 · 제어 장치 제조업",연료전지,2019-10-18,12월,"이두순, 윤재동 (각자 대표이사)",http://www.doosanfuelcell.com,전북특별자치도,두산퓨얼셀
두올,16740,016740.KS,KOSPI,자동차 신품 부품 제조업,시트 커버 및 시트 원단,2016-07-29,12월,"조인회, 정재열",http://www.idual.co.kr,서울특별시,두올
듀오백,73190,073190.KQ,KOSDAQ,가구 제조업,사무용 및 가정용 의자,2004-02-06,12월,정관영,http://duoback.co.kr,인천광역시,듀오백
듀켐바이오,176750,176750.KQ,KOSDAQ,의약품 제조업,방사성의약품,2024-12-20,12월,김상우,http://www.duchembio.com,서울특별시,듀켐바이오
드래곤플라이,30350,030350.KQ,KOSDAQ,소프트웨어 개발 및 공급업,온라인게임,1997-11-10,12월,조 철,http://www.dragonflygame.com,서울특별시,드래곤플라이
드림시큐리티,203650,203650.KQ,KOSDAQ,소프트웨어 개발 및 공급업,정보보안솔루션,2014-10-13,12월,"범진규, 오석주 (각자대표)",http://www.dreamsecurity.com,서울특별시,드림시큐리티
드림씨아이에스,223250,223250.KQ,KOSDAQ,자연과학 및 공학 연구개발업,시판후조사대행(rPMS),2020-05-22,12월,유정희,http://www.dreamcis.com,서울특별시,드림씨아이에스
드림어스컴퍼니,60570,060570.KQ,KOSDAQ,영상·오디오물 제공 서비스업,온라인 음악 서비스,2003-12-19,12월,김동훈,http://dreamuscompany.com,서울특별시,드림어스컴퍼니
드림인사이트,362990,362990.KQ,KOSDAQ,광고업,광고대행,2024-01-25,12월,김기철,http://bydream.co.kr,서울특별시,드림인사이트
드림텍,192650,192650.KS,KOSPI,전자부품 제조업,"모바일 PBA, 지문인식 모듈, 전장 LED 모듈 등",2019-03-14,12월,"김형민, 박찬홍(각자대표)",http://www.idreamtech.co.kr,경기도,드림텍
디모아,16670,016670.KQ,KOSDAQ,기타 전문 도매업,"h/w,s/w개발",1993-04-21,12월,이혁수,http://www.dimoa.co.kr,서울특별시,디모아
디바이스이엔지,187870,187870.KQ,KOSDAQ,특수 목적용 기계 제조업,OLED용 FM MASK 세정장비,2017-12-20,12월,"최봉진, 방인호 각자대표",http://www.deviceeng.co.kr,충청남도,디바이스이엔지
디비금융스팩12호,477760,477760.KQ,KOSDAQ,기타 금융업,기업인수 및 합병,2024-06-18,12월,김창희,,서울특별시,디비금융스팩12호
디비금융제13호스팩,489730,489730.KQ,KOSDAQ,기타 금융업,기업인수 및 합병,2024-11-28,12월,양준석,,서울특별시,디비금융제13호스팩
디씨엠,24090,024090.KS,KOSPI,1차 철강 제조업,"PCM(칼라강판),라미네이트강판,산업용필름 제조,판매",1999-08-18,12월,"정연택, 정동우(각자 대표)",http://www.dcmcorp.co.kr,경상남도,디씨엠
디아이,3160,003160.KS,KOSPI,"측정, 시험, 항해, 제어 및 기타 정밀기기 제조업; 광학기기 제외","반도체검사장비,전자부품,레저용품,석제품 제조,판매,오파,부동산임대업",1996-07-31,12월,박원호 조윤형,http://www.di.co.kr,서울특별시,디아이
디아이동일,1530,001530.KS,KOSPI,상품 중개업,"면사,화섬사,면포,혼방포,스포츠웨어용 신합섬 제조,도매,수출",1964-01-04,12월,"서태원, 손재선",http://www.dong-il.com,서울특별시,디아이동일
디아이씨,92200,092200.KS,KOSPI,자동차 신품 부품 제조업,"자동차부품(트란스밋숀,프런트액슬,기어,전동축),변속동력전달장치,특수공구,농기계 및 산업기계부품 제조,무역",2007-10-18,12월,김정렬,http://dicorp.co.kr,울산광역시,디아이씨
디아이티,110990,110990.KQ,KOSDAQ,특수 목적용 기계 제조업,평판디스플레이 검사장비,2018-08-07,12월,박종철,http://www.okdit.co.kr,경기도,디아이티
디알젬,263690,263690.KQ,KOSDAQ,의료용 기기 제조업,"진단용 엑스선 촬영장치 및 부분품, X-ray 제너레이터 외",2018-11-22,12월,박정병,http://www.drgem.co.kr,경기도,디알젬
디알텍,214680,214680.KQ,KOSDAQ,의료용 기기 제조업,"X-ray Detector, X-ray System",2015-04-20,12월,안성현,http://www.drtech.com,경기도,디알텍
디앤디파마텍,347850,347850.KQ,KOSDAQ,자연과학 및 공학 연구개발업,대사성질환 치료제 등,2024-05-02,12월,이슬기,http://www.ddpharmatech.com,경기도,디앤디파마텍
디앤디플랫폼리츠,377190,377190.KS,KOSPI,부동산 임대 및 공급업,부동산 투자 및 관리,2021-08-27,03월,이양원,http://dndplatformreit.com,서울특별시,디앤디플랫폼리츠
디앤씨미디어,263720,263720.KQ,KOSDAQ,"서적, 잡지 및 기타 인쇄물 출판업",웹소설 콘텐츠,2017-08-01,12월,최원영,http://www.dncmedia.co.kr,서울특별시,디앤씨미디어
디어유,376300,376300.KQ,KOSDAQ,소프트웨어 개발 및 공급업,"모바일 어플리케이션(DearU bubble, Lysn)",2021-11-10,12월,안종오,http://www.dear-u.co,서울특별시,디어유
디에스케이,109740,109740.KQ,KOSDAQ,특수 목적용 기계 제조업,"FPD(Flat Panel Display 평판디스플레이)용 Bonding System 및 In-line System, 카메라모듈장비, 이차전지장비, 메카트로닉스 사업군",2009-09-23,12월,"김태구, 김종원(각자대표)",http://www.dsk.co.kr,경기도,디에스케이
디에이치엑스컴퍼니,31860,031860.KQ,KOSDAQ,상품 종합 도매업,FLC,1997-01-07,12월,"이상욱, 김성우(각자대표)",http://su-holdings.com,서울특별시,디에이치엑스컴퍼니
디에이테크놀로지,196490,196490.KQ,KOSDAQ,특수 목적용 기계 제조업,2차전지설비,2014-11-19,12월,이상화,http://www.dat21.co.kr,경기도,디에이테크놀로지
디에이피,66900,066900.KQ,KOSDAQ,전자부품 제조업,Build-Up PCB(인쇄회로기판),2004-05-14,12월,"권오일, 최봉윤",http://www.dapmc.co.kr,경기도,디에이피
디엔에프,92070,092070.KQ,KOSDAQ,기타 화학제품 제조업,반도체배선박막재료(알루미늄전구체),2007-11-16,12월,신재호,http://www.dnfsolution.com,대전광역시,디엔에프
디오,39840,039840.KQ,KOSDAQ,의료용 기기 제조업,자동포장기계,2000-06-29,12월,김종원,http://dio.co.kr,부산광역시,디오
디와이,13570,013570.KS,KOSPI,기타 금융업,"자동차부품,유공압기기,소각로,자동세차기,하훼유통,발효기,모터 제조",1989-05-30,12월,김진호,http://www.dy.co.kr,인천광역시,디와이
디와이디,219550,219550.KQ,KOSDAQ,생활용품 도매업,화장품 유통,2015-07-22,12월,김영덕,http://www.dyddaeyang.com,경기도,디와이디
디와이씨,310870,310870.KQ,KOSDAQ,자동차 신품 부품 제조업,자동차 부품,2018-12-20,12월,"김용덕, 임동하(공동대표이사)",http://dycauto.com,경상북도,디와이씨
디와이파워,210540,210540.KS,KOSPI,특수 목적용 기계 제조업,유공압기기 등,2015-01-15,12월,박치웅,http://power.dy.co.kr,경상남도,디와이파워
디와이피엔에프,104460,104460.KQ,KOSDAQ,일반 목적용 기계 제조업,뉴메틱 컨베잉 시스템(분체이송시스템),2009-12-22,12월,유병욱,http://www.dypnf.com,서울특별시,디와이피엔에프
디이엔티,79810,079810.KQ,KOSDAQ,특수 목적용 기계 제조업,FPD공정검사장비,2005-01-26,12월,배성민,http://www.i-det.com,경기도,디이엔티
디젠스,113810,113810.KQ,KOSDAQ,자동차 신품 부품 제조업,자동차용 소음기(머플러),2012-11-22,12월,이석우,http://www.dgenx.com,경기도,디젠스
디지아이,43360,043360.KQ,KOSDAQ,컴퓨터 및 주변장치 제조업,"잉크젯 플로터, 커팅 플로터",2001-07-20,12월,최동호,http://www.dgi-net.com,경기도,디지아이
디지캡,197140,197140.KQ,KOSDAQ,소프트웨어 개발 및 공급업,"보호솔루션, 방송서비스솔루션 등",2018-09-07,12월,범진규,http://www.digicaps.com,서울특별시,디지캡
디지털대성,68930,068930.KQ,KOSDAQ,일반 교습 학원,대성N스쿨 (교육 프랜차이즈),2003-10-17,12월,김희선,http://www.digitaldaesung.com,서울특별시,디지털대성
디지틀조선,33130,033130.KQ,KOSDAQ,"자료처리, 호스팅, 포털 및 기타 인터넷 정보매개 서비스업",위성서비스,1997-08-06,12월,김영수,http://www.chosun.com,서울특별시,디지틀조선
디케이락,105740,105740.KQ,KOSDAQ,일반 목적용 기계 제조업,계장용 피팅 및 밸브,2010-11-12,12월,노은식,http://ddd.dklok.com,경상남도,디케이락
디케이앤디,263020,263020.KQ,KOSDAQ,플라스틱제품 제조업,합성피혁 및 부직포,2018-11-20,12월,최민석,http://www.dknd.co.kr,경기도,디케이앤디
디케이티,290550,290550.KQ,KOSDAQ,전자부품 제조업,스마트폰용 FPCA,2018-12-21,12월,이지열,http://www.dtktech.co.kr,인천광역시,디케이티
디티씨,66670,066670.KQ,KOSDAQ,전자부품 제조업,LCD Module,2002-12-30,12월,박윤민,http://www.dtccorp.co.kr,충청남도,디티씨
디티앤씨,187220,187220.KQ,KOSDAQ,기타 과학기술 서비스업,전기전자규격 인증서비스,2014-12-17,12월,남기혁,http://www.dtnc.co.kr,경기도,디티앤씨
디티앤씨알오,383930,383930.KQ,KOSDAQ,자연과학 및 공학 연구개발업,비임상 및 임상시험 대체 용역,2022-11-11,12월,박채규,http://www.dtncro.com,경기도,디티앤씨알오
딜리,131180,131180.KQ,KOSDAQ,컴퓨터 및 주변장치 제조업,디지털 UV 프린터,2011-01-31,12월,최근수,https://www.dilli.co.kr,경기도,딜리
딥노이드,315640,315640.KQ,KOSDAQ,소프트웨어 개발 및 공급업,"의료 인공지능플랫폼, 인공지능 임상의사결정 시스템",2021-08-17,12월,최우식,http://www.deepnoid.com,서울특별시,딥노이드
딥마인드,223310,223310.KQ,KOSDAQ,상품 종합 도매업,"건강기능식품, 블랙박스, 내비게이션 등",2015-12-24,12월,"홍상혁, 유병길 (공동대표이사)",http://www.deepmind.im,서울특별시,딥마인드
라닉스,317120,317120.KQ,KOSDAQ,반도체 제조업,"자동차 및 IoT 통신, 보안솔루션",2019-09-18,12월,최승욱,http://www.ranix.co.kr,서울특별시,라닉스
라메디텍,462510,462510.KQ,KOSDAQ,의료용 기기 제조업,초소형 레이저 의료기기 및 미용기기,2024-06-17,12월,최종석,https://lameditech.com,서울특별시,라메디텍
라온시큐어,42510,042510.KQ,KOSDAQ,소프트웨어 개발 및 공급업,소프트웨어 개발 및 공급,2001-01-03,12월,"이순형,이정아(각자대표)",http://www.raonsecure.com,서울특별시,라온시큐어
라온테크,232680,232680.KQ,KOSDAQ,특수 목적용 기계 제조업,반도체 및 FPD용 로봇시스템,2021-06-17,12월,김원경,http://www.raonrobot.com,경기도,라온테크
라온텍,418420,418420.KQ,KOSDAQ,전자부품 제조업,"마이크로디스플레이, 컨트롤러 IC",2023-03-09,12월,김보은,RAON.io,경기도,라온텍
라온피플,300120,300120.KQ,KOSDAQ,소프트웨어 개발 및 공급업,"카메라 모듈 검사기, AI 머신비전, 골프센서",2019-10-18,12월,이석중,http://www.laonpeople.com,경기도,라온피플
라이온켐텍,171120,171120.KQ,KOSDAQ,기타 화학제품 제조업,"합성왁스, 인조대리석",2013-11-19,12월,"김홍진, 오종훈",http://www.lctkorea.com,대전광역시,라이온켐텍
라이콤,388790,388790.KQ,KOSDAQ,통신 및 방송 장비 제조업,"제조업(광증폭기, 광송수신기, 광섬유레이저 외)",2021-09-03,12월,김성준,http://www.licomm.com,경기도,라이콤
라이프시맨틱스,347700,347700.KQ,KOSDAQ,소프트웨어 개발 및 공급업,"소프트웨어(개인건강기록 플랫폼,진료기록번역플랫폼,질병분류기호 검색) 개발,공급/의료기기 도매/자문,컨설팅/전자상거래,통신판매",2021-03-23,12월,최광수,http://lifesemantics.kr,서울특별시,라이프시맨틱스
라파스,214260,214260.KQ,KOSDAQ,기타 화학제품 제조업,"마이크로니들 패치 제품(의약품패치, 의료기기패치, 미용패치 등)",2019-11-11,12월,정도현,http://www.raphas.com,서울특별시,라파스
라피치,403360,403360.KQ,KONEX,소프트웨어 개발 및 공급업,Conversational AI Service 제품 및 생체인증(음성) Service 제품,2021-12-14,12월,어범석,http://www.rapeech.com,서울특별시,라피치
램테크놀러지,171010,171010.KQ,KOSDAQ,기초 화학물질 제조업,"반도체 식각액, 박리액, 세정액 등",2013-11-18,12월,길준봉,http://www.ramtech.co.kr,경기도,램테크놀러지
랩지노믹스,84650,084650.KQ,KOSDAQ,자연과학 및 공학 연구개발업,체외진단 서비스 및 제품,2014-12-16,12월,이종훈,http://www.labgenomics.co.kr,경기도,랩지노믹스
러셀,217500,217500.KQ,KOSDAQ,특수 목적용 기계 제조업,반도체장비 리퍼비시,2015-06-16,12월,권순욱,http://www.erussell.co.kr,충청북도,러셀
럭스피아,92590,092590.KQ,KONEX,반도체 제조업,"LED 패키지, LED 모듈",2015-10-30,12월,성석종,http://www.luxpialed.com,경기도,럭스피아
레드캡투어,38390,038390.KQ,KOSDAQ,여행사 및 기타 여행보조 서비스업,"여행알선, 렌터카",2000-02-01,12월,인유성,http://www.redcap.co.kr,서울특별시,레드캡투어
레몬,294140,294140.KQ,KOSDAQ,화학섬유 제조업,"EMI Shield Can, 나노멤브레인 등",2020-02-28,12월,김광진,http://www.lemonano.co.kr,경상북도,레몬
레뷰코퍼레이션,443250,443250.KQ,KOSDAQ,광고업,"REVU 서비스(컨텐츠마케팅, 로컬, 에이전시)",2023-10-06,12월,송인상,http://corp.revu.net,서울특별시,레뷰코퍼레이션
레이,228670,228670.KQ,KOSDAQ,의료용 기기 제조업,"디지털 치료솔루션(CT scan 장비, 3D 프린터), 디지털 진단시스템(X-ray, CT 등)",2019-08-08,12월,이상철,http://www.raymedical.co.kr,경기도,레이
레이언스,228850,228850.KQ,KOSDAQ,의료용 기기 제조업,"TFT Detector, CMOS Detector, I/O Sensor",2016-04-11,12월,서재정,http://www.rayence.com,경기도,레이언스
레이저쎌,412350,412350.KQ,KOSDAQ,특수 목적용 기계 제조업,"에어리어 레이저솔루션, LSR, LCB, LSB, BSOM 등",2022-06-24,12월,안건준,http://www.laserssel.com,경기도,레이저쎌
레이저옵텍,199550,199550.KQ,KOSDAQ,의료용 기기 제조업,레이저 기반 피부미용기기 및 질환치료기기,2024-02-01,12월,"주홍, 이창진",http://www.laseroptek.com,경기도,레이저옵텍
레이크머티리얼즈,281740,281740.KQ,KOSDAQ,기타 화학제품 제조업,"LED, 반도체 소재 및 석유화학촉매",2017-12-12,12월,김진동,http://www.lake-led.com,세종특별자치시,레이크머티리얼즈
레인보우로보틱스,277810,277810.KQ,KOSDAQ,특수 목적용 기계 제조업,"협동로봇, 천문마운트시스템, 이족보행로봇 등",2021-02-03,12월,이정호,http://www.rainbow-robotics.com/new/index_ko.php,대전광역시,레인보우로보틱스
로보로보,215100,215100.KQ,KOSDAQ,기타 전기장비 제조업,교육용로봇,2015-04-22,12월,최영석,http://www.roborobo.co.kr,서울특별시,로보로보
로보스타,90360,090360.KQ,KOSDAQ,특수 목적용 기계 제조업,"제조용 로봇, FPD 장비, IT부품 제조장비",2011-10-17,12월,배병주,http://robostar.co.kr,경기도,로보스타
로보쓰리에이아이,238500,238500.KQ,KONEX,"그외 기타 전문, 과학 및 기술 서비스업","모듈, 퍼스널 모빌리티기기",2016-04-20,12월,황용운,http://www.robo3.com,서울특별시,로보쓰리에이아이
로보티즈,108490,108490.KQ,KOSDAQ,특수 목적용 기계 제조업,"솔루션(로봇 엑츄에이터 모듈과 구동 소프트웨어), 에듀테인먼트 로봇, 로봇 플랫폼",2018-10-26,12월,김병수,https://www.robotis.com,서울특별시,로보티즈
로스웰,900260,900260.KQ,KOSDAQ,기타 금융업,"CAN Control Gateway, CAN기능모듈, BCM 차체제어모듈",2016-06-30,12월,저우샹동,http://www.rothwell.tech,홍콩,로스웰
로지스몬,223220,223220.KQ,KONEX,기타 운송관련 서비스업,모바일 컨텐츠 개발 및 유통,2015-07-09,12월,이석준,http://ipmonster.co.kr,서울특별시,로지스몬
로지시스,67730,067730.KQ,KOSDAQ,"컴퓨터 프로그래밍, 시스템 통합 및 관리업","전산장비 판매 및 유지보수, VAN기기 대행관리",2015-07-29,12월,이호성,http://www.logisys.co.kr,서울특별시,로지시스
로체시스템즈,71280,071280.KQ,KOSDAQ,특수 목적용 기계 제조업,LCD 제조용 이송장비,2003-11-14,12월,박기환,http://www.rorze.co.kr,경기도,로체시스템즈
롯데관광개발,32350,032350.KS,KOSPI,여행사 및 기타 여행보조 서비스업,"국내외여행알선,관광개발,전세운수,항공권매매대행",2006-06-08,12월,"김기병, 백현, 김한준",http://lottetour.com,제주특별자치도,롯데관광개발
롯데렌탈,89860,089860.KS,KOSPI,운송장비 임대업,"렌터카, 카셰어링(그린카), 중고차매매, 일반렌탈(측정기,OA, 리프트 등)",2021-08-19,12월,최진환,http://www.lotterental.com,경기도,롯데렌탈
롯데리츠,330590,330590.KS,KOSPI,부동산 임대 및 공급업,부동산투자,2019-10-30,06월,롯데에이엠씨 주식회사,http://www.lottereit.co.kr,서울특별시,롯데리츠
롯데손해보험,400,000400.KS,KOSPI,보험업,손해보험업,1971-04-16,12월,이은호,http://www.lotteins.co.kr,서울특별시,롯데손해보험
롯데쇼핑,23530,023530.KS,KOSPI,종합 소매업,"백화점(의류,식품 및 잡화),할인점 운영/전자상거래",2006-02-09,12월,"신동빈, 김상현(김 사무엘 상현), 정준호, 강성현",http://www.lotteshoppingir.com,서울특별시,롯데쇼핑
롯데에너지머티리얼즈,20150,020150.KS,KOSPI,전자부품 제조업,"인쇄회로기판(PCB)용 전해동박(ACF,UCF),에폭시용 동박,전해콘덴서용 알루미늄박 제조,판매",2011-03-04,12월,김연섭,http://www.lotteenergymaterials.com,전북특별자치도,롯데에너지머티리얼즈
롯데웰푸드,280360,280360.KS,KOSPI,기타 식품 제조업,"껌,캔디,초코,비스켓,빙과",2017-10-30,12월,"신동빈, 이영구, 이창엽",http://www.lottewellfood.com,서울특별시,롯데웰푸드
롯데이노베이트,286940,286940.KS,KOSPI,"컴퓨터 프로그래밍, 시스템 통합 및 관리업","SM, SI",2018-07-27,12월,김경엽,http://www.ldcc.co.kr,서울특별시,롯데이노베이트
롯데정밀화학,4000,004000.KS,KOSPI,기초 화학물질 제조업,"염소·셀룰로스계열, 암모니아 계열, 전자재료 등 화학제품 제조",1976-04-15,12월,정승원,http://www.lottefinechem.com,울산광역시,롯데정밀화학
롯데지주,4990,004990.KS,KOSPI,기타 금융업,지주회사,1974-02-16,12월,"신동빈,이동우",http://www.lotte.co.kr,서울특별시,롯데지주
롯데칠성음료,5300,005300.KS,KOSPI,비알코올음료 및 얼음 제조업,"청량음료,과채류음료,곡류음료,주류 제조,판매/자동차정비,연수원",1973-06-21,12월,박윤기,http://company.lottechilsung.co.kr,서울특별시,롯데칠성음료
롯데케미칼,11170,011170.KS,KOSPI,기초 화학물질 제조업,"폴리프로필렌,고밀도폴리에틸렌,에틸렌글리콜,벤젠,에틸렌옥사이드,합성지,부산물 제조",1991-05-30,12월,"신동빈, 이영준, 황민재",http://www.lottechem.com,서울특별시,롯데케미칼
롯데하이마트,71840,071840.KS,KOSPI,가전제품 및 정보통신장비 소매업,"가전제품,잡화 도소매/부동산 임대",2011-06-29,12월,남창희,http://company.himart.co.kr,서울특별시,롯데하이마트
루닛,328130,328130.KQ,KOSDAQ,소프트웨어 개발 및 공급업,Lunit INSIGHT,2022-07-21,12월,서범석,http://www.lunit.io,서울특별시,루닛
루멘스,38060,038060.KQ,KOSDAQ,반도체 제조업,LED개발 및 제조,2006-08-08,12월,박윤민,http://www.lumens.co.kr,경기도,루멘스
루미르,474170,474170.KQ,KOSDAQ,"항공기,우주선 및 부품 제조업","인공위성 시스템 및 전장품, 위성 영상 및 정보",2024-10-21,12월,남명용,http://www.lumir.space,경기도,루미르
루켄테크놀러지스,162120,162120.KQ,KONEX,기타 전기장비 제조업,Vertical Probe Card. Test Socket. Probe Station & Unit.,2017-07-25,12월,안윤태,http://www.luken.co.kr,경기도,루켄테크놀러지스
루트락,253610,253610.KQ,KONEX,기타 전문 도매업,"인공슬관절, 척추 임플란트(의료기기 도·소매)",2020-12-24,12월,박종진,http://rootloc.com,서울특별시,루트락
리가켐바이오,141080,141080.KQ,KOSDAQ GLOBAL,자연과학 및 공학 연구개발업,신약후보물질 발굴을 통한 License-Out,2013-05-10,12월,김용주,http://www.legochembio.com,대전광역시,리가켐바이오
리노공업,58470,058470.KQ,KOSDAQ GLOBAL,전자부품 제조업,"리노핀, 반도체 소켓 등",2001-12-18,12월,이채윤,http://leeno.com/kr,부산광역시,리노공업
리더스코스메틱,16100,016100.KQ,KOSDAQ,"골판지, 종이 상자 및 종이용기 제조업",화장품,2003-01-15,12월,"김진구, 김진상(공동 대표이사)",http://www.leaderscosmetics.com,서울특별시,리더스코스메틱
리드코프,12700,012700.KQ,KOSDAQ,기타 전문 도매업,화공약품운반,1996-01-19,12월,이재중,http://www.leadcorp.co.kr,서울특별시,리드코프
리메드,302550,302550.KQ,KOSDAQ,의료용 기기 제조업,자기장 치료기기,2019-12-06,12월,이근용,http://remed.kr,충청북도,리메드
리튬포어스,73570,073570.KQ,KOSDAQ,그외 기타 제품 제조업,"휴대폰액세서리의 제조, 판매",2004-01-06,12월,변재석,http://www.urbanlithium.com,서울특별시,리튬포어스
리파인,377450,377450.KQ,KOSDAQ,기타 정보 서비스업,권리조사,2021-10-29,12월,서호성,http://www.refine.co.kr,서울특별시,리파인
린드먼아시아,277070,277070.KQ,KOSDAQ,신탁업 및 집합투자업,"투자조합, PEF 결성 및 투자",2018-03-14,12월,김진하,http://www.laic.kr,서울특별시,린드먼아시아
링네트,42500,042500.KQ,KOSDAQ,"컴퓨터 프로그래밍, 시스템 통합 및 관리업",네트워크 구축(Network Integration),2002-01-10,12월,이주석,http://www.ringnet.co.kr,서울특별시,링네트
링크드,193250,193250.KQ,KOSDAQ,전자부품 제조업,휴대폰용 진동모터,2014-12-29,12월,민용재,http://linkedseoul.com,서울특별시,링크드
링크제니시스,219420,219420.KQ,KOSDAQ,소프트웨어 개발 및 공급업,"반도체, 디스플레이, 자동화 S/W 및 시스템 테스트 자동화 솔루션 개발(XCOMPRO, XGEM, MAT)",2018-02-05,12월,정성우,http://www.linkgenesis.co.kr,경기도,링크제니시스
마녀공장,439090,439090.KQ,KOSDAQ,기타 화학제품 제조업,자연주의 기능성 화장품,2023-06-08,12월,송지혜,http://www.manyo.co.kr,서울특별시,마녀공장
마니커,27740,027740.KS,KOSPI,"도축, 육류 가공 및 저장 처리업","닭고기,햄,계육가공제품,계육,육가공제품 제조,판매,유통/양계관련사업/부동산임대/수출입대행",2002-10-29,12월,"안정원,엄영철(각자 대표이사)",http://www.maniker.co.kr,경기도,마니커
마니커에프앤지,195500,195500.KQ,KOSDAQ,"도축, 육류 가공 및 저장 처리업","육가공품, 튀김류, 패티류, 삼계탕 등",2019-08-20,12월,최장호,http://www.manikerfng.com,경기도,마니커에프앤지
마스턴프리미어리츠,357430,357430.KS,KOSPI,부동산 임대 및 공급업,"프랑스 파리 소재 크리스탈파크, 프랑스 아마존 라스트마일 물류센터, 인천 항동 스마트물류센터",2022-05-31,03월,정범식,http://masternpremier.com,서울특별시,마스턴프리미어리츠
마음AI,377480,377480.KQ,KOSDAQ,소프트웨어 개발 및 공급업,종합 인공지능 엔진 및 플랫폼,2021-11-23,12월,유태준,https://maum.ai,경기도,"마음ai, 마음AI"
마이크로디지탈,305090,305090.KQ,KOSDAQ,의료용 기기 제조업,"바이오 분석 시스템, 메디칼 자동화 시스템",2019-06-05,12월,김경남,http://www.md-best.com,경기도,마이크로디지탈
마이크로엔엑스,448780,448780.KQ,KONEX,의료용 기기 제조업,의료용구(전동기),2022-12-21,12월,이종건/정재경,http://www.micronx.co.kr,대구광역시,마이크로엔엑스
마이크로컨텍솔,98120,098120.KQ,KOSDAQ,전자부품 제조업,"BGA IC Burn-In Socket,DRAM Module Socket",2008-09-23,12월,양승은,http://www.mcsgroup.co.kr,충청남도,마이크로컨텍솔
마이크로투나노,424980,424980.KQ,KOSDAQ,반도체 제조업,메모리 테스트용 프로브 카드,2023-04-26,12월,황규호,http://micro2nano.com,경기도,마이크로투나노
마크로젠,38290,038290.KQ,KOSDAQ,"그외 기타 전문, 과학 및 기술 서비스업","DNA Sequencing, Microarray, Genetically Engineered Mouse",2000-02-22,12월,"서정선, 김창훈 (각자 대표이사)",http://www.macrogen.com,서울특별시,마크로젠
만호제강,1080,001080.KS,KOSPI,1차 철강 제조업,"와이어로프,합성섬유로프,특수강선 제조,수출,임대",1977-06-18,06월,김상환,http://www.manhorope.com,부산광역시,만호제강
매일유업,267980,267980.KQ,KOSDAQ,동·식물성 유지 및 낙농제품 제조업,"유제품(우유, 분유, 발효유, 치즈, 음료 등)",2017-06-05,12월,"김선희, 이인기, 곽정우(각자대표)",http://www.maeil.com,서울특별시,매일유업
매일홀딩스,5990,005990.KQ,KOSDAQ,동·식물성 유지 및 낙농제품 제조업,유제품,1999-05-14,12월,"김정완, 권태훈(각자대표이사)",http://www.maeil.com,서울특별시,매일홀딩스
매커스,93520,093520.KQ,KOSDAQ,기계장비 및 관련 물품 도매업,자일링스(Xilinx)비메모리반도체(PLDchip)유통,2007-02-12,12월,"신동철, 성종률",http://www.makus.co.kr,서울특별시,매커스
맥쿼리인프라,88980,088980.KS,KOSPI,신탁업 및 집합투자업,증권투자회사,2006-03-15,12월,맥쿼리자산운용(주),http://www.macquarie.com/kr/kr/mkif/index.html,서울특별시,맥쿼리인프라
맵스리얼티1,94800,094800.KS,KOSPI,신탁업 및 집합투자업,,2007-04-09,12월,미래에셋자산운용(주),http://www.miraeasset.com,서울특별시,맵스리얼티1
머니무브,179720,179720.KQ,KONEX,기타 금융업,"신용평가솔루션, 온라인투자연계금융서비스",2013-07-01,12월,이상규,http://www.lendingmachine.co.kr,서울특별시,머니무브
머큐리,100590,100590.KQ,KOSDAQ,통신 및 방송 장비 제조업,"AP 단말기, 광섬유 및 광케이블, 위성통신 전송장비",2018-12-14,12월,"김종협, 김상우(각자대표)",http://www.mercury.co.kr,인천광역시,머큐리
멀티캠퍼스,67280,067280.KQ,KOSDAQ,기타 교육기관,성인/기업전문 교육서비스,2006-11-16,12월,정석목,http://www.multicampus.com,서울특별시,멀티캠퍼스
메가스터디,72870,072870.KQ,KOSDAQ,"서적, 잡지 및 기타 인쇄물 출판업","온라인강의,교재판매",2004-12-21,12월,"손주은, 손은진(각자 대표이사)",http://www.megastudyholdings.com,서울특별시,메가스터디
메가스터디교육,215200,215200.KQ,KOSDAQ GLOBAL,일반 교습 학원,"오프라인 학원, 온라인 강의",2015-05-04,12월,손성은,http://www.megastudy.net,서울특별시,메가스터디교육
메가엠디,133750,133750.KQ,KOSDAQ,일반 교습 학원,"의학, 치의학, 법학 전문대학원, 약학대학 입학시험 대비 강의",2015-12-18,12월,윤용국,https://www.megamd.co.kr,서울특별시,메가엠디
메가터치,446540,446540.KQ,KOSDAQ,일차전지 및 이차전지 제조업,"배터리 핀, 반도체 핀",2023-11-09,12월,윤재홍,http://www.megatouch.co.kr,충청남도,메가터치
메드팩토,235980,235980.KQ,KOSDAQ,자연과학 및 공학 연구개발업,항암제 신약개발,2019-12-19,12월,김성진,http://www.medpacto.com,서울특별시,메드팩토
메디쎄이,200580,200580.KQ,KONEX,의료용 기기 제조업,정형외과용 척추임플란트,2015-10-20,12월,성경수,http://www.medyssey.co.kr,충청북도,메디쎄이
메디아나,41920,041920.KQ,KOSDAQ,의료용 기기 제조업,"환자감시장치, 자동심장 제세동기(AED)",2014-10-07,12월,곽민철,http://www.mediana.co.kr,강원특별자치도,메디아나
메디안디노스틱,233250,233250.KQ,KONEX,의료용품 및 기타 의약 관련제품 제조업,동물질병 체외진단키트 및 진단용 시약,2017-06-26,12월,"오진식, 고민수(각자 대표이사)",http://www.mediandiagnostics.com,강원특별자치도,메디안디노스틱
메디앙스,14100,014100.KQ,KOSDAQ,상품 종합 도매업,"누크, 비비생활용품, 비앙또마망, 지에닉, 닥터 아토피스",1995-01-03,12월,박수찬,http://www.medience.co.kr,서울특별시,메디앙스
메디젠휴먼케어,236340,236340.KQ,KONEX,자연과학 및 공학 연구개발업,M-CHECK (개인별 유전적 질병 예측 서비스),2016-01-26,12월,신동직,http://www.medizencare.com,서울특별시,메디젠휴먼케어
메디콕스,54180,054180.KQ,KOSDAQ,선박 및 보트 건조업,XML/SGML 관련 제품 및 솔루션,2001-10-16,12월,"현경석, 고기균 (각자 대표이사)",http://www.megabion.co.kr,서울특별시,메디콕스
메디톡스,86900,086900.KQ,KOSDAQ,기초 의약물질 제조업,"의약품원료(A형,B형 보툴리늄독소 단백질치료제) 제조,연구,개발",2009-01-16,12월,정현호,http://www.medytox.com,충청북도,메디톡스
메디포스트,78160,078160.KQ,KOSDAQ,기초 의약물질 제조업,제대혈은행,2005-07-29,12월,오원일,http://www.medi-post.co.kr,경기도,메디포스트
메리츠금융지주,138040,138040.KS,KOSPI,기타 금융업,투자사업,2011-05-13,12월,김용범,http://www.meritzgroup.com,서울특별시,메리츠금융지주
메쎄이상,408920,408920.KQ,KOSDAQ,기타 사업지원 서비스업,"전시주최, 컨벤션 및 행사 대행업",2022-03-07,12월,조원표,http://messeesang.com,서울특별시,메쎄이상
메이슨캐피탈,21880,021880.KQ,KOSDAQ,기타 금융업,리스수입,1996-09-02,03월,조재형(단독 대표이사),http://mason-capital.co.kr,전북특별자치도,메이슨캐피탈
메지온,140410,140410.KQ,KOSDAQ,자연과학 및 공학 연구개발업,"발기부전증치료제, 전립선비대증치료제",2012-01-20,12월,박동현,https://mezzion.co.kr,서울특별시,메지온
메카로,241770,241770.KQ,KOSDAQ,반도체 제조업,반도체용 전구체 및 히터블록,2017-12-06,12월,"이재정, 박영순 (각자대표)",http://www.mecaro.com,경기도,메카로
메타랩스,90370,090370.KS,KOSPI,봉제의복 제조업,"여성용 의류(캐쥬얼티셔츠,바지) 제조",2006-12-26,12월,하지성,http://www.metalabs.co.kr,서울특별시,메타랩스
메타바이오메드,59210,059210.KQ,KOSDAQ,의료용품 및 기타 의약 관련제품 제조업,"생체분해성봉합사,근관충전재",2008-04-15,12월,오석송,http://wwwlmeta-biomed.com,충청북도,메타바이오메드
메타케어,118000,118000.KS,KOSPI,기계장비 및 관련 물품 도매업,"의약품, 의료소모품, 의료기기 도매",2009-12-30,12월,이수진,http://www.meta-care.co.kr,경기도,메타케어
멕아이씨에스,58110,058110.KQ,KOSDAQ,의료용 기기 제조업,인공호흡기,2015-12-14,12월,김종철,http://www.mek-ics.com,경기도,멕아이씨에스
명문제약,17180,017180.KS,KOSPI,의약품 제조업,"의약품(ROBAXIN 주사,KIMITE패취) 제조,판매",2008-07-10,12월,배철한,http://www.mmpharm.co.kr,경기도,명문제약
명신산업,9900,009900.KS,KOSPI,자동차 신품 부품 제조업,자동차차체부품,2020-12-07,12월,최우철,http://www.myoungshinindustry.com,경상북도,명신산업
모나리자,12690,012690.KS,KOSPI,기타 종이 및 판지 제품 제조업,"화장지,미용티슈 제조,도매",1988-10-14,12월,정창석,http://www.monarisa.co.kr,서울특별시,모나리자
모나미,5360,005360.KS,KOSPI,생활용품 도매업,"BP153(BALL POINT PEN), P-3000(PLUS PEN), 유성매직, 보드마카, 네임펜, PARKER, WARTERMAN, 색연필",1974-06-26,12월,송하경,http://www.monami.com,경기도,모나미
모나용평,70960,070960.KS,KOSPI,일반 및 생활 숙박시설 운영업,"리조트 운영, 콘도 분양",2016-05-27,12월,임학운,http://www.yongpyong.co.kr,강원특별자치도,모나용평
모니터랩,434480,434480.KQ,KOSDAQ,소프트웨어 개발 및 공급업,"웹방화벽,유해사이트솔루션,가시성SSL 솔루션, SASE플랫폼기반 SECaaS",2023-05-19,12월,이광후,https://www.monitorapp.com,서울특별시,모니터랩
모다이노칩,80420,080420.KQ,KOSDAQ,"섬유, 의복, 신발 및 가죽제품 소매업","ESD필터,칩바리스터",2005-12-06,12월,"정태형, 강중근",http://www.innochips.co.kr,경기도,모다이노칩
모델솔루션,417970,417970.KQ,KOSDAQ,특수 목적용 기계 제조업,"하이엔드 프로토타입 제조, 다품종 소량생산 서비스",2022-10-07,12월,우병일,http://www.model-solution.com,서울특별시,모델솔루션
모두투어,80160,080160.KQ,KOSDAQ,여행사 및 기타 여행보조 서비스업,"항공권판매수수료,해외여행알선",2005-07-26,12월,우종웅,http://www.modetour.co.kr,서울특별시,모두투어
모바일어플라이언스,87260,087260.KQ,KOSDAQ,소프트웨어 개발 및 공급업,"블랙박스, 내비게이션, HUD, ADAS",2017-02-24,12월,이재신,http://www.mobileappliance.co.kr,경기도,모바일어플라이언스
모베이스,101330,101330.KQ,KOSDAQ,통신 및 방송 장비 제조업,휴대전화 케이스,2010-02-04,12월,"손병준, 백승협(각자대표)",http://www.mobase.com,경기도,모베이스
모베이스전자,12860,012860.KQ,KOSDAQ,자동차 신품 부품 제조업,"스마트키,스위치",1994-10-26,12월,이광윤,http://www.mobaseelec.com,경기도,모베이스전자
모비데이즈,363260,363260.KQ,KOSDAQ,광고업,기업인수합병,2021-02-10,12월,유범령,https://www.mobidays.com,서울특별시,모비데이즈
모비릭스,348030,348030.KQ,KOSDAQ,소프트웨어 개발 및 공급업,모바일 게임 개발 및 퍼블리싱,2021-01-28,12월,"이남일, 이승균(각자 대표이사)",http://www.mobirix.com,서울특별시,모비릭스
모비스,250060,250060.KQ,KOSDAQ,"컴퓨터 프로그래밍, 시스템 통합 및 관리업",핵융합 제어솔루션 및 스마트팩토리 통합솔루션,2016-09-08,12월,김지헌,http://www.mobiis.com,경기도,모비스
모아데이타,288980,288980.KQ,KOSDAQ,소프트웨어 개발 및 공급업,인공지능 기반 ICT 시스템 이상탐지 및 예측 솔루션,2022-03-10,12월,한상진,http://www.moadata.co.kr,경기도,모아데이타
모아라이프플러스,142760,142760.KQ,KOSDAQ,자연과학 및 공학 연구개발업,"자궁경부상피이형증 치료제, 자궁경부전암 치료백신",2016-07-07,12월,한상진,http://www.bioleaders.co.kr,경기도,모아라이프플러스
모아텍,33200,033200.KQ,KOSDAQ,전자부품 제조업,위치제어용초정및소형모터,1997-10-13,03월,최성환,http://www.moatech.co.kr,인천광역시,모아텍
모코엠시스,333050,333050.KQ,KOSDAQ,소프트웨어 개발 및 공급업,"연계솔루션, 보안솔루션, APM솔루션",2019-10-31,12월,"김인수, 윤영호 (각자 대표이사)",http://www.mocomsys.com,서울특별시,모코엠시스
모토닉,9680,009680.KS,KOSPI,자동차 신품 부품 제조업,"자동차용 부품(연료펌프,LPI SYSTEM, FCEV) 제조,판매",1994-01-14,12월,"김희진, 신현돈(각자 대표이사)",http://www.motonic.com,서울특별시,모토닉
모트렉스,118990,118990.KQ,KOSDAQ,자동차 신품 부품 제조업,차량용 인포테인먼트,2017-08-04,12월,이형환,http://www.motrex.co.kr,경기도,모트렉스
모티브링크,463480,463480.KQ,KOSDAQ,전자부품 제조업,"EV용 Main Transformer, EV용 Line Filter",2025-02-20,12월,김기한,http://evpart.co.kr,경기도,모티브링크
모헨즈,6920,006920.KQ,KOSDAQ,"시멘트, 석회, 플라스터 및 그 제품 제조업",레미콘,1989-01-05,12월,김형민,http://www.imohenz.com,충청남도,모헨즈
무림페이퍼,9200,009200.KS,KOSPI,"펄프, 종이 및 판지 제조업","지류,아트지,백상지 제조",1990-06-09,12월,이도균,http://www.moorim.co.kr,경상남도,무림페이퍼
무림P&P,9580,009580.KS,KOSPI,"펄프, 종이 및 판지 제조업","표백화학펄프(B.K.P) 제조,목재가공,조림사업",1989-06-20,12월,이도균,http://www.moorimpnp.co.kr,울산광역시,"무림p&p, 무림P&P"
무림SP,1810,001810.KQ,KOSDAQ,"펄프, 종이 및 판지 제조업","아트지,CCP지",2000-01-04,12월,이도균,http://www.moorim.co.kr,서울특별시,"무림sp, 무림SP"
무진메디,322970,322970.KQ,KONEX,자연과학 및 공학 연구개발업,"NANO-MEDICINE 전문회사,LNP(지질나노입자)를 이용한 원료 소재 및 개량/신약 개발",2020-06-24,12월,윤태종,http://www.moogene.com,경기도,무진메디
무학,33920,033920.KS,KOSPI,알코올음료 제조업,소주,2010-07-20,12월,"최재호, 최낙준 (각자 대표이사)",http://www.muhak.co.kr,경상남도,무학
문배철강,8420,008420.KS,KOSPI,1차 철강 제조업,"철강재중 판재류(후판,박판,무늬강판) 제조,도매",1994-11-05,12월,이창환,http://www.moonbaesteel.co.kr,서울특별시,문배철강
미디어젠,279600,279600.KQ,KOSDAQ,소프트웨어 개발 및 공급업,음성인식 소프트웨어 기술개발,2019-11-05,12월,송민규,http://www.mediazen.co.kr,경기도,미디어젠
미래나노텍,95500,095500.KQ,KOSDAQ,플라스틱제품 제조업,LCDBLU용광학필름,2007-10-01,12월,김철영,http://www.mntech.co.kr,충청북도,미래나노텍
미래반도체,254490,254490.KQ,KOSDAQ,기타 전문 도매업,반도체,2023-01-27,12월,이정,http://www.miraisemi.co.kr,서울특별시,미래반도체
미래산업,25560,025560.KS,KOSPI,"측정, 시험, 항해, 제어 및 기타 정밀기기 제조업; 광학기기 제외","PCB마운터,반도체검사장비(반도체테스트핸들러),LCD 검사장비,리드프레임매가진 제조,도매,무역",1996-11-22,12월,이창재,http://www.mirae.co.kr,충청남도,미래산업
미래생명자원,218150,218150.KQ,KOSDAQ,동물용 사료 및 조제식품 제조업,동물용 사료 및 조제식품 제조업,2015-06-18,12월,김성진,http://www.milaebio.com,서울특별시,미래생명자원
미래아이앤지,7120,007120.KS,KOSPI,"컴퓨터 프로그래밍, 시스템 통합 및 관리업","CCTV, DVR제조, 금융솔루션, 방산제품",1999-11-26,12월,김학수,http://www.miraeing.co.kr,서울특별시,미래아이앤지
미래에셋글로벌리츠,396690,396690.KS,KOSPI,부동산 임대 및 공급업,부동산 임대업,2021-12-03,03월,신현준,,서울특별시,미래에셋글로벌리츠
미래에셋드림스팩1호,442900,442900.KQ,KOSDAQ,금융 지원 서비스업,기업인수합병,2023-03-15,12월,박장우,,서울특별시,미래에셋드림스팩1호
미래에셋맵스리츠,357250,357250.KS,KOSPI,부동산 임대 및 공급업,부동산 임대업,2020-08-05,11월,정상구,http://www.maps1reit.miraeasset.com,서울특별시,미래에셋맵스리츠
미래에셋벤처투자,100790,100790.KQ,KOSDAQ,기타 금융업,중소기업 창업투자 관련 고유계정/투자조합 관련 수익,2019-03-15,12월,김응석,http://venture.miraeasset.co.kr,경기도,미래에셋벤처투자
미래에셋비전스팩2호,446190,446190.KQ,KOSDAQ,금융 지원 서비스업,기업인수합병,2023-02-24,12월,이효상,,서울특별시,미래에셋비전스팩2호
미래에셋비전스팩3호,448830,448830.KQ,KOSDAQ,금융 지원 서비스업,기업인수목적회사(기타금융서비스),2023-04-07,12월,나경수,,서울특별시,미래에셋비전스팩3호
미래에셋비전스팩4호,477380,477380.KQ,KOSDAQ,금융 지원 서비스업,기업인수목적회사(기타금융서비스),2024-05-29,12월,김정수,,서울특별시,미래에셋비전스팩4호
미래에셋비전스팩5호,477470,477470.KQ,KOSDAQ,금융 지원 서비스업,기업인수합병,2024-06-19,12월,김대호,,서울특별시,미래에셋비전스팩5호
미래에셋비전스팩6호,478440,478440.KQ,KOSDAQ,금융 지원 서비스업,기업인수합병,2024-06-24,12월,정명훈,,서울특별시,미래에셋비전스팩6호
미래에셋비전스팩7호,482680,482680.KQ,KOSDAQ,금융 지원 서비스업,기업인수합병,2024-09-11,12월,송우영,,서울특별시,미래에셋비전스팩7호
미래에셋생명,85620,085620.KS,KOSPI,보험업,생명보험상품,2015-07-08,12월,"김재식, 황문규",http://life.miraeasset.com,서울특별시,미래에셋생명
미래에셋증권,6800,006800.KS,KOSPI,금융 지원 서비스업,"유가증권매매,유가증권위탁매매,유가증권인수",1975-09-30,12월,"김미섭, 허선호",http://securities.miraeasset.com,서울특별시,미래에셋증권
미래엔에듀파트너,208890,208890.KQ,KONEX,교육지원 서비스업,방과후 교육,2014-12-18,12월,"최용섭, 강윤구",http://www.edupartner.co.kr,서울특별시,미래엔에듀파트너
미래컴퍼니,49950,049950.KQ,KOSDAQ,특수 목적용 기계 제조업,EdgeGrinder,2005-01-04,12월,김준구,http://www.meerecompany.com,경기도,미래컴퍼니
미스터블루,207760,207760.KQ,KOSDAQ,기타 정보 서비스업,"온라인 만화 콘텐츠 서비스 및 제공, 만화 출판",2014-12-12,12월,조승진,http://www.mrbluecorp.com,서울특별시,미스터블루
미원상사,2840,002840.KS,KOSPI,기타 화학제품 제조업,"계면활성제,분황,황산,도료첨가제,프라스틱첨가제 제조",1989-09-25,12월,"홍창식, 강신우(각자대표)",http://www.mwc.co.kr,경기도,미원상사
미원에스씨,268280,268280.KS,KOSPI,기초 화학물질 제조업,에너지경화수지,2017-05-22,12월,"김형웅, 배원",http://www.miramer.co.kr,전북특별자치도,미원에스씨
미원홀딩스,107590,107590.KS,KOSPI,기타 금융업,도료첨가제,2009-03-02,12월,"김정돈, 손응주",https://www.mwc.co.kr,경기도,미원홀딩스
미원화학,134380,134380.KS,KOSPI,기타 화학제품 제조업,"계면활성제, 황산및분황",2011-02-15,12월,"김정만, 김태호 (각자대표)",http://www.miwonchemicals.com,울산광역시,미원화학
미쥬,351020,351020.KQ,KONEX,봉제의복 제조업,"여성의류, 골프의류 등",2023-10-26,12월,황승주,http://lenic.co.kr,서울특별시,미쥬
미창석유공업,3650,003650.KS,KOSPI,석유 정제품 제조업,"윤활유,고무배합유,전기절연유 제조,판매,수출입",1989-09-27,12월,유재순,http://www.michang.co.kr,부산광역시,미창석유공업
미코,59090,059090.KQ,KOSDAQ,반도체 제조업,반도체 및 디스플레이 부품 제조,2002-01-15,12월,이석윤,http://www.mico.kr,경기도,미코
미코바이오메드,214610,214610.KQ,KOSDAQ,의료용 기기 제조업,체외진단용 의료기기,2020-10-22,12월,정민영,http://www.micobiomed.com,경기도,미코바이오메드
미투온,201490,201490.KQ,KOSDAQ,소프트웨어 개발 및 공급업,소셜 카지노 게임,2016-10-10,12월,손창욱,http://www.me2on.com,서울특별시,미투온
미트박스,475460,475460.KQ,KOSDAQ,기타 정보 서비스업,축산물 도소매 판매 및 중개,2025-01-23,12월,김기봉,http://www.meatbox.co.kr,서울특별시,미트박스
민테크,452200,452200.KQ,KOSDAQ,"측정, 시험, 항해, 제어 및 기타 정밀기기 제조업; 광학기기 제외","배터리 진단시스템, 배터리 시스템, 충방전 검사장비",2024-05-03,12월,홍영진,http://www.g-mintech.co.kr,대전광역시,민테크
밀리의서재,418470,418470.KQ,KOSDAQ,"서적, 잡지 및 기타 인쇄물 출판업",전자책 정기구독 서비스,2023-09-27,12월,박현진,http://www.millie.co.kr/v3/brand/update,서울특별시,밀리의서재
바디텍메드,206640,206640.KQ,KOSDAQ,의료용품 및 기타 의약 관련제품 제조업,면역진단기기 및 카트리지,2014-12-29,12월,최의열,http://www.boditech.co.kr,강원특별자치도,바디텍메드
바른손,18700,018700.KQ,KOSDAQ,생활용품 도매업,지제품,1994-03-18,12월,"강신범, 문양권",http://www.barunson.co.kr,경기도,바른손
바른손이앤에이,35620,035620.KQ,KOSDAQ,"영화, 비디오물, 방송프로그램 제작 및 배급업",영화 및 콘텐츠 투자배급,1999-08-13,12월,"문양권, 최윤희",http://www.barunsonena.com,서울특별시,바른손이앤에이
바스칸바이오제약,354390,354390.KQ,KONEX,의약품 제조업,"일반의약품, 전문의약품, 의료기기",2022-07-20,12월,이법표,http://www.baskhanbio.com,경기도,바스칸바이오제약
바이넥스,53030,053030.KQ,KOSDAQ,의약품 제조업,"정장제, 소화제",2001-08-07,12월,이혁종,http://www.bi-nex.co.kr,부산광역시,바이넥스
바이브컴퍼니,301300,301300.KQ,KOSDAQ,소프트웨어 개발 및 공급업,"소셜 빅데이터 기반 인공지능 서비스 (소셜메트릭스), 문제 해결 솔루션 (AI Solver)",2020-10-28,12월,김경서,http://www.vaiv.kr,서울특별시,바이브컴퍼니
바이오노트,377740,377740.KS,KOSPI,의료용품 및 기타 의약 관련제품 제조업,"Rapid 반제품 및 완제품, 동물용신속진단 키트",2022-12-22,12월,조병기,http://www.bionote.co.kr,경기도,바이오노트
바이오니아,64550,064550.KQ,KOSDAQ,의료용품 및 기타 의약 관련제품 제조업,"합성유전자,시약및유전자분석장비",2005-12-29,12월,박한오,http://www.bioneer.co.kr,대전광역시,바이오니아
바이오다인,314930,314930.KQ,KOSDAQ,의료용 기기 제조업,액상세포검사 장비 및 소모품,2021-03-17,12월,임욱빈,http://www.biodyne.asia,서울특별시,바이오다인
바이오로그디바이스,208710,208710.KQ,KOSDAQ,전자부품 제조업,모바일용 카메라모듈 부품외,2014-12-24,12월,김정욱,http://www.biologdevice.com,경기도,바이오로그디바이스
바이오솔루션,86820,086820.KQ,KOSDAQ,기초 의약물질 제조업,"세포치료제, 인체조직모델 등",2018-08-20,12월,이정선,http://www.biosolutions.co.kr,서울특별시,바이오솔루션
바이오스마트,38460,038460.KQ,KOSDAQ,전자부품 제조업,"M/S 카드제조업, IC 카드제조, 카드장비판매",2000-06-22,12월,윤호권,http://www.bio-smart.com,서울특별시,바이오스마트
바이오에프디엔씨,251120,251120.KQ,KOSDAQ,기초 의약물질 제조업,식물세포 유래 유효물질 및 약리물질,2022-02-21,12월,"모상현, 정대현",http://www.biofdnc.com,인천광역시,바이오에프디엔씨
바이오인프라,199730,199730.KQ,KOSDAQ,자연과학 및 공학 연구개발업,"생동성시험, 검체 분석",2023-03-02,12월,이상득,http://bioinfrakorea.co.kr,경기도,바이오인프라
바이오인프라생명과학,266470,266470.KQ,KONEX,자연과학 및 공학 연구개발업,I-FINDER(바이오마커 진단),2020-07-22,12월,이덕윤,http://bioinfra.co.kr,서울특별시,바이오인프라생명과학
바이오텐,289170,289170.KQ,KONEX,기타 식품 제조업,"일반식품, 건강기능식품, 보조사료",2023-10-13,12월,김영철,http://www.bioten.co.kr,전북특별자치도,바이오텐
바이오톡스텍,86040,086040.KQ,KOSDAQ,자연과학 및 공학 연구개발업,"안전성평가, 유효성평가",2007-09-21,12월,강종구,http://www.biotoxtech.com,충청북도,바이오톡스텍
바이오프로테크,199290,199290.KQ,KONEX,의료용 기기 제조업,심전도 측정용 전극 등,2016-12-08,12월,"박익로,김병전 (공동대표이사)",http://www.protechsite.com,강원특별자치도,바이오프로테크
바이오플러스,99430,099430.KQ,KOSDAQ,기초 의약물질 제조업,"생체재료 개질 기술을 사용한 히알루론산(HA) 기반 더말필러, 유착방지제 및 그 응용제품",2021-09-27,12월,정현규,http://bioplus.co.kr,경기도,바이오플러스
바이온,32980,032980.KQ,KOSDAQ,음·식료품 및 담배 도매업,"배너,타포린,화장품,자동차부품",1997-08-06,12월,"류진형, 최석민 (각자대표이사)",http://www.by-on.co.kr,경기도,바이온
바이젠셀,308080,308080.KQ,KOSDAQ,자연과학 및 공학 연구개발업,"면역세포치료제 (면역항암제, 면역조절치료제 등)",2021-08-25,12월,기평석,http://www.vigencell.com/kr/index.asp,서울특별시,바이젠셀
바텍,43150,043150.KQ,KOSDAQ,의료용 기기 제조업,"치과용 디지털 X-ray기기 (파노라마, CT) 및 구강스캐너 등",2006-09-29,12월,황규호,http://www.vatech.co.kr,경기도,바텍
박셀바이오,323990,323990.KQ,KOSDAQ,자연과학 및 공학 연구개발업,"항암면역세포치료제(자연살해세포, 수지상세포, CAR-T 및 인터루킨 기반 항암제)",2020-09-22,12월,이제중 (단독 대표이사),http://www.vaxcell-bio.com,전라남도,박셀바이오
방림,3610,003610.KS,KOSPI,직물직조 및 직물제품 제조업,"P/C혼방직물,면방적,각종사류,직물류 제조,도소매",1989-05-30,09월,서재희 대표집행임원,http://www.pangrim.com,서울특별시,방림
배럴,267790,267790.KQ,KOSDAQ,봉제의복 제조업,래쉬가드 및 워터스포츠 등,2018-02-01,12월,박영준,http://www.getbarrel.com,서울특별시,배럴
백광산업,1340,001340.KS,KOSPI,기초 화학물질 제조업,"가성소다,합성염산 제조,판매",1976-06-10,12월,윤해구,http://www.pkc.kr,전북특별자치도,백광산업
백금T&A,46310,046310.KQ,KOSDAQ,통신 및 방송 장비 제조업,레이더디텍터,2002-02-05,12월,"임학규, 김병남 (공동 대표이사)",http://www.bgtna.com,경기도,"백금t&a, 백금T&A"
백산,35150,035150.KS,KOSPI,플라스틱제품 제조업,"P.U.인조피혁,부직포인공피혁 제조,무역",1999-08-11,12월,"김한준, 전제형(각자 대표이사)",http://www.baiksan.co.kr,경기도,백산
밸로프,331520,331520.KQ,KOSDAQ,소프트웨어 개발 및 공급업,기업인수합병,2019-10-29,12월,신재명,http://www.valofe.com,서울특별시,밸로프
뱅크웨어글로벌,199480,199480.KQ,KOSDAQ,소프트웨어 개발 및 공급업,국내외 은행 및 금융기업 대상 코어뱅킹 소프트웨어,2024-08-12,12월,"이경조, 이은중",http://bankwareglobal.com,서울특별시,뱅크웨어글로벌
버넥트,438700,438700.KQ,KOSDAQ,소프트웨어 개발 및 공급업,산업용 XR 솔루션,2023-07-26,12월,하태진,http://www.virnect.com,서울특별시,버넥트
버킷스튜디오,66410,066410.KQ,KOSDAQ,전기 통신업,DVD타이틀,2003-12-19,12월,강지연,http://www.towin-global.com,서울특별시,버킷스튜디오
범양건영,2410,002410.KS,KOSPI,건물 건설업,"토목공사,주택건설,건축공사,난방공사,전기공사,포장공사",1988-05-25,12월,강병주,http://www.iby.co.kr,부산광역시,범양건영
범한퓨얼셀,382900,382900.KQ,KOSDAQ,"전동기, 발전기 및 전기 변환 · 공급 · 제어 장치 제조업","잠수함용 연료전지모듈, 건물용 연료전지 시스템, 수소충전소 구축",2022-06-17,12월,황정태,http://www.bumhanfuelcell.com,경상남도,범한퓨얼셀
베노티앤알,206400,206400.KQ,KOSDAQ,실내건축 및 건축마무리 공사업,"웹게임, 모바일게임",2014-12-10,12월,정집훈,http://www.benotnr.com,서울특별시,베노티앤알
베뉴지,19010,019010.KQ,KOSDAQ,종합 소매업,"백화점,예식장업",1993-11-05,12월,"김만진, 김창희(각자 대표이사)",http://www.venueg.com,서울특별시,베뉴지
베셀,177350,177350.KQ,KOSDAQ,특수 목적용 기계 제조업,디스플레이 제조장비,2015-06-19,12월,권현기,http://www.vessel21.com,경기도,베셀
벡트,457600,457600.KQ,KOSDAQ,영상 및 음향기기 제조업,"프로젝터, 전자칠판, 전자교탁 및 관련 영상 소프트웨어, 콘텐츠 등",2024-12-16,12월,유창수,http://vect.co.kr,서울특별시,벡트
벨로크,424760,424760.KQ,KOSDAQ,"컴퓨터 프로그래밍, 시스템 통합 및 관리업","보안솔루션,보안서비스",2022-07-22,12월,이정현,http://www.bellock.co.kr,울산광역시,벨로크
벽산,7210,007210.KS,KOSPI,기타 비금속 광물제품 제조업,"단열재, 천장재, 외장재, 내장재, 외단열, 바닥재 등",1972-01-04,12월,김 성 식,http://www.byucksan.com,서울특별시,벽산
보광산업,225530,225530.KQ,KOSDAQ,기타 비금속 광물제품 제조업,"콘크리트용 부순골재, 아스콘, 레미콘",2015-12-17,12월,김윤수,http://www.bokwangindustry.co.kr,대구광역시,보광산업
보라티알,250000,250000.KQ,KOSDAQ,음·식료품 및 담배 도매업,"유가공품, 소스류, 파스타류",2017-06-08,12월,"김대영,허훈(각자대표)",http://www.boratr.co.kr,서울특별시,보라티알
보락,2760,002760.KS,KOSPI,기타 화학제품 제조업,"식품향료,식품첨가물,화학제품,껌베이스(자일리톨,에리스리톨),담배향료 제조,판매",1989-11-30,12월,정기련,http://www.bolak.co.kr,경기도,보락
보령,3850,003850.KS,KOSPI,의약품 제조업,"의약품(제산제(겔포스),구심,용각산,고혈압치료제(카프릴),소염진통제(멘소레담),항생제(듀리세프),혈전치료제(아스트릭스)) 제조",1988-10-24,12월,김정균,http://www.boryung.co.kr,서울특별시,보령
보로노이,310210,310210.KQ,KOSDAQ,기초 의약물질 제조업,표적치료제,2022-06-24,12월,김현태,http://voronoi.io,인천광역시,보로노이
보성파워텍,6910,006910.KQ,KOSDAQ,"구조용 금속제품, 탱크 및 증기발생기 제조업",송배전용자재,1994-09-07,12월,임재황,http://www.bosungpower.co.kr,충청북도,보성파워텍
보해양조,890,000890.KS,KOSPI,알코올음료 제조업,"주류(소주,매취,실비우스,위스키) 제조,음료 도매",1988-09-23,12월,조영석,http://www.bohae.co.kr,전라남도,보해양조
본느,226340,226340.KQ,KOSDAQ,기타 화학제품 제조업,기업인수합병,2015-11-05,12월,강은실,http://www.bonne.co.kr,서울특별시,본느
볼빅,206950,206950.KQ,KONEX,운동 및 경기용구 제조업,골프공,2015-12-30,12월,홍승석,http://www.volvik.co.kr,충청북도,볼빅
부광약품,3000,003000.KS,KOSPI,의약품 제조업,"의약품,치약,의약부외품(부광탁스,레가론,부광안티프라그) 제조",1988-08-05,12월,이제영,http://www.bukwang.co.kr,서울특별시,부광약품
부국증권,1270,001270.KS,KOSPI,금융 지원 서비스업,"유가증권 매매,위탁매매,인수,주선",1988-07-19,12월,박현철,http://www.bookook.co.kr,서울특별시,부국증권
부국철강,26940,026940.KS,KOSPI,1차 철강 제조업,철강,2008-10-14,12월,남상규/손일호,http://www.bks.co.kr,광주광역시,부국철강
부방,14470,014470.KQ,KOSDAQ,부동산 임대 및 공급업,"자회사관리, 부동산임대",1994-02-25,12월,박규원,http://www.bubang.com,서울특별시,부방
부산산업,11390,011390.KS,KOSPI,"시멘트, 석회, 플라스터 및 그 제품 제조업","레미콘 제조,판매",1990-09-14,12월,정영교,http://www.busanind.co.kr,부산광역시,부산산업
부산주공,5030,005030.KS,KOSPI,자동차 신품 부품 제조업,"자동차부품(엔진부품,조향장치부품,브레이장치부품,오토미셧부품) 제조,도매/부동산 임대",1975-12-26,12월,장세훈,http://www.pci21c.com,부산광역시,부산주공
부스타,8470,008470.KQ,KOSDAQ,"구조용 금속제품, 탱크 및 증기발생기 제조업","관류보일러,진공온수보일러,무압온수보일러,난방기 제조,판매",2011-02-23,12월,유승협,http://www.booster.co.kr,충청북도,부스타
뷰노,338220,338220.KQ,KOSDAQ,소프트웨어 개발 및 공급업,"뷰노메드 음성솔루션, 뷰노메드 영상솔루션, 기타 솔루션 등",2021-02-26,12월,이예하,http://www.vuno.co,서울특별시,뷰노
뷰웍스,100120,100120.KQ,KOSDAQ,의료용 기기 제조업,X-Ray Detector,2009-04-10,12월,김후식,http://www.vieworks.com,경기도,뷰웍스
뷰티스킨,406820,406820.KQ,KOSDAQ,기타 화학제품 제조업,"화장품 제조, 브랜드, 유통 사업",2023-07-24,12월,"김종수, 최범석",http://beautyskincorp.co.kr,인천광역시,뷰티스킨
브랜드엑스코퍼레이션,337930,337930.KQ,KOSDAQ,기타 정보 서비스업,"애슬레저의류, 생활/청결 용품",2020-08-13,12월,이수연 (단독 대표이사),http://www.brandxcorp.com,서울특별시,브랜드엑스코퍼레이션
브레인즈컴퍼니,99390,099390.KQ,KOSDAQ,소프트웨어 개발 및 공급업,IT 인프라 통합관리 솔루션,2021-08-19,12월,강선근,http://www.brainz.co.kr,서울특별시,브레인즈컴퍼니
브리지텍,64480,064480.KQ,KOSDAQ,소프트웨어 개발 및 공급업,"컨택센터솔루션,BcN솔루션,ASP서비스사업",2008-06-04,12월,신경식,http://www.bridgetec.co.kr,서울특별시,브리지텍
브릿지바이오,288330,288330.KQ,KOSDAQ,기초 의약물질 제조업,"펠리노-1 단백질 저해제, 오토택신 저해제",2019-12-20,12월,이정규,http://www.bridgebiorx.com,경기도,브릿지바이오
브이씨,365900,365900.KQ,KOSDAQ,운동 및 경기용구 제조업,골프용 거리측정기,2022-02-24,12월,김준오,http://www.voicecaddie.co.kr,서울특별시,브이씨
브이엠,89970,089970.KQ,KOSDAQ,특수 목적용 기계 제조업,300mm Poly Etch System,2018-08-23,12월,"최우형, 임종필 (각자 대표이사)",http://www.vmsemi.com,경기도,브이엠
브이원텍,251630,251630.KQ,KOSDAQ,특수 목적용 기계 제조업,"LCD/OLED 압흔검사기, 2차전지 검사장비",2017-07-13,12월,김선중,http://www.v-one.co.kr,경기도,브이원텍
브이티,18290,018290.KQ,KOSDAQ,기타 화학제품 제조업,"화장품, 라미네이팅필름, 라미네이팅기계",1994-09-07,12월,"강승곤,정철",http://www.vtgmpcorp.co.kr,경기도,브이티
블랙야크아이앤씨,478560,478560.KQ,KOSDAQ,신발 및 신발 부분품 제조업,"산업용 안전화, 안전복 및 안전용품",2025-01-21,12월,김태효,http://www.blackyakinc.com,서울특별시,블랙야크아이앤씨
블루엠텍,439580,439580.KQ,KOSDAQ,기타 전문 도매업,의약품 유통업,2023-12-13,12월,김현수,http://www.bluemtec.com,경기도,블루엠텍
블루콤,33560,033560.KQ,KOSDAQ,영상 및 음향기기 제조업,블루투스헤드셋,2011-01-26,12월,"김종규, 김태진",http://www.bluec.co.kr,인천광역시,블루콤
블루탑,191600,191600.KQ,KONEX,전자부품 제조업,,2016-08-05,12월,김상봉,http://www.e-tkc.com,인천광역시,블루탑
블리츠웨이스튜디오,369370,369370.KQ,KOSDAQ,"인형,장난감 및 오락용품 제조업",피규어 제조 및 판매,2020-12-23,12월,"최승원, 이승우 (각자 대표이사)",http://blitzway.com,서울특별시,블리츠웨이스튜디오
비나텍,126340,126340.KQ,KOSDAQ,일차전지 및 이차전지 제조업,초고용량 커패시터(슈퍼커패시터),2020-09-23,12월,성도경,http://www.vina.co.kr,전북특별자치도,비나텍
비덴트,121800,121800.KQ,KOSDAQ,통신 및 방송 장비 제조업,방송용 LCD모니터,2011-12-01,12월,임정근,http://www.vidente.co.kr,서울특별시,비덴트
비보존 제약,82800,082800.KQ,KOSDAQ,의약품 제조업,완제의약품제조,2005-11-18,12월,장부환,http://www.vivozonpharm.com,경기도,비보존 제약
비비씨,318410,318410.KQ,KOSDAQ,기타 화학제품 제조업,덴탈 케어용 소재(테이퍼모 등),2020-09-21,12월,"강기태,전용태",http://bestbristle.com,대전광역시,비비씨
비비안,2070,002070.KS,KOSPI,봉제의복 제조업,"여성내의류(스타킹,화운데이숀,란제리),카바링사 제조,수출입/부동산 매매,임대",1976-07-13,12월,손영섭,http://www.vivien.co.kr,서울특별시,비비안
비상교육,100220,100220.KS,KOSPI,"서적, 잡지 및 기타 인쇄물 출판업","참고서 출판/소프트웨어 개발,공급",2008-06-30,12월,양태회,http://www.visang.com,경기도,비상교육
비스토스,419540,419540.KQ,KOSDAQ,의료용 기기 제조업,환자 및 태아감시장치,2022-10-18,12월,이후정,http://www.bistos.co.kr/korean,경기도,비스토스
비씨엔씨,146320,146320.KQ,KOSDAQ,반도체 제조업,반도체용 합성쿼츠 포커스링,2022-03-03,12월,김돈한,http://www.bcnc.co.kr,경기도,비씨엔씨
비씨월드제약,200780,200780.KQ,KOSDAQ,의약품 제조업,"마취통증약, 순환계약, 항생제, 기타처방약",2014-12-15,12월,홍성한,http://www.bcwp.co.kr,경기도,비씨월드제약
비아이매트릭스,413640,413640.KQ,KOSDAQ,소프트웨어 개발 및 공급업,로우코드 기반 코딩 자동화 솔루션 등,2023-11-09,12월,배영근,http://www.bimatrix.co.kr,서울특별시,비아이매트릭스
비아트론,141000,141000.KQ,KOSDAQ,특수 목적용 기계 제조업,AMOLED 등 제조장비,2012-05-04,12월,김 형 준,http://www.viatrontech.com,경기도,비아트론
비에이치,90460,090460.KS,KOSPI,전자부품 제조업,FPCB (연성인쇄회로기판),2023-06-20,12월,최영식,http://www.bhe.co.kr,인천광역시,비에이치
비에이치아이,83650,083650.KQ,KOSDAQ,일반 목적용 기계 제조업,"보일러,열교환기등",2005-12-02,12월,"우종인, 조원래 (각자 대표이사)",http://www.bhi.co.kr,경상남도,비에이치아이
비엔케이제1호스팩,445360,445360.KQ,KOSDAQ,금융 지원 서비스업,기업인수합병,2022-12-22,12월,조국형,http://bnkspac1.com,서울특별시,비엔케이제1호스팩
비엔케이제2호스팩,473370,473370.KQ,KOSDAQ,금융 지원 서비스업,금융 지원 서비스업,2024-03-05,12월,정민중,http://bnkspac2.com,서울특별시,비엔케이제2호스팩
비엘팜텍,65170,065170.KQ,KOSDAQ,음·식료품 및 담배 도매업,건강보조식품 등,2002-11-19,12월,박영철,http://www.blpharmtech.com,경기도,비엘팜텍
비엠티,86670,086670.KQ,KOSDAQ,일반 목적용 기계 제조업,"정밀계장용피팅및밸브류,전원분배장치(MCPD)",2007-11-02,12월,윤종찬,http://superlok.com,부산광역시,비엠티
비올,335890,335890.KQ,KOSDAQ,의료용 기기 제조업,의료기기,2019-12-03,12월,이상진,http://www.viol.co.kr,경기도,비올
비유테크놀러지,230980,230980.KQ,KOSDAQ,소프트웨어 개발 및 공급업,VR기반 교육훈련용솔루션,2016-03-02,12월,위용현,http://www.aiitone.com,부산광역시,비유테크놀러지
비츠로셀,82920,082920.KQ,KOSDAQ,일차전지 및 이차전지 제조업,리튬1차전지,2009-10-28,12월,장승국,http://www.vitzrocell.com,충청남도,비츠로셀
비츠로시스,54220,054220.KQ,KOSDAQ,"전동기, 발전기 및 전기 변환 · 공급 · 제어 장치 제조업","원방감시제어시스템, 분산제어시스템",2001-12-26,12월,이기재,http://www.vitzrosys.com,서울특별시,비츠로시스
비츠로테크,42370,042370.KQ,KOSDAQ,기타 금융업,"차단기, 개폐기",2000-08-03,12월,"유병언, 장범수",http://www.vitzrotech.com,경기도,비츠로테크
비케이홀딩스,50090,050090.KQ,KOSDAQ,광고업,광고,2004-06-29,12월,"홍석규, 고승범 각자대표",http://www.phoenixmaterials.kr,경상북도,비케이홀딩스
비큐AI,148780,148780.KQ,KOSDAQ,소프트웨어 개발 및 공급업,"아이서퍼, 위고몬 등",2022-06-20,12월,임경환,http://www.bflysoft.co.kr,서울특별시,"비큐ai, 비큐AI"
비투엔,307870,307870.KQ,KOSDAQ,소프트웨어 개발 및 공급업,"데이터컨설팅, 품질관리 솔루션",2018-12-12,12월,"이창현, 김기훈 (각자 대표이사)",http://www.b2en.com,서울특별시,비투엔
비트맥스,377030,377030.KQ,KOSDAQ,소프트웨어 개발 및 공급업,AR 개발 플랫폼/AR솔루션,2021-07-27,12월,홍상혁,http://www.maxst.com,서울특별시,비트맥스
비트컴퓨터,32850,032850.KQ,KOSDAQ,소프트웨어 개발 및 공급업,의료정보시스템,1997-07-04,12월,"전 진 옥, 조 현 정",http://www.bit.co.kr,서울특별시,비트컴퓨터
비피도,238200,238200.KQ,KOSDAQ,기타 식품 제조업,프로바이오틱스 관련 완제품 및 균주 원말 등,2018-12-26,12월,"이원범, 박명수(각자대표)",http://bifido.com,강원특별자치도,비피도
빅솔론,93190,093190.KQ,KOSDAQ,컴퓨터 및 주변장치 제조업,"POS용프린터,프린팅메카니즘",2007-08-20,12월,노현철 단독 대표이사,http://www.bixolon.com,경기도,빅솔론
빅텍,65450,065450.KQ,KOSDAQ,"측정, 시험, 항해, 제어 및 기타 정밀기기 제조업; 광학기기 제외",전자전시스템 장치류,2003-02-05,12월,임만규,http://www.victek.co.kr,인천광역시,빅텍
빌리언스,44480,044480.KQ,KOSDAQ,고무제품 제조업,"콘돔,고무골무,의료용 장갑",2001-01-11,12월,"박종진, 심화석(각자대표이사)",http://www.unidusok.com,충청북도,빌리언스
빙그레,5180,005180.KS,KOSPI,동·식물성 유지 및 낙농제품 제조업,"아이스크림,우유,스낵,유산균(욥닥터캡슐) 제조",1978-08-31,12월,전창원,http://www.bing.co.kr,경기도,빙그레
빛과전자,69540,069540.KQ,KOSDAQ,통신 및 방송 장비 제조업,기타무선통신장비제조업,2004-02-13,12월,박찬희,http://www.lightron.co.kr,대전광역시,빛과전자
빛샘전자,72950,072950.KQ,KOSDAQ,전자부품 제조업,"전광판용 LED 모듈, LED 전광판, 광접속함체",2012-03-21,12월,"강만준, 강명구 (각자대표)",http://www.vissem.com,경기도,빛샘전자
뿌리깊은나무들,266170,266170.KQ,KONEX,"영화, 비디오물, 방송프로그램 제작 및 배급업",TV 드라마 등,2017-06-09,12월,이재원,http://www.redwoods.co.kr,서울특별시,뿌리깊은나무들
삐아,451250,451250.KQ,KOSDAQ,기타 화학제품 제조업,색조화장품,2024-04-25,12월,박광춘,http://www.bbiacosmetic.com,인천광역시,삐아
사람인,143240,143240.KQ,KOSDAQ,"자료처리, 호스팅, 포털 및 기타 인터넷 정보매개 서비스업","온라인 채용광고(취업포털), 인재파견, 취업지원 등",2012-02-21,12월,황현순,http://www.saramin.co.kr,서울특별시,사람인
사이냅소프트,466410,466410.KQ,KOSDAQ,소프트웨어 개발 및 공급업,"웹 기반 문서뷰어, 문서필터, 웹 에디터 등",2024-11-19,12월,전경헌,http:///www.synapsoft.co.kr,서울특별시,사이냅소프트
사조대림,3960,003960.KS,KOSPI,수산물 가공 및 저장 처리업,"게맛살,어육연제품,식용류,배합사료 제조",1976-09-16,12월,김상훈,http://dr.sajo.co.kr,서울특별시,사조대림
사조동아원,8040,008040.KS,KOSPI,"곡물가공품, 전분 및 전분제품 제조업","제분, 배합사료 제조",1989-06-24,12월,이창주,http://do.sajo.co.kr,서울특별시,사조동아원
사조산업,7160,007160.KS,KOSPI,어로 어업,"원양어업(참치,명태,오징어),육가공,참치통조림,장류 제조/냉동냉장 창고운영/부동산 임대/컴퓨터,소프트웨어 개발,도매/팝콘,구운김 도매",1989-07-25,12월,"주진우, 김치곤(각자대표)",http://www.sajo.co.kr,서울특별시,사조산업
사조씨푸드,14710,014710.KS,KOSPI,수산물 가공 및 저장 처리업,횟감용 참치 및 기타 일반수산물,2012-06-29,12월,김치곤,http://www.sajosf.co.kr,서울특별시,사조씨푸드
사조오양,6090,006090.KS,KOSPI,수산물 가공 및 저장 처리업,"원양어업/수산물가공(게맛살) 제조,수출입/냉동 및 냉장보관/부동산 임대",1986-12-24,12월,"박정훈, 최동재",http://www.sajooy.com,서울특별시,사조오양
사피엔반도체,452430,452430.KQ,KOSDAQ,반도체 제조업,Micro/Mini-LED Display Driver IC,2024-02-19,12월,이명희,http://www.sapien-semicon.com,경기도,사피엔반도체
산돌,419120,419120.KQ,KOSDAQ,소프트웨어 개발 및 공급업,리테일 폰트 등,2022-10-27,12월,윤영호 (단독대표),http://www.sandoll.co.kr,서울특별시,산돌
산일전기,62040,062040.KS,KOSPI,"전동기, 발전기 및 전기 변환 · 공급 · 제어 장치 제조업","유입, 몰드, 주상, 건식 변압기 등",2024-07-29,12월,박동석,http://www.sanil.co.kr,경기도,산일전기
삼기,122350,122350.KQ,KOSDAQ,자동차 신품 부품 제조업,자동차부품,2010-03-19,12월,"김치환, 이동원",http://www.samkee.com,충청남도,삼기
삼기이브이,419050,419050.KQ,KOSDAQ,자동차 신품 부품 제조업,배터리(이차전지) 부품 (엔드플레이트),2023-02-03,12월,김치환,http://ev.samkee.com,충청남도,삼기이브이
삼륭물산,14970,014970.KQ,KOSDAQ,"골판지, 종이 상자 및 종이용기 제조업",카톤팩,1992-12-29,12월,조홍로,http://www.srpack.com,경기도,삼륭물산
삼목에스폼,18310,018310.KQ,KOSDAQ,"구조용 금속제품, 탱크 및 증기발생기 제조업","갱폼,알루미늄폼,특수폼,알루미늄압출재",1996-05-03,12월,엄석호,http://www.sammok.co.kr,경기도,삼목에스폼
삼미금속,12210,012210.KQ,KONEX,기타 금속 가공제품 제조업,상용차/중장비/선박엔진 부품,2023-05-16,12월,이남영,http://www.sammiforge.co.kr,경상남도,삼미금속
삼보모터스,53700,053700.KQ,KOSDAQ,자동차 신품 부품 제조업,증명서 자동발급기,2001-11-06,12월,이재하,http://www.sambomotos.co.kr,대구광역시,삼보모터스
삼보산업,9620,009620.KQ,KOSDAQ,1차 비철금속 제조업,알미늄괴,1993-12-07,12월,"이태용, 최재훈 (각자대표이사)",http://www.samboind.com,경상남도,삼보산업
삼보판지,23600,023600.KQ,KOSDAQ,"펄프, 종이 및 판지 제조업","골판지,골판지상자",1996-05-29,12월,류진호,http://www.isambo.com,경기도,삼보판지
삼부토건,1470,001470.KS,KOSPI,토목 건설업,"토목공사,건축공사,포장공사,건설업,분양사업/건설자재 제조",1976-06-26,12월,오일록,http://www.sambu.co.kr,서울특별시,삼부토건
삼성공조,6660,006660.KS,KOSPI,자동차 신품 부품 제조업,"자동차부품(라디에터,오일쿨러) 제조,판매",1987-11-28,12월,고호곤,http://www.samsungcc.co.kr,경상남도,삼성공조
삼성물산,28260,028260.KS,KOSPI,기타 전문 도매업,"도소매, 건설, 남자용 정장 제조업 등",2014-12-18,12월,"오세철, 정해린, 이재언",http://www.samsungcnt.com,서울특별시,삼성물산
삼성바이오로직스,207940,207940.KS,KOSPI,기초 의약물질 제조업,바이오의약품,2016-11-10,12월,임존종보 (Rim John Chongbo),http://www.samsungbiologics.com,인천광역시,삼성바이오로직스
삼성생명,32830,032830.KS,KOSPI,보험업,"생명보험,부동산 임대",2010-05-12,12월,홍원학,http://www.samsunglife.com,서울특별시,삼성생명
삼성스팩7호,439250,439250.KQ,KOSDAQ,금융 지원 서비스업,기업인수합병,2022-10-26,12월,이지연,,서울특별시,삼성스팩7호
삼성스팩8호,448740,448740.KQ,KOSDAQ,금융 지원 서비스업,기업인수합병,2023-03-02,12월,안신영,,서울특별시,삼성스팩8호
삼성스팩9호,468510,468510.KQ,KOSDAQ,금융 지원 서비스업,기업인수합병,2023-12-04,12월,오정헌,,서울특별시,삼성스팩9호
삼성에스디에스,18260,018260.KS,KOSPI,"컴퓨터 프로그래밍, 시스템 통합 및 관리업","IT서비스, 물류BPO",2014-11-14,12월,이준희,http://www.samsungsds.com,서울특별시,삼성에스디에스
삼성전기,9150,009150.KS,KOSPI,전자부품 제조업,"수동소자 (MLCC, Inductor, Chip Resistor 등), 모듈(카메라모듈, 통신모듈), 반도체패키지 기판",1979-02-27,12월,장덕현,http://www.sem.samsung.co.kr,경기도,삼성전기
삼성전자,5930,005930.KS,KOSPI,통신 및 방송 장비 제조업,"통신 및 방송 장비 제조(무선) 제품, 반도체 제조(메모리) 제품, 전자부품 제조(디스플레이) 제품, 영상 및 음향기기 제조(영상기기) 제품 등",1975-06-11,12월,전영현,http://www.samsung.com/sec,경기도,"Samsung Electronics, 삼성전자"
삼성제약,1360,001360.KS,KOSPI,의약품 제조업,"의약품(까스명수,쓸기담,에프킬라에어졸,액체우황청심원) 제조,도매",1975-07-04,12월,정성택 대표이사,http://www.sspharm.co.kr,경기도,삼성제약
삼성중공업,10140,010140.KS,KOSPI,선박 및 보트 건조업,"선박(벌크선,원유운반선),철구조물,에너지플랜트 생산,판매/토목건축업",1994-01-28,12월,최성안,http://www.samsungshi.com,경기도,삼성중공업
삼성증권,16360,016360.KS,KOSPI,금융 지원 서비스업,"유가증권의 매매,위탁매매,인수주선",1988-03-28,12월,박종문,http://www.samsungpop.com,서울특별시,삼성증권
삼성출판사,68290,068290.KS,KOSPI,"서적, 잡지 및 기타 인쇄물 출판업","서적 출판,인쇄,소매/부동산 임대",2002-08-05,12월,김진용,http://www.samsungbooks.com,서울특별시,삼성출판사
삼성카드,29780,029780.KS,KOSPI,기타 금융업,"신용카드업,상품신용판매,현금서비스,카드론,리스,기업대출,여행업무,통신판매",2007-06-27,12월,김이태,http://www.samsungcard.co.kr,서울특별시,삼성카드
삼성화재해상보험,810,000810.KS,KOSPI,보험업,"손해보험의 원수,재보험,운용자산의 투자활동",1975-06-30,12월,이문화,http://www.samsungfire.com,서울특별시,삼성화재해상보험
삼성E&A,28050,028050.KS,KOSPI,"건축기술, 엔지니어링 및 관련 기술 서비스업","산업설비,건물,구축물,토목시설의 설계,시공,공사감리",1996-12-24,12월,남궁홍,http://www.samsungena.com,서울특별시,"삼성e&a, 삼성E&A"
삼성FN리츠,448730,448730.KS,KOSPI,부동산 임대 및 공급업,대치타워 및 에스원빌딩,2023-04-10,01월,이명규,http://www.samsungfnreit.com,서울특별시,"삼성fn리츠, 삼성FN리츠"
삼성SDI,6400,006400.KS,KOSPI,일차전지 및 이차전지 제조업,"2차전지, 전자재료 제조 판매",1979-02-27,12월,최주선,http://www.samsungsdi.co.kr,경기도,"삼성sdi, 삼성SDI"
삼아알미늄,6110,006110.KS,KOSPI,1차 비철금속 제조업,"알루미늄박지,은박지,은박가공품,알페이스트 제조,도매,수출",1980-12-05,12월,"한남희, 김진범",http://www.sama-al.com,경기도,삼아알미늄
삼아제약,9300,009300.KQ,KOSDAQ,의약품 제조업,"노마에프, 아토크건조시럽, 코데날정, 코코시럽, 스마엘",2000-07-19,12월,허 준,http://www.samapharm.co.kr,강원특별자치도,삼아제약
삼양사,145990,145990.KS,KOSPI,기타 식품 제조업,설탕,2011-12-05,12월,"최낙현, 강호성",http://www.samyangcorp.com,서울특별시,삼양사
삼양식품,3230,003230.KS,KOSPI,기타 식품 제조업,"라면,스낵,유제품,장유,식용유,사료,향신료,건강음료(루이보스 티) 제조,도매",1975-06-30,12월,"김정수, 김동찬",http://www.samyangfoods.com,서울특별시,삼양식품
삼양엔씨켐,482630,482630.KQ,KOSDAQ,기타 화학제품 제조업,"반도체 포토레지스트용 기초화합물(KrF PR용 소재, ArF PR용 소재, Wet Chemical)",2025-02-03,12월,정회식,http://www.samyangncchem.com,경기도,삼양엔씨켐
삼양케이씨아이,36670,036670.KQ,KOSDAQ,기타 화학제품 제조업,"폴리머,레진,계면활성제",2001-01-03,12월,이진용,http://www.kciltd.com,충청남도,삼양케이씨아이
삼양통상,2170,002170.KS,KOSPI,"가죽, 가방 및 유사제품 제조업","피혁원단,혁제운동화,혁제장갑,혁제스포츠용품 제조,상품중개,무역",1989-11-10,12월,"허남각, 허준홍 (2인 각자 대표이사)",http://www.samyangts.com,서울특별시,삼양통상
삼양패키징,272550,272550.KS,KOSPI,플라스틱제품 제조업,PET 용기 및 아셉틱 OEM,2017-11-29,12월,김재홍,http://www.samyangpackaging.co.kr,서울특별시,삼양패키징
삼양홀딩스,70,000070.KS,KOSPI,기타 금융업,"지주회사,경영자문컨설팅",1968-12-27,12월,"엄태웅, 김경진",http://www.samyang.com,서울특별시,삼양홀딩스
삼영,3720,003720.KS,KOSPI,플라스틱제품 제조업,"합성수지(BOPP,캐파시타),PPC,랩,종이상자(카톤팩) 제조",1976-06-30,12월,"이석준, 조영한",http://www.sycc.co.kr,서울특별시,삼영
삼영무역,2810,002810.KS,KOSPI,기타 전문 도매업,"화공약품, 안경렌즈",1988-03-28,12월,이승용,http://www.samyung.co.kr,서울특별시,삼영무역
삼영에스앤씨,361670,361670.KQ,KOSDAQ,전자부품 제조업,"칩형 온습도센서,상대습도센서,미세먼지센서, 공기질 통합센서 노드 및 트랜스미터",2021-05-21,12월,박상익,http://samyoungsnc.com,경기도,삼영에스앤씨
삼영엠텍,54540,054540.KQ,KOSDAQ,"구조용 금속제품, 탱크 및 증기발생기 제조업","구조용 특수장치, 교량부품",2001-11-15,12월,전창옥,http://www.symtek.co.kr,경상남도,삼영엠텍
삼영이엔씨,65570,065570.KQ,KOSDAQ,통신 및 방송 장비 제조업,"GMDSS장비, GPS플로터 등",2003-01-21,12월,김중철,http://www.samyungenc.com,부산광역시,삼영이엔씨
삼영전자공업,5680,005680.KS,KOSPI,전자부품 제조업,"전자부품(알루미늄 전해콘덴서),전기이중층콘덴서,센서 제조,도매",1976-12-28,12월,"변동준, 김성수(각자 대표이사)",http://www.samyoung.co.kr,경기도,삼영전자공업
삼원강재,23000,023000.KS,KOSPI,자동차 신품 부품 제조업,"열간압연제품(평강,봉강,특수이형강,환강,자동차용 겹판스프링) 제조,판매",2011-07-22,12월,"장범석, 박민희(각자대표)",http://www.samwon-steel.co.kr,경상북도,삼원강재
삼익악기,2450,002450.KS,KOSPI,악기 제조업,"피아노,기타,현악기,전자악기,동 부분품 제조,임대,도매",1988-09-30,12월,"김종섭, 김민수",http://www.samick.co.kr,충청북도,삼익악기
삼익THK,4380,004380.KS,KOSPI,일반 목적용 기계 제조업,"직선운동시스템,메카트로시스템,기타정밀 자동화기기 제조,판매/전자상거래,인터넷 관련 s/w,h/w 개발,판매,유지보수",1989-09-26,12월,진영환,http://www.samickthk.co.kr,대구광역시,"삼익thk, 삼익THK"
삼일,32280,032280.KQ,KOSDAQ,도로 화물 운송업,운송 및 하역수입,1997-03-15,12월,"강승엽,안인수(각자대표)",http://www.samil31.co.kr,경상북도,삼일
삼일기업공사,2290,002290.KQ,KOSDAQ,건물 건설업,도급공사,1992-11-30,12월,박종웅,http://www.samilenter.com,서울특별시,삼일기업공사
삼일씨엔에스,4440,004440.KS,KOSPI,"시멘트, 석회, 플라스터 및 그 제품 제조업","PHC파일, 강교, PC",2016-03-30,12월,윤성용,http://www.esamil.com,경기도,삼일씨엔에스
삼일제약,520,000520.KS,KOSPI,의약품 제조업,"양약(부루펜,액티피드,포리부틴) 제조,도매",1985-05-29,12월,허승범,http://www.samil-pharm.com,서울특별시,삼일제약
삼정펄프,9770,009770.KS,KOSPI,"펄프, 종이 및 판지 제조업","지류화장지,안면용,위생용 티슈 제조,판매",2006-10-17,12월,전성오,http://www.sjpulp.com,경기도,삼정펄프
삼지전자,37460,037460.KQ,KOSDAQ,통신 및 방송 장비 제조업,"통신기기,정보기기,BACKLIGHTUNIT사업",1999-12-16,12월,"각자대표이사 박두진, 이태훈",http://www.samjielec.co.kr,경기도,삼지전자
삼진,32750,032750.KQ,KOSDAQ,통신 및 방송 장비 제조업,리모컨,1997-07-14,12월,김승철,http://www.samjin.com,경기도,삼진
삼진엘앤디,54090,054090.KQ,KOSDAQ,그외 기타 제품 제조업,"몰드프레임, TFT-LCD BLU",2004-02-06,12월,이명종,http://samjin.co.kr,경기도,삼진엘앤디
삼진제약,5500,005500.KS,KOSPI,의약품 제조업,"의약품(게보린,세트라졸,염산나록손) 제조,판매,수출입,약초재배",1988-06-18,12월,"최지현, 조규석",http://www.samjinpharm.co.kr,서울특별시,삼진제약
삼천당제약,250,000250.KQ,KOSDAQ,의약품 제조업,"하메론, 아토로우",2000-10-04,12월,전인석,http://www.scd.co.kr,경기도,삼천당제약
삼천리,4690,004690.KS,KOSPI,연료용 가스 제조 및 배관공급업,도시가스 공급/부동산 임대,1976-12-23,12월,"이찬의, 유재권",http://www.samchully.co.kr,서울특별시,삼천리
삼천리자전거,24950,024950.KQ,KOSDAQ,생활용품 도매업,자전거,1995-01-04,12월,조현문,http://www.samchuly.co.kr,서울특별시,삼천리자전거
삼표시멘트,38500,038500.KQ,KOSDAQ,기타 비금속 광물제품 제조업,시멘트 제품,2001-02-01,12월,"배동환, 이원진(각자대표)",http://www.sampyocement.co.kr,강원특별자치도,삼표시멘트
삼현,437730,437730.KQ,KOSDAQ,자동차 신품 부품 제조업,"스마트 액추에이터, 스마트 파워유닛",2024-03-21,12월,"황성호, 박기원",http://www.samhyun.co.kr,경상남도,삼현
삼현철강,17480,017480.KQ,KOSDAQ,1차 철강 제조업,"후판,열연후판,산세판박,무늬강판,용단철강,형강외",2001-01-09,12월,조 윤 선,http://www.samsteel.co.kr,경상남도,삼현철강
삼호개발,10960,010960.KS,KOSPI,기반조성 및 시설물 축조관련 전문공사업,"토공사,철근콘크리트공사,포장공사,미장방수공사,상하수도공사,수중공사,비계구조물해체공사/골재,아스콘 제조,판매,중기임대",2005-05-12,12월,"심재범, 이영열",http://www.samhodev.co.kr,충청남도,삼호개발
삼화네트웍스,46390,046390.KQ,KOSDAQ,"영화, 비디오물, 방송프로그램 제작 및 배급업",영상 콘텐츠,2001-01-11,12월,"공동대표이사 안제현, 신상윤",http://www.shnetworks.co.kr,서울특별시,삼화네트웍스
삼화왕관,4450,004450.KS,KOSPI,기타 금속 가공제품 제조업,"납세용 일반병마개,알루미늄캡,플라스틱캡 제조,판매,금속인쇄,수출",1976-05-28,12월,고기영,http://www.samhwa.co.kr,경기도,삼화왕관
삼화전기,9470,009470.KS,KOSPI,전자부품 제조업,"콘덴서 제조,판매",1986-11-24,12월,"오영주, 박종온",http://www.samwha.co.kr,충청북도,삼화전기
삼화전자공업,11230,011230.KS,KOSPI,영상 및 음향기기 제조업,"전자부품(페라이트 코어,SMPS,편향요크(DY),고압변성기(FBT)용코어) 제조,판매",1987-05-25,12월,"오영주, 이건화",http://www.samwha.co.kr,경기도,삼화전자공업
삼화콘덴서공업,1820,001820.KS,KOSPI,전자부품 제조업,콘덴서(축전기) 제조,1976-06-26,12월,"오영주, 박진",http://www.samwha.com,경기도,삼화콘덴서공업
삼화페인트공업,390,000390.KS,KOSPI,기타 화학제품 제조업,"건축용페인트,공업용페인트,분체도료 등 제조",1993-09-10,12월,"류기붕,배맹달(각자대표)",http://www.samhwa.com,경기도,삼화페인트공업
상보,27580,027580.KQ,KOSDAQ,플라스틱제품 제조업,"광학필름,윈도우필름,미디어필름",2007-10-01,12월,김상근,http://www.sangbogroup.com,경기도,상보
상상인,38540,038540.KQ,KOSDAQ,"컴퓨터 프로그래밍, 시스템 통합 및 관리업",IT 통합 솔루션,2000-08-18,12월,"유준원, 이민식(각자 대표이사)",http://www.sangsanginworld.co.kr,경기도,상상인
상상인제4호스팩,452670,452670.KQ,KOSDAQ,금융 지원 서비스업,합병,2023-09-14,12월,양범,,서울특별시,상상인제4호스팩
상상인증권,1290,001290.KS,KOSPI,금융 지원 서비스업,유가증권 매매,1988-09-23,12월,주 원,http://www.sangsanginib.com,서울특별시,상상인증권
상신브레이크,41650,041650.KS,KOSPI,자동차 신품 부품 제조업,"자동차 브레이크 슈 어셈블리,브레이크패드 제조/군납업,무역/부동산 임대",2004-10-27,12월,박세종,http://www.sangsin.com,대구광역시,상신브레이크
상신이디피,91580,091580.KQ,KOSDAQ,일차전지 및 이차전지 제조업,2차전지부품,2007-05-23,12월,"김일부, 김민철 (각자대표)",http://www.ssedp.co.kr,충청남도,상신이디피
상신전자,263810,263810.KQ,KOSDAQ,전자부품 제조업,"노이즈필터(48.81%), 코일(19.33%), 리액터(10.75%)",2017-10-16,12월,김승천,http://www.sangshin-e.com,경상남도,상신전자
상아프론테크,89980,089980.KQ,KOSDAQ,플라스틱제품 제조업,"LCD부품,사무기기부품,PCB부품,2차전지부품",2011-07-21,12월,"이상원, 이상열(각자 대표이사)",http://www.sftc.co.kr,인천광역시,상아프론테크
상지건설,42940,042940.KQ,KOSDAQ,건물 건설업,"건설업, 고급빌라 건축 및 일반 건축, 주택공급 등",2000-10-19,12월,김영신,http://www.sangji.co.kr,서울특별시,상지건설
새로닉스,42600,042600.KQ,KOSDAQ,전자부품 제조업,"광학시트, FFC",2002-10-01,12월,박시환,http://www.seronics.co.kr,경상북도,새로닉스
새론오토모티브,75180,075180.KS,KOSPI,자동차 신품 부품 제조업,"자동차부품(브레이크패드,라이닝)",2005-10-21,12월,"박도순, 쿠마카와 테츠야",http://www.saeronauto.co.kr,충청남도,새론오토모티브
새빗켐,107600,107600.KQ,KOSDAQ,기타 화학제품 제조업,"폐전지재활용소재, 폐산재활용",2022-08-04,12월,박민규,http://www.sebitchem.com,경상북도,새빗켐
샌즈랩,411080,411080.KQ,KOSDAQ,소프트웨어 개발 및 공급업,사이버 위협 인텔리전스(CTI),2023-02-15,12월,김기홍,http://www.sandslab.io,경기도,샌즈랩
샘씨엔에스,252990,252990.KQ,KOSDAQ,전자부품 제조업,세라믹 STF(다층 세라믹 기판),2021-05-20,12월,최정혁(단독 대표이사),http://www.semcns.com,경기도,샘씨엔에스
샘표,7540,007540.KS,KOSPI,기타 금융업,"간장,된장,고추장 제조,가공,판매,무역",1976-06-29,12월,박진선,http://www.sempio.com,서울특별시,샘표
샘표식품,248170,248170.KS,KOSPI,기타 식품 제조업,간장,2016-08-09,12월,박진선,http://www.sempio.com,서울특별시,샘표식품
샤페론,378800,378800.KQ,KOSDAQ,기초 의약물질 제조업,합성신약 및 항체치료제신약 기술제품 및 기술이전,2022-10-19,12월,성승용,http://shaperon.com,서울특별시,샤페론
서남,294630,294630.KQ,KOSDAQ,기타 전기장비 제조업,고온초전도선재,2020-02-20,12월,문승현,http://www.i-sunam.com,경기도,서남
서린바이오,38070,038070.KQ,KOSDAQ,기타 전문 도매업,생명과학연구기기및시약,2005-10-25,12월,"황을문, 강미옥 (각자 대표이사)",http://www.seoulin.co.kr,경기도,서린바이오
서부T&D,6730,006730.KQ,KOSDAQ,일반 및 생활 숙박시설 운영업,석유류판매,1995-10-06,12월,승만호,http://www.seobutnd.com,서울특별시,"서부t&d, 서부T&D"
서산,79650,079650.KQ,KOSDAQ,"시멘트, 석회, 플라스터 및 그 제품 제조업","레미콘,전주,고강도파일,흄관",2005-01-21,12월,염종학,http://www.seo-san.co.kr,광주광역시,서산
서암기계공업,100660,100660.KQ,KOSDAQ,일반 목적용 기계 제조업,"공작기계부품(정밀기어,척),산업기계 제조부동산 임대",2011-12-19,12월,"권영호, 권형록 (각자 대표이사)",http://smiltd.co.kr,광주광역시,서암기계공업
서연,7860,007860.KS,KOSPI,기타 금융업,"자동차부품(승용차내장품-도어트림,헤드라이닝,승용차시트) 제조,도매",1989-09-09,12월,유양석,http://www.seo-yon.com,경기도,서연
서연이화,200880,200880.KS,KOSPI,자동차 신품 부품 제조업,자동차 도어 트림 및 시트,2014-08-08,12월,강용석,http://www.seoyoneh.com,경기도,서연이화
서연탑메탈,19770,019770.KQ,KOSDAQ,특수 목적용 기계 제조업,자동차금형.건설중장비 부품,2011-06-24,12월,최원재,http://www.seoyontop.com,인천광역시,서연탑메탈
서울도시가스,17390,017390.KS,KOSPI,연료용 가스 제조 및 배관공급업,"도시가스공급,가스공급설비공사",1995-08-18,12월,공동대표이사 진용민 공동대표이사 황주석,http://www.seoulgas.co.kr,서울특별시,서울도시가스
서울리거,43710,043710.KQ,KOSDAQ,기타 전문 도매업,의약품 도매 및 화장품 도소매,2002-07-11,12월,이재규,http://www.seouleaguer.net,서울특별시,서울리거
서울바이오시스,92190,092190.KQ,KOSDAQ,반도체 제조업,"Visible LED, UV LED",2020-03-06,12월,"이정훈, 강지훈 (각자대표)",http://www.seoulviosys.com/kr,경기도,서울바이오시스
서울반도체,46890,046890.KQ,KOSDAQ GLOBAL,반도체 제조업,"Display, Chip LED, Lamp",2002-01-17,12월,"이정훈, 김홍민",http://www.seoulsemicon.com,경기도,서울반도체
서울보증보험,31210,031210.KS,KOSPI,보험업,"보증보험, 신용보험 등",2025-03-14,12월,이명순,http://www.sgic.co.kr,서울특별시,서울보증보험
서울식품공업,4410,004410.KS,KOSPI,기타 식품 제조업,"빵,스넥,마아가린,유지류,사료 제조,도매",1973-12-28,12월,서성훈,http://seoul-food.co.kr,충청북도,서울식품공업
서울옥션,63170,063170.KQ,KOSDAQ,상품 중개업,미술품경매,2008-07-01,12월,이옥경,http://www.seoulauction.com,서울특별시,서울옥션
서울전자통신,27040,027040.KQ,KOSDAQ,"전동기, 발전기 및 전기 변환 · 공급 · 제어 장치 제조업","전자변성기, 무역업(트랜스포머자재)",1999-12-03,12월,남화성,http://www.seoulset.com,인천광역시,서울전자통신
서울제약,18680,018680.KQ,KOSDAQ,의약품 제조업,"정제,연질캅셀제,경질캅셀제,연고 및 크림제 등",2000-08-18,12월,"윤동현, 신봉환 (각자대표)",http://www.seoulpharma.com,충청북도,서울제약
서원,21050,021050.KS,KOSPI,금속 주조업,"비철금속(황동 빌레트,인코트) 제조,재생원료생산",1996-01-30,12월,"조시영, 조경호, 박주황",http://www.swbrass.co.kr,경기도,서원
서원인텍,93920,093920.KQ,KOSDAQ,통신 및 방송 장비 제조업,휴대폰용키패드및부자재,2007-12-20,12월,김재윤,http://seowonintech.co.kr,경기도,서원인텍
서전기전,189860,189860.KQ,KOSDAQ,"전동기, 발전기 및 전기 변환 · 공급 · 제어 장치 제조업","수배전반, 전력기기, 전기공사",2014-12-24,12월,이상권,http://www.sjem.co.kr,경기도,서전기전
서진시스템,178320,178320.KQ,KOSDAQ,기타 전기장비 제조업,"통신장비부품,휴대폰부품(메탈케이스 등)",2017-03-27,12월,전동규,http://seojinsystem.net,경기도,서진시스템
서진오토모티브,122690,122690.KQ,KOSDAQ,자동차 신품 부품 제조업,"Clutch,Flywheel,Driveplate,Bearing,ATparts",2010-05-25,12월,고만윤,http://www.secoautomotive.com,경기도,서진오토모티브
서플러스글로벌,140070,140070.KQ,KOSDAQ,기계장비 및 관련 물품 도매업,"반도체 제조용 장비, 유휴기계설비 도소매",2017-01-25,12월,김정웅,http://www.surplusglobal.com,경기도,서플러스글로벌
서한,11370,011370.KQ,KOSDAQ,건물 건설업,"건축, 토목",1994-05-24,12월,"조종수, 정우필(각자 대표이사)",http://www.seo-han.co.kr,대구광역시,서한
서호전기,65710,065710.KQ,KOSDAQ,"전동기, 발전기 및 전기 변환 · 공급 · 제어 장치 제조업","항만크레인,구동전기장치",2002-07-16,12월,"이상호, 김승남(각자대표)",http://www.seoho.com,경기도,서호전기
서흥,8490,008490.KS,KOSPI,기타 화학제품 제조업,"의약품(하드캅셀,건강보조식품,소프트캅셀),건강보조식품,인삼제품 제조,판매",1990-03-27,12월,양주환,http://www.suheung.com,충청북도,서흥
서희건설,35890,035890.KQ,KOSDAQ,건물 건설업,"토목, 건축, 부동산임대업",1999-12-24,12월,"김팔수, 김원철(각자 대표이사)",http://www.seohee.co.kr,경기도,서희건설
석경에이티,357550,357550.KQ,KOSDAQ,기초 화학물질 제조업,바이오 및 전기전자 나노 소재,2020-12-23,12월,임형섭,http://www.sukgyung.com,경기도,석경에이티
선광,3100,003100.KQ,KOSDAQ,기타 운송관련 서비스업,"항만하역, 해사(바다모래)",1999-12-21,12월,이도희,http://www.sun-kwang.co.kr,인천광역시,선광
선도전기,7610,007610.KS,KOSPI,"전동기, 발전기 및 전기 변환 · 공급 · 제어 장치 제조업","수배전반,중전기기 제조,도매/전기공사",1989-11-30,12월,권 혁,http://www.seondo.co.kr,경기도,선도전기
선바이오,67370,067370.KQ,KOSDAQ,의약품 제조업,"PEG유도체 제품 (62%), 기술료수입 (38%)",2022-10-05,12월,노광,http://www.sunbio.com,인천광역시,선바이오
선샤인푸드,217620,217620.KQ,KOSDAQ,음식점업,"직영음식점, 축산물가공, 프랜차이즈",2015-06-10,12월,김대은,http://www.sunshinefood.co.kr,인천광역시,선샤인푸드
선익시스템,171090,171090.KQ,KOSDAQ,특수 목적용 기계 제조업,OLED 증착장비,2017-09-20,12월,"박재규, 김혜동 (각자 대표이사)",http://www.sunic.co.kr,경기도,선익시스템
선진,136490,136490.KS,KOSPI,동물용 사료 및 조제식품 제조업,조제동물사료,2011-02-16,12월,이범권,https://www.sunjin.com,경기도,선진
선진뷰티사이언스,86710,086710.KQ,KOSDAQ,기타 화학제품 제조업,화장품 원료,2021-01-27,12월,이성호,http://sunjinbs.co.kr,서울특별시,선진뷰티사이언스
성광벤드,14620,014620.KQ,KOSDAQ,1차 철강 제조업,관이음쇠,2001-01-11,12월,안 재 일,http://www.skbend.com,부산광역시,성광벤드
성도이엔지,37350,037350.KQ,KOSDAQ,"건축기술, 엔지니어링 및 관련 기술 서비스업","반도체크린룸 시공, 반도체장비제조",2000-01-11,12월,"이언웅, 정영용(각자대표)",http://www.sungdokorea.com,서울특별시,성도이엔지
성문전자,14910,014910.KS,KOSPI,전자부품 제조업,"콘덴서용 증착필름,압력분무식 플러스자동도포기 제조,판매",1990-03-24,12월,신준섭,http://www.smec-korea.co.kr,경기도,성문전자
성보화학,3080,003080.KS,KOSPI,"비료, 농약 및 살균, 살충제 제조업","완제농약(해비치과립,카스텔란),원제농약(슈퍼유나니,다이아톤) 제조,도매",1976-12-23,12월,윤정선,http://www.sbcc.kr,경기도,성보화학
성신양회,4980,004980.KS,KOSPI,"시멘트, 석회, 플라스터 및 그 제품 제조업","시멘트,레미콘 제조",1976-06-30,12월,한인호,http://www.sungshincement.co.kr,서울특별시,성신양회
성안머티리얼스,11300,011300.KS,KOSPI,직물직조 및 직물제품 제조업,"제직,염색,폴리에스터직물,자수직물봉제 제조,판매/임대료,관리비 수입",1995-11-10,12월,임종찬,http://www.startex.co.kr,대구광역시,성안머티리얼스
성우,458650,458650.KQ,KOSDAQ,일차전지 및 이차전지 제조업,"이차전지 부품(2170 Topcap Ass'y, S4623 등), 자동차 전장부품(Motor Housing, EV Relay 등)",2024-10-31,12월,박종헌,http://www.e-sungwoo.co.kr,경상북도,성우
성우전자,81580,081580.KQ,KOSDAQ,통신 및 방송 장비 제조업,휴대폰금속프레스부품(전자파차단ShieldCan),2007-10-12,12월,"조일현,김영도(각자대표이사)",http://www.swei.co.kr,경기도,성우전자
성우테크론,45300,045300.KQ,KOSDAQ,전자부품 제조업,"리드프레임,반도체검사장비",2001-12-18,12월,박찬홍,http://www.swmv.co.kr,경상남도,성우테크론
성우하이텍,15750,015750.KQ,KOSDAQ,자동차 신품 부품 제조업,자동차범퍼,1995-11-04,12월,"이명근,이문용,조성현(각자대표)",http://www.swhitech.co.kr,부산광역시,성우하이텍
성일하이텍,365340,365340.KQ,KOSDAQ,기초 화학물질 제조업,"코발트, 니켈, 리튬 등",2022-07-28,12월,이강명,http://www.sungeelht.com,전북특별자치도,성일하이텍
성창기업지주,180,000180.KS,KOSPI,회사 본부 및 경영 컨설팅 서비스업,"합판, 마루, 파티클보드, 우드칩, 포르말린 등 제조",1976-06-02,12월,우인석,http://www.sce.kr,부산광역시,성창기업지주
성창오토텍,80470,080470.KQ,KOSDAQ,자동차 신품 부품 제조업,"차량용 에어컨필터, 차량용인버터 등",2006-11-03,12월,"고빅터건민(KOH VICTOR GUNMIN), 이동주 각자대표이사",http://www.sc-autotech.com,경기도,성창오토텍
성호전자,43260,043260.KQ,KOSDAQ,전자부품 제조업,"전원공급장치,필름콘덴서",2001-11-29,12월,박성재,http://www.sungho.net,서울특별시,성호전자
세경하이테크,148150,148150.KQ,KOSDAQ,전자부품 제조업,DECO Film 및 기타 TAPE 제조,2019-07-30,12월,이기승,http://www.sghitech.co.kr,경기도,세경하이테크
세기상사,2420,002420.KS,KOSPI,연료 소매업,"극장(영화상영)/극영화,만화영화 제조/음식료품,일용잡화 소매/부동산 임대",1968-12-27,12월,조영준,http://www.daehancinema.co.kr,서울특별시,세기상사
세니젠,188260,188260.KQ,KOSDAQ,그외 기타 제품 제조업,"Genelix, Genext, Geneka 등",2023-11-03,12월,박정웅,http://sanigen.kr,경기도,세니젠
세동,53060,053060.KQ,KOSDAQ,자동차 신품 부품 제조업,"도어벨트, 몰딩",2001-08-17,12월,윤정상,http://www.saedong.co.kr,부산광역시,세동
세림B&G,340440,340440.KQ,KOSDAQ,플라스틱제품 제조업,기업인수,2019-12-27,12월,나상수,http://www.serimbng.co.kr,경기도,"세림b&g, 세림B&G"
세명전기,17510,017510.KQ,KOSDAQ,기타 금속 가공제품 제조업,"154kV, 345kV, 765kV 송전,변전,배전용 금구류, 섬유직기용 섹셔날 빔",1991-12-26,12월,권철현,http://www.semyung-elec.com,부산광역시,세명전기
세방,4360,004360.KS,KOSPI,도로 화물 운송업,"도로운송,항만하역,창고,지게차 임대",1977-05-19,12월,최종일,http://www.sebang.com,부산광역시,세방
세방전지,4490,004490.KS,KOSPI,일차전지 및 이차전지 제조업,"자동차용 및 산업용 축전지(연축전지) 제조,판매",1987-11-28,12월,대표이사 박정희,http://www.gbattery.com,서울특별시,세방전지
세보엠이씨,11560,011560.KQ,KOSDAQ,건물설비 설치 공사업,"건설관련설비,ACESS FLOOR,소음기,CHAMMBER,PFP UNIT,BY-PASS UNIT,DUCT,철구조물",1996-12-23,12월,"김우영,이원하(각자 대표이사)",http://www.sebomec.com,서울특별시,세보엠이씨
세븐브로이맥주,267080,267080.KQ,KONEX,알코올음료 제조업,맥주 등 주류 및 음료,2024-01-17,12월,김강삼,http://sevenbrau.com,전북특별자치도,세븐브로이맥주
세아메카닉스,396300,396300.KQ,KOSDAQ,기타 금속 가공제품 제조업,"TV스탠드, 전기 수소차 부품 등",2022-03-24,12월,이성욱,http://www.seamechanics.com,경상북도,세아메카닉스
세아베스틸지주,1430,001430.KS,KOSPI,1차 철강 제조업,"특수강,철도용품,자동차부품 제조,수출입",1991-03-12,12월,"이태성, 김수호",http://www.seahbesteel.co.kr,서울특별시,세아베스틸지주
세아제강,306200,306200.KS,KOSPI,1차 철강 제조업,강관,2018-10-05,12월,"이휘령, 홍만기",http://www.seahsteel.co.kr,서울특별시,세아제강
세아제강지주,3030,003030.KS,KOSPI,기타 금융업,경영컨설팅업,1969-05-13,12월,"이주성, 조영빈",http://www.seahsteel.co.kr/company/holdings,서울특별시,세아제강지주
세아특수강,19440,019440.KS,KOSPI,1차 철강 제조업,"냉간압조용선재,마봉강,스테인레스봉강 제조",2011-06-01,12월,이강현,http://www.seahsp.co.kr,경상북도,세아특수강
세아홀딩스,58650,058650.KS,KOSPI,1차 철강 제조업,지주회사/투자 및 경영컨설팅/부동산 임대,2001-07-30,12월,"이태성, 김수호",http://www.seahholdings.co.kr,서울특별시,세아홀딩스
세우글로벌,13000,013000.KS,KOSPI,기타 전문 도매업,"화공약품.엔지니어링 플라스틱,페놀계제품,석유화학제품 판매/철재가구,사무목재가구 제조/교육사업",1989-09-05,12월,안백순,http://www.sewooglobal.co.kr,인천광역시,세우글로벌
세운메디칼,100700,100700.KQ,KOSDAQ,의료용품 및 기타 의약 관련제품 제조업,"의료용구(체액배출기,도뇨관) 제조,도매,수출입",2008-09-30,12월,이재희,http://SEWOONMEDICAL.CO.KR,충청남도,세운메디칼
세원물산,24830,024830.KQ,KOSDAQ,자동차 신품 부품 제조업,라디에이터서포터,1994-12-29,12월,김봉수,http://www.se-won.co.kr,경상북도,세원물산
세원이앤씨,91090,091090.KS,KOSPI,"구조용 금속제품, 탱크 및 증기발생기 제조업","화학플랜트 설비,기계 제작(음식료,석유화학사업관련)/유공압기기 판매",2006-07-31,12월,김종성,http://www.sewonenc.com,경상남도,세원이앤씨
세원정공,21820,021820.KS,KOSPI,자동차 신품 부품 제조업,"자동차부품(차체류,램프류) 제조",1996-07-03,06월,장제상,http://www.se-won.co.kr,대구광역시,세원정공
세이브존I&C,67830,067830.KS,KOSPI,종합 소매업,"대형할인점(백화점)/부동산 임대/주차장,문화센터 운영",2002-07-25,12월,이상준,http://www.savezone.co.kr,서울특별시,"세이브존i&c, 세이브존I&C"
세종메디칼,258830,258830.KQ,KOSDAQ,의료용 기기 제조업,복강경수술용 투관침 등,2018-05-29,12월,윤병학,http://www.sejongmedical.com,경기도,세종메디칼
세종텔레콤,36630,036630.KQ,KOSDAQ,전기 통신업,WLL/GPS/위성DMB/VoIP 단말기,2000-01-04,12월,"김형진, 안종석 (각자대표)",http://www.sejongtelecom.net,경기도,세종텔레콤
세중,39310,039310.KQ,KOSDAQ,소프트웨어 개발 및 공급업,여행,2000-06-09,12월,"천신일,김기백",http://www.sejoong.com,서울특별시,세중
세진중공업,75580,075580.KS,KOSPI,선박 및 보트 건조업,"선박 Deck House, LPG Tank, Upper Deck Unit, 해양플랜트 Living Quarter",2015-11-30,12월,최양환,http://www.sejinheavy.com,울산광역시,세진중공업
세진티에스,67770,067770.KQ,KOSDAQ,전자부품 제조업,LED/LCD용 광기능성 시트,2004-01-09,12월,김인식,http://www.sejints.co.kr,경기도,세진티에스
세코닉스,53450,053450.KQ,KOSDAQ,사진장비 및 광학기기 제조업,"모바일용 카메라렌즈, 차량용 카메라 및 광학부품",2001-08-09,12월,박은경,http://www.sekonix.com,경기도,세코닉스
세토피아,222810,222810.KQ,KOSDAQ,1차 철강 제조업,보안솔루션 개발 외,2015-08-13,12월,서상철,http://www.se-topia.com,서울특별시,세토피아
세화피앤씨,252500,252500.KQ,KOSDAQ,기타 화학제품 제조업,염모제 등,2016-11-02,12월,이훈구,http://www.sewha.co.kr,충청북도,세화피앤씨
센서뷰,321370,321370.KQ,KOSDAQ,절연선 및 케이블 제조업,"T&M 케이블, 초소형 전송선로",2023-07-19,12월,김병남,http://www.sensor-view.com,경기도,센서뷰
센코,347000,347000.KQ,KOSDAQ,"측정, 시험, 항해, 제어 및 기타 정밀기기 제조업; 광학기기 제외","가스센서 및 모듈, 휴대용 및 고정형 가스검지기, 악취 & 미세먼지 모니터링 시스템",2020-10-29,12월,하승철,http://www.senko.co.kr,경기도,센코
셀레믹스,331920,331920.KQ,KOSDAQ,기초 의약물질 제조업,타겟캡처키트,2020-08-21,12월,"김효기, 이용훈",http://www.celemics.com,서울특별시,셀레믹스
셀레스트라,352770,352770.KQ,KOSDAQ,의료용품 및 기타 의약 관련제품 제조업,"Geno Series, CD-PRIME, Cancer Prime",2020-12-04,12월,백서현,http://www.clinomics.com,울산광역시,셀레스트라
셀로맥스사이언스,471820,471820.KQ,KOSDAQ,기타 식품 제조업,건강기능식품,2024-12-13,12월,서정민,http://cellromax.kr,경기도,셀로맥스사이언스
셀루메드,49180,049180.KQ,KOSDAQ,기초 의약물질 제조업,"의료기기, 바이오시밀러 및 헬스케어사업",2002-05-23,12월,유인수,http://www.cellumed.co.kr,서울특별시,셀루메드
셀리드,299660,299660.KQ,KOSDAQ,자연과학 및 공학 연구개발업,항암면역치료백신,2019-02-20,12월,강창율,http://www.cellid.co.kr,서울특별시,셀리드
셀바스헬스케어,208370,208370.KQ,KOSDAQ,의료용 기기 제조업,"체성분측정기, 혈압계, 점자정보단말기",2014-12-17,12월,유병탁,http://www.selvashealthcare.com,대전광역시,셀바스헬스케어
셀바스AI,108860,108860.KQ,KOSDAQ,소프트웨어 개발 및 공급업,인공지능 솔루션 등,2009-12-10,12월,곽민철,http://www.selvasai.com,서울특별시,"셀바스ai, 셀바스AI"
셀바이오휴먼텍,318160,318160.KQ,KOSDAQ,기타 섬유제품 제조업,마스크팩 섬유소재(시트),2023-04-20,12월,이권선,http://cellbiohumantech.co.kr,경기도,셀바이오휴먼텍
셀비온,308430,308430.KQ,KOSDAQ,의약품 제조업,"셀비온그린주, 셀비온메브로페닌주, 도페정 등",2024-10-16,12월,김권,http://cellbion.co.kr,서울특별시,셀비온
셀트리온,68270,068270.KS,KOSPI,기초 의약물질 제조업,"램시마, 트룩시마, 허쥬마",2018-02-09,12월,"기우성, 김형기, 서진석",http://www.celltrion.com,인천광역시,셀트리온
셀트리온제약,68760,068760.KQ,KOSDAQ,의약품 제조업,고덱스 캡슐 외,2006-02-03,12월,유영호,http://www.celltrionph.com,충청북도,셀트리온제약
셀피글로벌,68940,068940.KQ,KOSDAQ,전자부품 제조업,신용카드 및 전자화폐 등,2010-10-19,12월,유기종,http://www.cardnsoft.com,대구광역시,셀피글로벌
소니드,60230,060230.KQ,KOSDAQ,기타 화학제품 제조업,화학제품 및 전자재료,2002-06-25,12월,"박준영, 황케빈인석(각자대표)",http://www.exax.co.kr,충청남도,소니드
소룩스,290690,290690.KQ,KOSDAQ,전구 및 조명장치 제조업,"실내등(형광등, LED등), 실외등, 특수등",2020-11-06,12월,정재준,http://www.solux.co.kr,충청남도,소룩스
소마젠,950200,950200.KQ,KOSDAQ,"그외 기타 전문, 과학 및 기술 서비스업","유전체 분석 서비스 (NGS, CES 등)",2020-07-13,12월,홍수,http://psomagen.com,미국,소마젠
소프트센,32680,032680.KQ,KOSDAQ,기타 정보 서비스업,전산기기 및 정보통신공사,1997-07-18,12월,얼티앤수(데이비드스미스),http://www.softcen.co.kr,서울특별시,소프트센
소프트캠프,258790,258790.KQ,KOSDAQ,소프트웨어 개발 및 공급업,통합보안솔루션,2017-04-27,12월,배환국,http://www.softcamp.co.kr,경기도,소프트캠프
손오공,66910,066910.KQ,KOSDAQ,기타 전문 도매업,"완구, 게임, 캐릭터수입수수료",2005-01-07,12월,임범진,http://www.sonokong.co.kr,경기도,손오공
솔루스첨단소재,336370,336370.KS,KOSPI,전자부품 제조업,"동박, 유압기기 등",2019-10-18,12월,곽근만,http://www.solusadvancedmaterials.com,전북특별자치도,솔루스첨단소재
솔루엠,248070,248070.KS,KOSPI,전자부품 제조업,"POWER, 3in1 Board, ESL 등",2021-02-02,12월,전성호,http://www.solum-group.co.kr,경기도,솔루엠
솔본,35610,035610.KQ,KOSDAQ,회사 본부 및 경영 컨설팅 서비스업,경영자문 및 지주사업,1999-08-13,12월,홍 기 태,http://www.solborn.co.kr,서울특별시,솔본
솔브레인,357780,357780.KQ,KOSDAQ,기타 화학제품 제조업,반도체 및 디스플레이 관련 화학재료 제조ㆍ판매 등,2020-08-06,12월,박영수,http://www.soulbrain.co.kr,경기도,솔브레인
솔브레인홀딩스,36830,036830.KQ,KOSDAQ GLOBAL,회사 본부 및 경영 컨설팅 서비스업,"반도체,디스플레이,2차전지 공정용 화학제품",2000-01-18,12월,"정현석, 정문주 (공동 대표이사)",http://www.soulbrainholdings.co.kr,경기도,솔브레인홀딩스
솔트룩스,304100,304100.KQ,KOSDAQ,소프트웨어 개발 및 공급업,인공지능 및 빅데이터 소프트웨어,2020-07-23,12월,이경일,http://www.saltlux.com,서울특별시,솔트룩스
솔트웨어,328380,328380.KQ,KOSDAQ,"컴퓨터 프로그래밍, 시스템 통합 및 관리업",enView,2019-08-20,12월,이정근,http://saltware.co.kr,경기도,솔트웨어
송원산업,4430,004430.KS,KOSPI,기타 화학제품 제조업,"폴리머첨가제(PVC안정제,산화방지제),폴리우레탄수지,프라스틱첨가제 제조",1977-06-25,12월,김충식 대표이사,http://www.songwon.com,울산광역시,송원산업
쇼박스,86980,086980.KQ,KOSDAQ,"영화, 비디오물, 방송프로그램 제작 및 배급업",영화투자및배급,2006-07-07,12월,신호정,http://www.showbox.co.kr,서울특별시,쇼박스
수산아이앤티,50960,050960.KQ,KOSDAQ,소프트웨어 개발 및 공급업,"공유단말접속관리서비스, 보안솔루션 등",2016-10-11,12월,정은아,http://www.soosanint.co.kr,서울특별시,수산아이앤티
수산인더스트리,126720,126720.KS,KOSPI,건물설비 설치 공사업,전력발전설비 정비 용역,2022-08-01,12월,"한봉섭,정보윤(각자대표)",http://www.soosanind.co.kr,충청남도,수산인더스트리
수산중공업,17550,017550.KS,KOSPI,특수 목적용 기계 제조업,"유압브레이커,트럭크레인,플라즈마 파암장비,특장차,산업기계,건설기계 제조,도매",1991-08-30,12월,"양희준, 김병현 (각자대표)",http://www.soosanheavy.com,경기도,수산중공업
수성웹툰,84180,084180.KQ,KOSDAQ,일반 목적용 기계 제조업,전동지게차,2005-12-16,12월,김덕진.유영학,http://www.soosung.com,인천광역시,수성웹툰
수젠텍,253840,253840.KQ,KOSDAQ,의료용품 및 기타 의약 관련제품 제조업,체외진단 기기 및 시약,2019-05-28,12월,손미진,http://www.sugentech.com,대전광역시,수젠텍
수프로,185190,185190.KQ,KONEX,산업용 농·축산물 및 동·식물 도매업,조경수용 수목,2013-10-29,03월,채일,http://www.suppro.com,서울특별시,수프로
슈어소프트테크,298830,298830.KQ,KOSDAQ,소프트웨어 개발 및 공급업,소프트웨어 자동화 검증 플랫폼,2023-04-28,12월,배현섭,http://www.suresofttech.com,경기도,슈어소프트테크
슈프리마,236200,236200.KQ,KOSDAQ,통신 및 방송 장비 제조업,바이오인식 관련 제품,2016-02-05,12월,"이재원, 김한철 각자대표",http://www.suprema.co.kr,경기도,슈프리마
슈프리마에이치큐,94840,094840.KQ,KOSDAQ,통신 및 방송 장비 제조업,지문인식솔루션및시스템,2008-07-11,12월,이재원,http://www.suprema.co.kr,경기도,슈프리마에이치큐
슈피겐코리아,192440,192440.KQ,KOSDAQ,그외 기타 제품 제조업,"핸드폰 케이스, 액정보호필름",2014-11-05,12월,김대영,http://www.spigenkorea.co.kr,서울특별시,슈피겐코리아
스마트레이더시스템,424960,424960.KQ,KOSDAQ,"측정, 시험, 항해, 제어 및 기타 정밀기기 제조업; 광학기기 제외",모빌리티 및 비모빌리티용 4D이미징레이다,2023-08-22,12월,김용환,http://www.smartradarsystem.com,경기도,스마트레이더시스템
스맥,99440,099440.KQ,KOSDAQ,특수 목적용 기계 제조업,공작기계 및 산업용로봇제조,2009-05-26,12월,최영섭,http://www.esmec.com,경상남도,스맥
스코넥,276040,276040.KQ,KOSDAQ,소프트웨어 개발 및 공급업,"XR 교육/훈련 시스템, VR 게임 콘텐츠 등",2022-02-04,12월,박원철,http://www.skonec.com,서울특별시,스코넥
스킨앤스킨,159910,159910.KQ,KOSDAQ,기타 화학제품 제조업,"화장품제조,마스크",2012-12-27,12월,"권영원, 송호길",http://www.skinnskin.co.kr,경기도,스킨앤스킨
스타에스엠리츠,204210,204210.KS,KOSPI,부동산 임대 및 공급업,"호텔 부동산 취득, 관리, 개량 및 처분",2016-09-22,12월,장정성,http://www.starreit.co.kr,서울특별시,스타에스엠리츠
스타코링크,60240,060240.KQ,KOSDAQ,소프트웨어 개발 및 공급업,"모바일게임(열혈강호,검과마법)",2002-01-04,12월,오광배(단독대표),http://www.longtukorea.kr,경기도,스타코링크
스타플렉스,115570,115570.KQ,KOSDAQ,플라스틱제품 제조업,"광고용플렉스(조명용,비조명용)",2010-01-27,12월,강민표,http://www.star-flex.com,충청북도,스타플렉스
스톤브릿지벤처스,330730,330730.KQ,KOSDAQ,기타 금융업,"창업투자, 사모투자",2022-02-25,12월,유승운,http://stonebridgeventures.vc,서울특별시,스톤브릿지벤처스
스톰테크,352090,352090.KQ,KOSDAQ,플라스틱제품 제조업,"정수기 피팅, 밸브, 파우셋 등 부품",2023-11-20,12월,"강기환, 최준수",http://www.stormtec.co.kr,서울특별시,스톰테크
스튜디오드래곤,253450,253450.KQ,KOSDAQ GLOBAL,"영화, 비디오물, 방송프로그램 제작 및 배급업","드라마 제작, 판매",2017-11-24,12월,Jang Kyung-ik,http://www.studiodragon.net,서울특별시,스튜디오드래곤
스튜디오미르,408900,408900.KQ,KOSDAQ,"영화, 비디오물, 방송프로그램 제작 및 배급업",애니메이션 제작,2023-02-07,12월,유재명,http://www.studiomir.co.kr,서울특별시,스튜디오미르
스튜디오산타클로스,204630,204630.KQ,KOSDAQ,창작 및 예술관련 서비스업,창작 및 예술관련 서비스업,2014-12-29,12월,배준오,http://www.studiosantaent.com,서울특별시,스튜디오산타클로스
스튜디오삼익,415380,415380.KQ,KOSDAQ,기타 생활용품 소매업,"침실가구, 거실가구, 옷장/수납, 주방가구 등",2024-02-06,12월,최정석,http://www.studiosamick.com,서울특별시,스튜디오삼익
스틱인베스트먼트,26890,026890.KS,KOSPI,신탁업 및 집합투자업,사모펀드(PEF),1997-11-25,12월,"곽동걸, 강신우",http://www.stic.co.kr,서울특별시,스틱인베스트먼트
스페코,13810,013810.KQ,KOSDAQ,특수 목적용 기계 제조업,아스팔트믹싱플랜트,1997-11-03,12월,"김재현, 이열",http://www.speco.co.kr,서울특별시,스페코
승일,49830,049830.KQ,KOSDAQ,기타 금속 가공제품 제조업,"에어졸캔,에어졸발브,일반관",2001-01-18,12월,현창수,http://sungroup.kr/seungilsun,충청남도,승일
시공테크,20710,020710.KQ,KOSDAQ,전문디자인업,"박물관, 전시관, 엑스포, 특수영상",1999-08-13,12월,김승태,http://www.sigongtech.co.kr,경기도,시공테크
시그네틱스,33170,033170.KQ,KOSDAQ,반도체 제조업,반도체 패키징,2010-11-26,12월,심재석,http://www.signetics.com,경기도,시그네틱스
시너지이노베이션,48870,048870.KQ,KOSDAQ,의료용 기기 제조업,카메라 어플리케이션 프로세서(CAP),2004-08-13,12월,박진형,http://www.synergyinnovation.co.kr,경기도,시너지이노베이션
시노펙스,25320,025320.KQ,KOSDAQ,전자부품 제조업,"전자부품, 필터",1995-04-20,12월,손경익,http://www.synopex.com,경상북도,시노펙스
시디즈,134790,134790.KS,KOSPI,가구 제조업,의자,2011-01-25,12월,"김태은, 우인환 (각자대표)",http://www.sidiz.com,경기도,시디즈
시스웍,269620,269620.KQ,KOSDAQ,"측정, 시험, 항해, 제어 및 기타 정밀기기 제조업; 광학기기 제외","클린룸 제어시스템, BLDC모터, 공조장치 제어기 등",2017-12-26,12월,이종원,http://www.syswork.co.kr,대전광역시,시스웍
시알홀딩스,480,000480.KS,KOSPI,"내화, 비내화 요업제품 제조업","내화연와(정형,부정형,S/N,CCN),단열벽돌,스라이딩노즐,연주용 특수내화물 제조",1978-06-30,12월,강문수,http://www.crholdings.co.kr,전라남도,시알홀딩스
시지메드텍,56090,056090.KQ,KOSDAQ,의료용 기기 제조업,정형외과용 신체보정용 의료기기,2015-11-12,12월,유현승,http://cgmedt.com,경기도,시지메드텍
시지트로닉스,429270,429270.KQ,KOSDAQ,반도체 제조업,특화반도체 소자,2023-08-03,12월,심규환 (단독 대표이사),http://sigetronics.com,전북특별자치도,시지트로닉스
시큐레터,418250,418250.KQ,KOSDAQ,소프트웨어 개발 및 공급업,"SLE(이메일 보안), SLF(파일 보안)",2023-08-24,12월,정동진,http://www.seculetter.com,경기도,시큐레터
시큐브,131090,131090.KQ,KOSDAQ,소프트웨어 개발 및 공급업,"시스템보안관리솔루션, 정보유출방지솔루션",2011-12-21,12월,김명배,http://www.secuve.com,서울특별시,시큐브
시큐센,232830,232830.KQ,KOSDAQ,소프트웨어 개발 및 공급업,"디지털 금융 서비스 구축, 모바일 보안솔루션, 생체인증 전자서명",2023-06-29,12월,한상욱,http://www.secucen.com,경기도,시큐센
시프트업,462870,462870.KS,KOSPI,소프트웨어 개발 및 공급업,게임 소프트웨어,2024-07-11,12월,김형태,http://shiftup.co.kr,서울특별시,시프트업
신대양제지,16590,016590.KS,KOSPI,"골판지, 종이 상자 및 종이용기 제조업","골판지용 골심지,라이너지 제조,수출입",1995-12-21,12월,"권혁홍, 이상천(각자 대표이사)",http://www.dygroup.co.kr,경기도,신대양제지
신도기연,290520,290520.KQ,KOSDAQ,특수 목적용 기계 제조업,"OLED용 후공정장비(라미네이터, 오토클레이브 등)",2020-07-06,12월,박웅기,http://www.lcd.co.kr,경기도,신도기연
신도리코,29530,029530.KS,KOSPI,컴퓨터 및 주변장치 제조업,"복사기, 3D프린터, 프린터, 주변기기 제조,판매",1996-12-24,12월,서동규,http://www.sindoh.com,서울특별시,신도리코
신라교역,4970,004970.KS,KOSPI,어로 어업,"원양어업(참치,명태,휠레트,연육,명란,새우),어획물 판매/직물 수출",1976-06-30,12월,김호운,http://www.sla.co.kr,서울특별시,신라교역
신라섬유,1000,001000.KQ,KOSDAQ,부동산 임대 및 공급업,부동산,1994-06-28,12월,박재흥,http://sillatextile.co.kr,대구광역시,신라섬유
신라에스지,25870,025870.KQ,KOSDAQ,음·식료품 및 담배 도매업,수산물도매,1995-07-07,12월,권기서,http://www.sisfood.co.kr,서울특별시,신라에스지
신라젠,215600,215600.KQ,KOSDAQ,자연과학 및 공학 연구개발업,펙사벡(바이러스 항암면역치료제),2016-12-06,12월,김재경,http://www.sillajen.com,서울특별시,신라젠
신성델타테크,65350,065350.KQ,KOSDAQ,가정용 기기 제조업,"세탁기, 자동차, 에어컨 및 LCD 부품",2004-08-06,12월,구본상·이동한(각자 대표이사),http://www.ssdelta.co.kr,경상남도,신성델타테크
신성에스티,416180,416180.KQ,KOSDAQ,자동차 신품 부품 제조업,전기차/2차전지 Busbar 및 배터리모듈 보호 부품 등,2023-10-19,12월,"안병두, 손태도(각자 대표)",http://shinsungst.co.kr,경상남도,신성에스티
신성이엔지,11930,011930.KS,KOSPI,반도체 제조업,"태양전지, 태양광모듈 제조 및 판매, 태양광 발전설치공사, 클린룸, 자동화장비",1996-07-31,12월,이지선,http://www.shinsungeng.com,경기도,신성이엔지
신성통상,5390,005390.KS,KOSPI,기타 전문 도매업,"의류,악세사리(모자,벨트,가방) 도매/의류 제조",1975-12-22,06월,대표이사 염태순,http://www.ssts.co.kr,서울특별시,신성통상
신세계,4170,004170.KS,KOSPI,종합 소매업,"백화점,할인점(E마트)",1985-08-19,12월,박주형,http://www.shinsegae.com,서울특별시,신세계
신세계인터내셔날,31430,031430.KS,KOSPI,"섬유, 의복, 신발 및 가죽제품 소매업","섬유, 의복, 신발 및 가죽제품 소매",2011-07-14,12월,"윌리엄 김, 김홍극 (각자대표)",http://www.sikorea.co.kr,서울특별시,신세계인터내셔날
신세계푸드,31440,031440.KS,KOSPI,음식점업,"단체급식, 식자재유통, 외식",2010-04-29,12월,강승협,http://www.shinsegaefood.com,서울특별시,신세계푸드
신세계I&C,35510,035510.KS,KOSPI,"컴퓨터 프로그래밍, 시스템 통합 및 관리업","IT시스템 개발, 운영 및 유지보수, IT 컨설팅, IT장비솔루션 총판, 아웃소싱, IDC, IT기기 및 휴대폰 유통, 전자상품권",2006-05-18,12월,양윤지,http://www.shinsegae-inc.com,서울특별시,"신세계i&c, 신세계I&C"
신송홀딩스,6880,006880.KS,KOSPI,산업용 농·축산물 및 동·식물 도매업,사업경영 및 관리자문,2013-11-21,12월,조갑주,http://www.singsongholdings.com,서울특별시,신송홀딩스
신스틸,162300,162300.KQ,KOSDAQ,1차 철강 제조업,"컬러강판, 아연도금강판 등 강판류",2022-12-23,12월,신승곤,http://www.shin-steel.com,부산광역시,신스틸
신시웨이,290560,290560.KQ,KOSDAQ,소프트웨어 개발 및 공급업,DB보안솔루션 등,2023-11-03,12월,"정재훈, 유경석 (각자 대표이사)",http://www.sinsiway.com,서울특별시,신시웨이
신신제약,2800,002800.KQ,KOSDAQ,의약품 제조업,파스류 (신신파스 아렉스 등),2017-02-28,12월,이병기,http://www.sinsin.com,세종특별자치시,신신제약
신영스팩10호,472220,472220.KQ,KOSDAQ,금융 지원 서비스업,기업인수합병,2024-02-06,12월,김용국,,서울특별시,신영스팩10호
신영스팩8호,430220,430220.KQ,KOSDAQ,금융 지원 서비스업,기업인수,2022-08-26,12월,변 해 봉,,서울특별시,신영스팩8호
신영스팩9호,445970,445970.KQ,KOSDAQ,금융 지원 서비스업,기업인수,2022-12-27,12월,손길현,,서울특별시,신영스팩9호
신영와코루,5800,005800.KS,KOSPI,봉제의복 제조업,"여성용 내의류(화운데이션,란제리,블래지어),환자,노령자용 파자마,남성용 내의류 제조",1976-12-28,12월,"이의평, 이성원",http://www.shinyoungwacoal.co.kr,서울특별시,신영와코루
신영증권,1720,001720.KS,KOSPI,금융 지원 서비스업,증권업,1987-08-24,03월,"원종석, 황성엽",http://www.shinyoung.com,서울특별시,신영증권
신원,9270,009270.KS,KOSPI,봉제의복 제조업,"여성,남성의류,스웨터,의복관련 악세사리,사카린,망초 제조,판매,수출입/섬유의류 도매/신용카드업/의류전문 물류대행 및 임대사업",1988-08-24,12월,박정주,http://www.sw.co.kr,서울특별시,신원
신원종합개발,17000,017000.KQ,KOSDAQ,건물 건설업,토건,1994-12-07,12월,김성민,http://www.swc.co.kr,경기도,신원종합개발
신일전자,2700,002700.KS,KOSPI,기계장비 및 관련 물품 도매업,"가정용 전기기구(선풍기,난로,세탁기),전자기구,연구기구 제조,수출입",1975-09-30,12월,정윤석,http://www.shinil.co.kr,충청남도,신일전자
신일제약,12790,012790.KQ,KOSDAQ,의약품 제조업,"디펜플라스타, 맥스케어, 트레스, 리피칸",1999-08-13,12월,홍재현,http://www.sinilpharm.com,충청북도,신일제약
신진에스엠,138070,138070.KQ,KOSDAQ,기타 금속 가공제품 제조업,표준 플레이트,2011-11-28,12월,"김은식, 김은주(각자대표)",http://www.sinjin-sm.co.kr,전북특별자치도,신진에스엠
신테카바이오,226330,226330.KQ,KOSDAQ,소프트웨어 개발 및 공급업,유전체 빅데이터 기반의 AI신약개발 및 정밀의료서비스,2019-12-17,12월,정종선,http://www.syntekabio.com,대전광역시,신테카바이오
신풍,2870,002870.KS,KOSPI,기타 전문 도매업,"마닐라판지 제조,도소매",1976-06-30,12월,정학헌,http://spinc.co.kr,서울특별시,신풍
신풍제약,19170,019170.KS,KOSPI,의약품 제조업,"의약품(항생제,혈전용해제,향정신성약품,구충제) 제조,판매",1990-01-20,12월,유 제 만,http://www.shinpoong.co.kr,경기도,신풍제약
신한글로벌액티브리츠,481850,481850.KS,KOSPI,신탁업 및 집합투자업,신탁 및 집합투자,2024-07-01,02월,조준우,http://shglobalreit.com,서울특별시,신한글로벌액티브리츠
신한서부티엔디리츠,404990,404990.KS,KOSPI,부동산 임대 및 공급업,부동산투자,2021-12-10,12월,승만호,http://shsbreit.com,서울특별시,신한서부티엔디리츠
신한알파리츠,293940,293940.KS,KOSPI,부동산 임대 및 공급업,비거주 부동산 임대 서비스업,2018-08-08,03월,이준구,http://www.shalphareit.com,서울특별시,신한알파리츠
신한제11호스팩,452980,452980.KQ,KOSDAQ,금융 지원 서비스업,금융서비스(기업인수목적 회사),2023-10-04,12월,오정훈,,서울특별시,신한제11호스팩
신한제12호스팩,474660,474660.KQ,KOSDAQ,금융 지원 서비스업,금융서비스(기업인수목적회사),2024-04-15,12월,이동호,,서울특별시,신한제12호스팩
신한제13호스팩,474930,474930.KQ,KOSDAQ,금융 지원 서비스업,기타금융서비스(기업합병),2024-04-22,12월,배성환,,서울특별시,신한제13호스팩
신한제14호스팩,487360,487360.KQ,KOSDAQ,금융 지원 서비스업,금융 지원 서비스업,2024-12-23,12월,정우주,,서울특별시,신한제14호스팩
신한제15호스팩,487830,487830.KQ,KOSDAQ,금융 지원 서비스업,금융 지원 서비스업,2024-11-15,12월,연오흠,,서울특별시,신한제15호스팩
신한지주,55550,055550.KS,KOSPI,기타 금융업,금융지주회사,2001-09-10,12월,진옥동,http://www.shinhangroup.com,서울특별시,신한지주
신화인터텍,56700,056700.KQ,KOSDAQ,플라스틱제품 제조업,디스플레이 BLU용 광학필름,2001-12-13,12월,안철흥,http://www.shinwha.com,충청남도,신화인터텍
신화콘텍,187270,187270.KQ,KOSDAQ,"전동기, 발전기 및 전기 변환 · 공급 · 제어 장치 제조업","커넥터(정보통신기기용, 디스플레이용, HDD용 등)",2014-08-08,12월,이정진,http://www.sh-ct.co.kr,경기도,신화콘텍
신흥,4080,004080.KS,KOSPI,기계장비 및 관련 물품 도매업,"치과용기자재(방사선장치,전기진단장치),주사침 도소매,제조/부동산 임대",1991-02-08,12월,이용익,http://www.shinhung.co.kr,서울특별시,신흥
신흥에스이씨,243840,243840.KQ,KOSDAQ,일차전지 및 이차전지 제조업,"2차전지용 안전 부품(Cap Assembly, CID)",2017-09-27,12월,황만용,http://www.shsec.co.kr,경기도,신흥에스이씨
실리콘투,257720,257720.KQ,KOSDAQ,상품 종합 도매업,화장품 유통,2021-09-29,12월,김성운,http://www.siliconii.com,경기도,실리콘투
심텍,222800,222800.KQ,KOSDAQ GLOBAL,전자부품 제조업,반도체용 인쇄회로기판,2015-08-07,12월,"전영선, 김영구",http://www.simmtech.co.kr,충청북도,심텍
심텍홀딩스,36710,036710.KQ,KOSDAQ,통신 및 방송 장비 제조업,반도체용 인쇄회로기판,2000-01-04,12월,박광준,http://www.simmtechholdings.co.kr,충청북도,심텍홀딩스
심플랫폼,444530,444530.KQ,KOSDAQ,소프트웨어 개발 및 공급업,NUBISON AIoT(산업용 데이터 수집과 산업용 AI서비스 운영),2025-03-21,12월,"임대근, 강태신",http://simplatform.com,서울특별시,심플랫폼
싸이맥스,160980,160980.KQ,KOSDAQ,특수 목적용 기계 제조업,"웨이퍼 이송장치(Cluster Tool, EFEM, LPM 등)",2015-06-17,12월,"정혜은, 정구용 (각자대표)",http://www.cymechs.com,경기도,싸이맥스
싸이버원,356890,356890.KQ,KOSDAQ,소프트웨어 개발 및 공급업,보안관제 및 보안컨설팅 등,2021-03-11,12월,육동현,http://www.cyberone.kr,서울특별시,싸이버원
싸이토젠,217330,217330.KQ,KOSDAQ,자연과학 및 공학 연구개발업,CTC 기반 Liquid Biopsy 응용사업 및 플랫폼,2018-11-22,12월,"전병희, 안지훈 (각자대표)",http://cytogenlab.com,서울특별시,싸이토젠
쌍방울,102280,102280.KS,KOSPI,봉제의복 제조업,,2008-06-10,12월,정운호,http://www.sbw.co.kr,서울특별시,쌍방울
써니전자,4770,004770.KS,KOSPI,전자부품 제조업,"수정진동자,수정발진기,초음파지연선,MCF,축수나사 제조,도매,수출입",1987-04-22,12월,차상권,http://www.sunny.co.kr,충청북도,써니전자
썬테크,217320,217320.KQ,KONEX,"전동기, 발전기 및 전기 변환 · 공급 · 제어 장치 제조업","자기진단형 발전기, 영구자석 회전자 발전기",2015-04-29,12월,이선휴,http://www.sun-tech.co.kr,전라남도,썬테크
썸에이지,208640,208640.KQ,KOSDAQ,소프트웨어 개발 및 공급업,소프트웨어 개발 및 공급업,2014-12-29,12월,박홍서,http://www.thumbage.co.kr,경기도,썸에이지
쎄노텍,222420,222420.KQ,KOSDAQ,기타 비금속 광물제품 제조업,세라믹 비드,2015-08-06,12월,"이승호, 이주성(각자)",http://www.cenotec.com,경상남도,쎄노텍
쎄니트,37760,037760.KQ,KOSDAQ,1차 철강 제조업,스테인레스 냉연강판,2000-04-07,12월,"최재관, 박승배(각자대표)",http://www.cenit.kr,경상남도,쎄니트
쎄트렉아이,99320,099320.KQ,KOSDAQ,"항공기,우주선 및 부품 제조업","인공위성시스템, 위성지상국, 위성부분품 개발 및 제조",2008-06-13,12월,김이을,http://www.satreci.com,대전광역시,쎄트렉아이
쎌바이오텍,49960,049960.KQ,KOSDAQ,기초 의약물질 제조업,유산균 원말 및 완제품,2002-12-13,12월,정명준,http://www.cellbiotech.com,경기도,쎌바이오텍
쏘닉스,88280,088280.KQ,KOSDAQ,반도체 제조업,RF필터 파운드리,2023-11-07,12월,양형국,http://www.sawnics.com,경기도,쏘닉스
쏘카,403550,403550.KS,KOSPI,운송장비 임대업,"카셰어링, 모빌리티 플랫폼 등",2022-08-22,12월,박재욱,http://www.socarcorp.kr,제주특별자치도,쏘카
쏠리드,50890,050890.KQ,KOSDAQ,통신 및 방송 장비 제조업,"이동통신중계기,위성DMB용중계기",2005-07-08,12월,"정준, 이승희 (각자대표이사)",http://www.solid.co.kr,경기도,쏠리드
쓰리빌리언,394800,394800.KQ,KOSDAQ,의료용 기기 제조업,유전체 분석 기반 희귀 유전질환 진단 검사 서비스,2024-11-14,12월,금창원,http://3billion.io,서울특별시,쓰리빌리언
쓰리에이로직스,177900,177900.KQ,KOSDAQ,반도체 제조업,NFC/IoT SoC 및 모듈,2024-12-24,12월,"박광범, 이평한",http://www.3alogics.com,경기도,쓰리에이로직스
씨메스,475400,475400.KQ,KOSDAQ,특수 목적용 기계 제조업,AI 기반 로봇 솔루션 및 3D 비전 솔루션,2024-10-24,12월,이성호,http://www.cmesrobotics.ai,서울특별시,씨메스
씨싸이트,109670,109670.KQ,KOSDAQ,봉제의복 제조업,니트류 OEM,2023-12-21,12월,김상기,http://www.c-site.co.kr,서울특별시,씨싸이트
씨씨에스,66790,066790.KQ,KOSDAQ,텔레비전 방송업,케이블TV서비스 및 초고속인터넷서비스,2003-05-30,12월,권영완,http://www.ccstv.co.kr,충청북도,씨씨에스
씨아이에스,222080,222080.KQ,KOSDAQ,특수 목적용 기계 제조업,2차전지 제조설비,2015-09-02,12월,김동진,http://www.cisro.co.kr,대구광역시,씨아이에스
씨아이테크,4920,004920.KS,KOSPI,영상 및 음향기기 제조업,"컴퓨터 소프트웨어,하드웨어 서버,도매",1989-11-30,12월,김대영,http://www.citech.kr,서울특별시,씨아이테크
씨알푸드,236030,236030.KQ,KONEX,"곡물가공품, 전분 및 전분제품 제조업","시리얼, 시리얼바",2017-12-14,12월,이상범,http://www.crfood.co.kr,충청북도,씨알푸드
씨앗,103660,103660.KQ,KONEX,기타 화학제품 제조업,"잉크리본, 인화지",2015-06-22,12월,이영선,http://www.ciaat.net,광주광역시,씨앗
씨앤씨인터내셔널,352480,352480.KQ,KOSDAQ,기타 화학제품 제조업,색조 화장품,2021-05-17,12월,"배은철,배수아(각자 대표이사)",http://www.cnccosmetic.com,경기도,씨앤씨인터내셔널
씨앤에스링크,245450,245450.KQ,KONEX,통신 및 방송 장비 제조업,"내비게이션, LTE Router, 블랙박스",2016-06-24,12월,안상태,http://www.cns-link.co.kr,경기도,씨앤에스링크
씨앤지하이테크,264660,264660.KQ,KOSDAQ,특수 목적용 기계 제조업,"약액혼합공급장치, 화학약품재생장치",2018-01-25,12월,"홍사문, 홍중선 (각자 대표이사)",http://www.cnghitech.com,경기도,씨앤지하이테크
씨앤투스,352700,352700.KQ,KOSDAQ,기타 섬유제품 제조업,"에어필터, 산업용 및 보건용 마스크",2021-01-28,12월,하춘욱,http://cntus.com,부산광역시,씨앤투스
씨어스테크놀로지,458870,458870.KQ,KOSDAQ,의료용 기기 제조업,심전도검사솔루션 입원환자모니터링솔루션,2024-06-19,12월,이영신,http://seerstech.com,경기도,씨어스테크놀로지
씨에스베어링,297090,297090.KQ,KOSDAQ,일반 목적용 기계 제조업,"풍력용 선회베어링, 산업용 선회베어링",2019-11-21,12월,김창헌,http://www.csbrg.com,서울특별시,씨에스베어링
씨에스윈드,112610,112610.KS,KOSPI,"구조용 금속제품, 탱크 및 증기발생기 제조업",풍력발전타워 제조,2014-11-27,12월,방성훈,http://www.cswind.com,서울특별시,씨에스윈드
씨엑스아이,900120,900120.KQ,KOSDAQ,기타 금융업,건강보조식품,2010-03-31,06월,린진성,http://www.ckhfnh.co.kr,케이맨 제도,씨엑스아이
씨엔알리서치,359090,359090.KQ,KOSDAQ,"그외 기타 전문, 과학 및 기술 서비스업",금융 지원 서비스,2020-09-23,12월,윤문태,http://www.cnrres.com,서울특별시,씨엔알리서치
씨엔플러스,115530,115530.KQ,KOSDAQ,전자부품 제조업,커넥터,2011-11-02,12월,정상옥,http://www.icnplus.com,경기도,씨엔플러스
씨유메디칼,115480,115480.KQ,KOSDAQ,의료용 기기 제조업,심장제세동기,2011-12-15,12월,김형수,http://www.cu911.com,강원특별자치도,씨유메디칼
씨유박스,340810,340810.KQ,KOSDAQ,소프트웨어 개발 및 공급업,"AI얼굴인식 시스템, AI얼굴인증 솔루션, AI 객체인식 솔루션, AI데이터 플랫폼",2023-05-19,12월,남운성,http://www.cubox.ai,서울특별시,씨유박스
씨유테크,376290,376290.KQ,KOSDAQ,전자부품 제조업,"휴대폰, 전장 등 실장부품",2021-10-08,12월,백영현,http://www.cutech.co.kr,경기도,씨유테크
씨이랩,189330,189330.KQ,KOSDAQ,소프트웨어 개발 및 공급업,빅데이터플랫폼,2021-02-24,12월,"윤세혁, 채정환 (각자 대표이사)",http://www.xiilab.com,서울특별시,씨이랩
씨젠,96530,096530.KQ,KOSDAQ,의료용품 및 기타 의약 관련제품 제조업,"호흡기성 병원체 검사제품, 성감염증원인균 검사제품",2010-09-10,12월,"천종윤, 이대훈 각자대표이사",http://www.seegene.co.kr,서울특별시,씨젠
씨케이솔루션,480370,480370.KS,KOSPI,"건축기술, 엔지니어링 및 관련 기술 서비스업","드라이룸/클린룸 등 건물용 기계, 장비 설치 공사업",2025-03-17,12월,"김유곤, 안근표 (공동 대표이사)",http://www.cksolution.co.kr,경기도,씨케이솔루션
씨큐브,101240,101240.KQ,KOSDAQ,기초 화학물질 제조업,진주광택안료,2011-11-08,12월,임광수,http://www.cqv.co.kr,충청북도,씨큐브
씨티씨바이오,60590,060590.KQ,KOSDAQ,의약품 제조업,"동물용항병원성제품, 생균효소제",2002-02-21,12월,"조창선, 김신규(공동대표이사)",http://www.ctcbio.com,경기도,씨티씨바이오
씨티알모빌리티,308170,308170.KS,KOSPI,자동차 신품 부품 제조업,"이너레이스, 오디 클러치보스, 로터샤프트, 슬리브기어, 컨트롤 암, 엑슬",2019-11-25,12월,양현철,http://www.ctrmobility.co.kr,울산광역시,씨티알모빌리티
씨티케이,260930,260930.KQ,KOSDAQ,기타 화학제품 제조업,완제 화장품 (색조 및 기초),2017-12-07,12월,정인용,http://www.ctkcosmetics.com,서울특별시,씨티케이
씨피시스템,413630,413630.KQ,KOSDAQ,플라스틱제품 제조업,전기재료연결부품,2022-03-31,12월,"김경민, 김혜정",http://www.cpsystem.co.kr,부산광역시,씨피시스템
아가방컴퍼니,13990,013990.KQ,KOSDAQ,생활용품 도매업,유아용 의류 및 용품,2002-01-17,12월,신상국,http://www.agabang.com,서울특별시,아가방컴퍼니
아나패스,123860,123860.KQ,KOSDAQ,반도체 제조업,Timing Controller(TCON),2010-11-05,12월,이경호,http://www.anapass.com,서울특별시,아나패스
아난티,25980,025980.KQ,KOSDAQ,일반 및 생활 숙박시설 운영업,리조트 운영 및 분양,1996-01-06,12월,이만규,http://www.ananti.kr,충청북도,아난티
아남전자,8700,008700.KS,KOSPI,영상 및 음향기기 제조업,"칼라TV,오디오,비디오 제조,도매",1984-08-11,12월,"공동대표이사 : 유성준, 박준구",http://www.aname.co.kr,서울특별시,아남전자
아모그린텍,125210,125210.KQ,KOSDAQ,전자부품 제조업,비정질 및 나노결정립을 이용한 자성부품 및 전류센서,2019-03-29,12월,"양성철, 김병규(각자대표)",http://amogreentech.co.kr,경기도,아모그린텍
아모레퍼시픽,90430,090430.KS,KOSPI,기타 화학제품 제조업,"화장품,생활용품 제조, 판매",2006-06-29,12월,"서경배, 김승환",http://www.apgroup.com,서울특별시,아모레퍼시픽
아모레퍼시픽그룹,2790,002790.KS,KOSPI,기타 화학제품 제조업,지주회사,1973-04-30,12월,"서경배, 이상목",http://www.apgroup.com,서울특별시,아모레퍼시픽그룹
아모센스,357580,357580.KQ,KOSDAQ,전자부품 제조업,무선충전 차폐시트,2021-06-25,12월,김인응,http://www.amosense.co.kr,충청남도,아모센스
아모텍,52710,052710.KQ,KOSDAQ,전자부품 제조업,"칩바리스터, 아몰퍼스코어",2003-08-01,12월,김병규,http://www.amotech.co.kr,인천광역시,아모텍
아미노로직스,74430,074430.KQ,KOSDAQ,기초 의약물질 제조업,DVR용 영상처리 칩,2004-06-04,12월,"오장석,오성석",http://www.aminologics.co.kr,서울특별시,아미노로직스
아미코젠,92040,092040.KQ,KOSDAQ,기타 식품 제조업,제약용 특수효소 및 효소기반 바이오신소재,2013-09-12,12월,표쩌,http://www.amicogen.com,경상남도,아미코젠
아바코,83930,083930.KQ,KOSDAQ,특수 목적용 기계 제조업,평판디스플레이제조용장비,2005-10-11,12월,김광현,http://www.avaco.co.kr,대구광역시,아바코
아바텍,149950,149950.KQ,KOSDAQ,전자부품 제조업,"Glass Slimming & ITO코팅 제품, PDP필터",2012-11-06,12월,박명섭,http://www.avatec.co.kr,대구광역시,아바텍
아비코전자,36010,036010.KQ,KOSDAQ,전자부품 제조업,"인덕터, 저항기",2002-07-03,12월,김창수,http://www.abco.co.kr,경기도,아비코전자
아세아,2030,002030.KS,KOSPI,회사 본부 및 경영 컨설팅 서비스업,"회사본부,지주회사 및 경영컨설팅 서비스업",1974-06-03,12월,"이훈범, 오기호",http://asiaholdings.co.kr,서울특별시,아세아
아세아시멘트,183190,183190.KS,KOSPI,"시멘트, 석회, 플라스터 및 그 제품 제조업","시멘트, 레미콘, 몰탈",2013-11-06,12월,"임경태, 김웅종",http://www.asiacement.co.kr,서울특별시,아세아시멘트
아세아제지,2310,002310.KS,KOSPI,"골판지, 종이 상자 및 종이용기 제조업","골판지원지,석고보드원지,크라프트원지,라이나원지,라이너지 제조,판매",1988-12-15,12월,"유승환, 이현탁",http://www.asiapaper.co.kr,서울특별시,아세아제지
아세아텍,50860,050860.KQ,KOSDAQ,특수 목적용 기계 제조업,"농기계(관리기,SS기, 이앙기) 제조",2010-01-26,06월,"김신길, 김은수 (각자대표)",http://www.asiakor.com,대구광역시,아세아텍
아센디오,12170,012170.KS,KOSPI,"영화, 비디오물, 방송프로그램 제작 및 배급업",석탄(점결탄) 판매,1989-12-20,12월,한승일,http://ascendio.co.kr,서울특별시,아센디오
아셈스,136410,136410.KQ,KOSDAQ,플라스틱제품 제조업,핫멜트 접착 필름,2022-02-07,12월,장지상,http://assems.com,부산광역시,아셈스
아스타,246720,246720.KQ,KOSDAQ,의료용품 및 기타 의약 관련제품 제조업,MALDI-TOF 질량분석기 기반 진단시스템,2017-03-20,12월,"조응준, 김양선 (각자대표이사)",http://www.astams.com,경기도,아스타
아스테라시스,450950,450950.KQ,KOSDAQ,의료용 기기 제조업,"피부 미용의료기기 제조, 판매",2025-01-24,12월,서은택,http://asterasys.com,서울특별시,아스테라시스
아스트,67390,067390.KQ,KOSDAQ,"항공기,우주선 및 부품 제조업",항공기용 부품 제조 및 동체 조립,2014-12-24,12월,김두일,http://www.astk.co.kr,경상남도,아스트
아스플로,159010,159010.KQ,KOSDAQ,일반 목적용 기계 제조업,"강관, 피팅, 밸브류 등",2021-10-07,12월,강두홍,http://www.asflow.com,경기도,아스플로
아시아경제,127710,127710.KQ,KOSDAQ,"자료처리, 호스팅, 포털 및 기타 인터넷 정보매개 서비스업",광고 및 콘텐츠,2015-07-31,12월,"장범식, 마영민(각자대표)",http://www.asiae.co.kr,서울특별시,아시아경제
아시아나항공,20560,020560.KS,KOSPI,항공 여객 운송업,"항공운송(여객운송,화물운송)/항공기 제조,정비수리",2008-03-28,12월,송보영,http://www.flyasiana.com,서울특별시,아시아나항공
아시아나IDT,267850,267850.KS,KOSPI,"컴퓨터 프로그래밍, 시스템 통합 및 관리업","IT 서비스, IT 솔루션",2018-11-23,12월,김응철,http://www.asianaidt.com,서울특별시,"아시아나idt, 아시아나IDT"
아시아종묘,154030,154030.KQ,KOSDAQ,작물 재배업,종자,2018-02-12,09월,류경오,http://www.asiaseed.kr,서울특별시,아시아종묘
아우딘퓨쳐스,227610,227610.KQ,KOSDAQ,기타 화학제품 제조업,"기초화장품, 마스크팩 등",2017-07-12,12월,"최영욱, 나현수(각자대표)",http://www.outinco.com,서울특별시,아우딘퓨쳐스
아이디스,143160,143160.KQ,KOSDAQ,통신 및 방송 장비 제조업,"영상보안장치(DVR,NVR,IP-Camera 등)",2011-09-26,12월,김영달,http://www.idisglobal.com,대전광역시,아이디스
아이디스홀딩스,54800,054800.KQ,KOSDAQ,기타 전문 서비스업,비금융지주회사,2001-09-27,12월,김영달,http://www.idisholdings.co.kr,대전광역시,아이디스홀딩스
아이디피,332370,332370.KQ,KOSDAQ,컴퓨터 및 주변장치 제조업,"카드인쇄용 프린터, 카드인쇄용 리본",2020-08-24,12월,노현철,http://www.idp-corp.com,서울특별시,아이디피
아이마켓코리아,122900,122900.KS,KOSPI,상품 종합 도매업,B2B 전자상거래,2010-07-30,12월,김학재,http://www.imarketkorea.com,서울특별시,아이마켓코리아
아이비김영,339950,339950.KQ,KOSDAQ,일반 교습 학원,"오프라인 학원, 온라인강의",2019-12-24,12월,김석철,http://www.kimyoung.co.kr,서울특별시,아이비김영
아이비젼웍스,469750,469750.KQ,KOSDAQ,특수 목적용 기계 제조업,이차전지 검사시스템 및 검사시스템 설치셋업용역,2024-09-03,12월,길기재,http://www.ivw.co.kr,대전광역시,아이비젼웍스
아이빔테크놀로지,460470,460470.KQ,KOSDAQ,사진장비 및 광학기기 제조업,"생체현미경, CRO 서비스",2024-08-06,12월,김필한,http://www.ivimtech.com,대전광역시,아이빔테크놀로지
아이센스,99190,099190.KQ,KOSDAQ,의료용 기기 제조업,"혈당측정스트립, 혈당측정기기 등",2013-01-30,12월,"차근식, 남학현(각자 대표이사)",http://www.i-sens.com,서울특별시,아이센스
아이스크림미디어,461300,461300.KQ,KOSDAQ,소프트웨어 개발 및 공급업,"교육출판, 커머스, 연수",2024-08-30,12월,"허주환, 현준우(각자대표)",http://www.i-screammedia.com,경기도,아이스크림미디어
아이스크림에듀,289010,289010.KQ,KOSDAQ,"서적, 잡지 및 기타 인쇄물 출판업",아이스크림홈런,2019-07-11,12월,박기석,http://www.i-screamedu.co.kr,서울특별시,아이스크림에듀
아이쓰리시스템,214430,214430.KQ,KOSDAQ,전자부품 제조업,"적외선 영상센서, 엑스레이 영상센서",2015-07-30,12월,정한,http://www.i3system.com,대전광역시,아이쓰리시스템
아이씨디,40910,040910.KQ,KOSDAQ,특수 목적용 기계 제조업,"건식세정기,LCD,반도체 장비,광정보통신 부품,장비 제조,연구개발,용역 서비스,수출입",2011-08-05,12월,이승호,http://www.icd.co.kr,경기도,아이씨디
아이씨에이치,368600,368600.KQ,KOSDAQ,전자부품 제조업,스마트기기용 필름형 안테나,2022-07-29,12월,김영훈,http://www.ch-ich.com,경기도,아이씨에이치
아이씨티케이,456010,456010.KQ,KOSDAQ,반도체 제조업,"PUF반도체,보안솔루션(보안반도체,정보통신모듈기기,정보통신용반도체) 제조,개발",2024-05-17,12월,이정원,http://www.ictk.com,서울특별시,아이씨티케이
아이앤씨,52860,052860.KQ,KOSDAQ,반도체 제조업,지상파 DMB용 수신칩(모바일 TV용 SoC),2009-10-06,12월,박창일,http://www.inctech.co.kr,경기도,아이앤씨
아이언디바이스,464500,464500.KQ,KOSDAQ,반도체 제조업,스마트폰용 오디오 앰프 반도체 Soc,2024-09-23,12월,박기태,http://www.irondevice.com,서울특별시,아이언디바이스
아이에스동서,10780,010780.KS,KOSPI,"시멘트, 석회, 플라스터 및 그 제품 제조업","타일,위생도기,콘크리트파일,P.C관,침목 제조,도매",1986-01-27,12월,"남병옥, 허필식, 배기문",http://www.isdongseo.co.kr,서울특별시,아이에스동서
아이에스티이,212710,212710.KQ,KOSDAQ,반도체 제조업,반도체 제조용 장비,2025-02-12,12월,조창현,http://iste.co.kr,경기도,아이에스티이
아이에이,38880,038880.KQ,KOSDAQ,전자부품 제조업,"반도체 및 모듈, 제어기",2000-04-27,12월,"최동철, 레이먼김 (공동대표이사)",http://www.ia-inc.kr,서울특별시,아이에이
아이에이치큐,3560,003560.KS,KOSPI,"영화, 비디오물, 방송프로그램 제작 및 배급업","매니지먼트, 음반, 드라마 제작, 유료방송, 프로그램 공급, 광고대행",1973-12-18,12월,오준,http://www.ihq.co.kr,서울특별시,아이에이치큐
아이엘사이언스,307180,307180.KQ,KOSDAQ,전구 및 조명장치 제조업,LED용 실리콘렌즈 외,2018-12-21,12월,송성근,http://www.ilscience.co.kr,충청남도,아이엘사이언스
아이엠,101390,101390.KQ,KOSDAQ,전자부품 제조업,휴대폰카메라모듈 등,2008-07-23,12월,김태동,http://www.im2006.com,경기도,아이엠
아이엠비디엑스,461030,461030.KQ,KOSDAQ,자연과학 및 공학 연구개발업,"알파리퀴드,디텍트,스크리닝",2024-04-03,12월,김태유,http://www.imbdx.com,서울특별시,아이엠비디엑스
아이엠지티,456570,456570.KQ,KONEX,의료용품 및 기타 의약 관련제품 제조업,치료용 집속초음파 기기,2023-07-19,12월,"이학종, 손건호 (각자 대표이사)",http://www.imgt.co.kr,경기도,아이엠지티
아이엠티,451220,451220.KQ,KOSDAQ,특수 목적용 기계 제조업,건식세정 장비 및 EUV Mask Baking Laser,2023-10-10,12월,최재성,http://www.imt-c.co.kr,경기도,아이엠티
아이오바이오,447690,447690.KQ,KONEX,의료용 기기 제조업,정량광형광기술을 활용한 구강질환 진단검사 의료기기,2022-12-28,12월,윤홍철,http://www.aiobio.co.kr,서울특별시,아이오바이오
아이윈,90150,090150.KQ,KOSDAQ,자동차 신품 부품 제조업,시트히터,2006-10-20,12월,"신규진, 조병호(각자대표이사)",http://www.kwangjinwintec.com,부산광역시,아이윈
아이윈플러스,123010,123010.KQ,KOSDAQ,전자부품 제조업,이미지센서 패키징,2016-07-20,12월,배세현,http://www.optopac.com,충청북도,아이윈플러스
아이즈비전,31310,031310.KQ,KOSDAQ,전기 통신업,"홈쇼핑(아이즈홈쇼핑), 국제전화(아이즈텔), 가정용유무선 전화기판매(TopPhone)",1997-07-25,12월,"김상우 , 안필성(각자 대표이사)",http://www.eyesvision.com,서울특별시,아이즈비전
아이지넷,462980,462980.KQ,KOSDAQ,기타 정보 서비스업,"보험 서비스 어플리케이션, 기업용 보험 솔루션",2025-02-04,12월,"김창균, 김지태",http://www.aijinet.com,서울특별시,아이지넷
아이진,185490,185490.KQ,KOSDAQ,자연과학 및 공학 연구개발업,"당뇨성망막병증 치료제, 욕창치료제, 대상포진백신, 코로나19 예방백신 등",2015-11-16,12월,최석근,http://www.eyegene.co.kr,경기도,아이진
아이컴포넌트,59100,059100.KQ,KOSDAQ,전자부품 제조업,액정평판디스플레이용 플라스틱 박판필름 제조업,2008-12-16,12월,김양국,http://www.i-components.co.kr,경기도,아이컴포넌트
아이케이세미콘,149010,149010.KQ,KONEX,반도체 제조업,비메모리 반도체,2014-11-14,12월,윤경덕,http://www.iksemi.com,서울특별시,아이케이세미콘
아이퀘스트,262840,262840.KQ,KOSDAQ,소프트웨어 개발 및 공급업,"패키지 ERP, 구축형 ERP 등",2021-02-05,12월,김순모,http://www.iquest.co.kr,서울특별시,아이퀘스트
아이큐어,175250,175250.KQ,KOSDAQ,의약품 제조업,"플라스타, 의약 및 의약외품 패취등, 마스크팩, 화장품 기초라인",2018-07-12,12월,이영석,http://icure.co.kr,서울특별시,아이큐어
아이크래프트,52460,052460.KQ,KOSDAQ,"컴퓨터 프로그래밍, 시스템 통합 및 관리업","인터넷핵심망(CCR,MCR,NAS등)",2005-01-03,12월,"박우진, 서익수(각자 대표이사)",http://www.icraft21.com,서울특별시,아이크래프트
아이텍,119830,119830.KQ,KOSDAQ,"그외 기타 전문, 과학 및 기술 서비스업",비메모리 반도체 테스트,2010-10-26,12월,이장혁,http://www.iteksemi.com,경기도,아이텍
아이톡시,52770,052770.KQ,KOSDAQ,기타 전문 도매업,게임,2002-08-22,12월,"전봉규, 최치경(각자대표)",http://www.itoxi.co.kr,서울특별시,아이톡시
아이티센,124500,124500.KQ,KOSDAQ,"컴퓨터 프로그래밍, 시스템 통합 및 관리업",시스템통합 및 IT서비스,2014-12-23,12월,강진모,http://www.itcen.co.kr,경기도,아이티센
아이티센엔텍,10280,010280.KQ,KOSDAQ,"컴퓨터 프로그래밍, 시스템 통합 및 관리업","클라우드,시스템통합(SI),네트워크 설계 및 구축,시스템운영(SM)",2000-04-14,12월,신장호,http://www.sicc.co.kr,경기도,아이티센엔텍
아이티센코어,243870,243870.KQ,KONEX,"컴퓨터 프로그래밍, 시스템 통합 및 관리업","건설ERP, 내부통제솔루션, 공간관리솔루션, 소프트웨어 개발 및 공급 자문/ IT 컨설팅 外",2016-10-31,12월,김우성,http://www.goodcen.com,경기도,아이티센코어
아이티아이즈,372800,372800.KQ,KOSDAQ,소프트웨어 개발 및 공급업,"디지털금융솔루션 제공 및 AI, Big Data 서비스, 클라우드 통합 플랫폼 (GURMWI)",2021-11-11,12월,이성남,http://www.iteyes.co.kr,서울특별시,아이티아이즈
아이티엠반도체,84850,084850.KQ,KOSDAQ GLOBAL,전자부품 제조업,배터리 보호회로,2019-11-07,12월,나혁휘,http://www.it-m.co.kr,충청북도,아이티엠반도체
아이패밀리에스씨,114840,114840.KQ,KOSDAQ,기타 화학제품 제조업,"색조화장품 브랜드 `롬앤(Rom&nd)', IT기반 웨딩서비스 브랜드 `아이웨딩`",2021-10-28,12월,"김태욱, 김성현",http://www.ifamily.co.kr,서울특별시,아이패밀리에스씨
아주스틸,139990,139990.KS,KOSPI,1차 철강 제조업,"프리미엄 가전용 고품질 컬러강판, 건자재 등",2021-08-20,12월,이현식,http://www.ajusteel.com,경상북도,아주스틸
아주IB투자,27360,027360.KQ,KOSDAQ,기타 금융업,,2018-11-21,12월,김지원,http://www.ajuib.co.kr,서울특별시,"아주ib투자, 아주IB투자"
아즈텍WB,32080,032080.KQ,KOSDAQ,"섬유제품 염색, 정리 및 마무리 가공업",직물,2000-10-26,12월,허 재 명,http://www.aztechwb.com,부산광역시,"아즈텍wb, 아즈텍WB"
아진산업,13310,013310.KQ,KOSDAQ,자동차 신품 부품 제조업,자동차 차체 부품,2015-12-22,12월,서중호,http://www.wamc.co.kr,경상북도,아진산업
아진엑스텍,59120,059120.KQ,KOSDAQ,반도체 제조업,"전자집적회로, 모션제어칩",2014-07-24,12월,김창호,http://www.ajinextek.com,대구광역시,아진엑스텍
아진전자부품,9320,009320.KS,KOSPI,자동차 신품 부품 제조업,자동차 전장부품,1989-08-25,12월,"서중호,문종은",http://www.dwecc.com,전북특별자치도,아진전자부품
아크솔루션스,203690,203690.KQ,KOSDAQ,"펄프, 종이 및 판지 제조업",화장품,2014-09-30,12월,"최수영, 오윤호",http://www.spherepower.co.kr,서울특별시,아크솔루션스
아톤,158430,158430.KQ,KOSDAQ,소프트웨어 개발 및 공급업,"모바일금융솔루션, mOTP 개발",2019-10-17,12월,"김종서, 우길수(각자 대표이사)",http://www.atoncorp.com,서울특별시,아톤
아티스트스튜디오,200350,200350.KQ,KOSDAQ,"영화, 비디오물, 방송프로그램 제작 및 배급업",드라마 제작,2021-12-30,12월,안형조,http://reamongraein.co.kr,서울특별시,아티스트스튜디오
아티스트유나이티드,321820,321820.KQ,KOSDAQ,소프트웨어 개발 및 공급업,빅데이터/인공지능 마케팅플랫폼 및 데이터플랫폼,2021-02-03,12월,황경주,http://www.widerplanet.com,서울특별시,아티스트유나이티드
아퓨어스,149300,149300.KQ,KONEX,자연과학 및 공학 연구개발업,"실험동물, 연구용피부 및 연구용세포, 연구용역",2019-09-03,12월,최선덕,http://www.apures.com,경기도,아퓨어스
아하,102950,102950.KQ,KONEX,전자부품 제조업,"전자칠판, 전자교탁 등",2022-11-30,12월,"구기도, 엄창옥",http://www.i-aha.com,경기도,아하
안국약품,1540,001540.KQ,KOSDAQ,의약품 제조업,"그랑파제, 토비콤-S",2000-06-15,12월,"어진, 박인철 (각자 대표)",http://www.ahn-gook.com,경기도,안국약품
안랩,53800,053800.KQ,KOSDAQ,소프트웨어 개발 및 공급업,바이러스백신 프로그램,2001-09-13,12월,강석균,http://www.ahnlab.com,경기도,안랩
안지오랩,251280,251280.KQ,KONEX,자연과학 및 공학 연구개발업,신약개발 및 체지방 감소 건강기능식품,2016-10-25,12월,김민영,http://www.angiolab.co.kr,대전광역시,안지오랩
안트로젠,65660,065660.KQ,KOSDAQ,기타 전문 도매업,줄기세포치료제,2016-02-15,12월,"이성구, 김미형(각자대표)",http://www.anterogen.com,서울특별시,안트로젠
알로이스,297570,297570.KQ,KOSDAQ,통신 및 방송 장비 제조업,안드로이드 OTT 멀티미디어 디바이스,2018-07-20,12월,신정관,http://www.aloys.co.kr,경기도,알로이스
알루코,1780,001780.KS,KOSPI,1차 비철금속 제조업,"알루미늄제품,샷시 제조",2007-06-07,12월,박진우,http://www.aluko.co.kr,대전광역시,알루코
알리코제약,260660,260660.KQ,KOSDAQ,의료용품 및 기타 의약 관련제품 제조업,완제 의약품,2018-02-12,12월,이항구,http://www.arlico.co.kr,서울특별시,알리코제약
알멕,354320,354320.KQ,KOSDAQ,1차 비철금속 제조업,알루미늄 압출 제품,2023-06-30,12월,신상호,http://www.almac.co.kr,경상남도,알멕
알비더블유,361570,361570.KQ,KOSDAQ,오디오물 출판 및 원판 녹음업,음반 및 음원 등(콘텐츠),2021-11-22,12월,"김진우, 김도훈",http://www.rbbridge.com,서울특별시,알비더블유
알서포트,131370,131370.KQ,KOSDAQ,소프트웨어 개발 및 공급업,"원격지원,제어 솔루션",2011-01-05,12월,서형수,http://www.rsupport.com,서울특별시,알서포트
알에스오토메이션,140670,140670.KQ,KOSDAQ,전자부품 제조업,"모션제어기, 드라이브, 에너지제어장치",2017-08-11,12월,강덕현,http://www.rsautomation.co.kr,경기도,알에스오토메이션
알에프세미,96610,096610.KQ,KOSDAQ,반도체 제조업,"ECM Chip, TVS Diode, Driver IC, LED Module, LED",2007-11-20,12월,반재용,http://www.rfsemi.co.kr,전북특별자치도,알에프세미
알에프텍,61040,061040.KQ,KOSDAQ,통신 및 방송 장비 제조업,"핸드폰 충전기, 핸즈프리",2002-05-16,12월,이진형,http://www.rftech.co.kr,경기도,알에프텍
알엔투테크놀로지,148250,148250.KQ,KOSDAQ,전자부품 제조업,"이동통신부품(커플러), 의료기기용기판, 파우더",2016-06-22,12월,"성영철, 조서용 (각자대표)",http://www.rn2.co.kr,경기도,알엔투테크놀로지
알체라,347860,347860.KQ,KOSDAQ,소프트웨어 개발 및 공급업,"얼굴인식 AI, 이상상황 감지 AI 등",2020-12-21,12월,황영규,http://www.alchera.ai,경기도,알체라
알테오젠,196170,196170.KQ,KOSDAQ GLOBAL,자연과학 및 공학 연구개발업,바이오시밀러 및 바이오베터,2014-12-12,12월,박순재,http://www.alteogen.com,대전광역시,알테오젠
알톤,123750,123750.KQ,KOSDAQ,그외 기타 운송장비 제조업,전기 및 일반자전거 등,2010-07-02,12월,김신성,http://www.altonsports.co.kr,경기도,알톤
알티캐스트,85810,085810.KQ,KOSDAQ,소프트웨어 개발 및 공급업,"디지털 방송용 소프트웨어(셋톱박스용 미들웨어 등), CAS(수신제한시스템)",2013-12-06,12월,"정집훈,정욱재(각자 대표)",http://www.alticast.co.kr,서울특별시,알티캐스트
알파녹스,43100,043100.KQ,KOSDAQ,의료용 기기 제조업,"가정용 온열치료기, 의료기구",2000-08-08,12월,김재욱,http://www.solco.co.kr,경기도,알파녹스
알파홀딩스,117670,117670.KQ,KOSDAQ,반도체 제조업,시스템 반도체 개발,2010-09-17,12월,윤석원,http://www.alpha-holdings.co.kr,경기도,알파홀딩스
알피바이오,314140,314140.KQ,KOSDAQ,의약품 제조업,연질캡슐 제형의 의약품 및 건강기능식품,2022-09-29,12월,"윤재훈, 박재경",http://rpskorea.com,서울특별시,알피바이오
압타머사이언스,291650,291650.KQ,KOSDAQ,자연과학 및 공학 연구개발업,압타머기반 신약개발 및 진단제품 개발,2020-09-16,12월,한동일,http://www.aptsci.com,경기도,압타머사이언스
압타바이오,293780,293780.KQ,KOSDAQ,자연과학 및 공학 연구개발업,"용역매출, 유전자전달체, 압타머연구용시약",2019-06-12,12월,이수진,http://www.aptabio.com,경기도,압타바이오
애경산업,18250,018250.KS,KOSPI,기타 화학제품 제조업,"Age 20's,루나, 트리오, 2080치약, 순샘, 제트 등",2018-03-22,12월,"채동석, 김상준",http://www.aekyung.co.kr,서울특별시,애경산업
애경케미칼,161000,161000.KS,KOSPI,기초 화학물질 제조업,무수프탈산 등,2012-09-17,12월,표경원,http://www.aekyungchemical.co.kr,서울특별시,애경케미칼
애니메디솔루션,390110,390110.KQ,KONEX,의료용 기기 제조업,"맞춤형 수술솔루션(시뮬레이터, 수술가이드, 보형물)",2022-12-21,12월,김국배,http://www.anymedi.com,경기도,애니메디솔루션
애니젠,196300,196300.KQ,KOSDAQ,기초 의약물질 제조업,펩타이드 바이오소재 및 아미노산 펩타이드 신약,2016-12-07,12월,"김재일, 심경재 (각자 대표)",http://www.anygen.com,광주광역시,애니젠
애니플러스,310200,310200.KQ,KOSDAQ,"영화, 비디오물, 방송프로그램 제작 및 배급업",방송통신사업,2018-12-21,12월,전승택,http://www.aniplustv.com,서울특별시,애니플러스
애드바이오텍,179530,179530.KQ,KOSDAQ,의약품 제조업,"동물용약품,영양제,단미사료(네오폐녹스),보조사료 제조,도매/식품첨가물,화장품 도소매,무역",2022-01-24,12월,정홍걸,http://www.adbiotech.com,강원특별자치도,애드바이오텍
애머릿지,900100,900100.KQ,KOSDAQ,자동차 부품 및 내장품 판매업,인터모달 신생 및 재생타이어,2010-04-21,12월,Thomas Park,http://ameridgecorp.com,미국,애머릿지
액토즈소프트,52790,052790.KQ,KOSDAQ,소프트웨어 개발 및 공급업,온라인 게임 및 모바일 게임,2001-08-14,12월,구오하이빈(Guo Haibin),http://www.actoz.com,서울특별시,액토즈소프트
액트로,290740,290740.KQ,KOSDAQ,전자부품 제조업,모바일용 액츄에이터 및 조립자동화 설비,2018-08-28,12월,하동길,http://www.actro.co.kr,경기도,액트로
앤디포스,238090,238090.KQ,KOSDAQ,플라스틱제품 제조업,"TSP용 양면 테이프, 윈도우 필름",2016-10-12,12월,"권오빈, 김성진(각자 대표이사)",http://www.ndfos.com,충청북도,앤디포스
앤씨앤,92600,092600.KQ,KOSDAQ,반도체 제조업,차량용 블랙박스 / 영상처리용 시스템반도체,2007-06-26,12월,최종현,http://nc-and.com,경기도,앤씨앤
앱코,129890,129890.KQ,KOSDAQ,컴퓨터 및 주변장치 제조업,"게이밍기어, 뉴라이프가전 등",2020-12-02,12월,오광근,http://www.abko.co.kr,서울특별시,앱코
앱클론,174900,174900.KQ,KOSDAQ,의료용품 및 기타 의약 관련제품 제조업,항체의약품,2017-09-18,12월,이종서,http://www.abclon.com,서울특별시,앱클론
앱트뉴로사이언스,270520,270520.KQ,KOSDAQ,"건축기술, 엔지니어링 및 관련 기술 서비스업",지열냉난방시스템,2017-08-22,12월,김재섭,http://geolitenergy.com,경기도,앱트뉴로사이언스
야스,255440,255440.KQ,KOSDAQ,특수 목적용 기계 제조업,"OLED 증착기, OLED 증착원",2017-09-29,12월,강경인,http://www.yasoled.com,경기도,야스
양지사,30960,030960.KQ,KOSDAQ,인쇄 및 인쇄관련 산업,다이어리,1996-10-24,06월,이현,http://www.yangjisa.com,경기도,양지사
어보브반도체,102120,102120.KQ,KOSDAQ,반도체 제조업,"반도체,전자제품,마이크로컨트롤라",2009-06-05,12월,"최원, 김경호(각자대표이사)",http://abov.co.kr,충청북도,어보브반도체
얼라인드,238120,238120.KQ,KOSDAQ,사진장비 및 광학기기 제조업,"자동세포카운팅시스템, 생체조직투명화시스템, 디지털세포이미징시스템",2016-11-03,12월,정연철,http://www.alignedgenetics.co.kr,경기도,얼라인드
엄지하우스,224810,224810.KQ,KONEX,실내건축 및 건축마무리 공사업,"실내건축업, 분양공사 및 디자인 설계",2015-10-21,12월,"정재호, 정석환(각자대표)",http://www.eomjihouse.co.kr,서울특별시,엄지하우스
에너토크,19990,019990.KQ,KOSDAQ,일반 목적용 기계 제조업,전동액츄에이터,2006-02-01,12월,이충열,http://www.enertork.com,경기도,에너토크
에넥스,11090,011090.KS,KOSPI,가구 제조업,"씽크상판,주방기기,목재케비넷,유해가스저감장치시설 제조,판매",1995-07-08,12월,박진규,http://www.enex.co.kr,서울특별시,에넥스
에르코스,435570,435570.KQ,KOSDAQ,도시락 및 식사용 조리식품 제조업,"영유아식, 고령친화식품, 식물기반 대체식품",2025-02-28,12월,김슬기,http://www.ercohs.com,대전광역시,에르코스
에브리봇,270660,270660.KQ,KOSDAQ,가정용 기기 제조업,"물걸레 로봇청소기, 흡입형 로봇청소기",2021-07-28,12월,정우철,http://www.everybot.co.kr,경기도,에브리봇
에스넷,38680,038680.KQ,KOSDAQ,"컴퓨터 프로그래밍, 시스템 통합 및 관리업","네트워크장비 설치 및 납품, 유지보수",2000-04-27,12월,"박효대, 한상욱",http://www.snetsystems.co.kr,서울특별시,에스넷
에스디바이오센서,137310,137310.KS,KOSPI,의료용 기기 제조업,STANDARD Q 항원/항체 진단키트(COVID-19 진단키트),2021-07-16,12월,이효근,http://sdbiosensor.co.kr,경기도,에스디바이오센서
에스디생명공학,217480,217480.KQ,KOSDAQ,기타 화학제품 제조업,"마스크팩, 기초화장품",2017-03-02,12월,김철,http://sdbiotech.co.kr,서울특별시,에스디생명공학
에스디시스템,121890,121890.KQ,KOSDAQ,전자부품 제조업,"요금징수시스템, 지능형교통시스템,하이패스단말기",2010-07-16,12월,박봉용,http://www.sdsystem.co.kr,경기도,에스디시스템
에스바이오메딕스,304360,304360.KQ,KOSDAQ,의약품 제조업,줄기세포 치료제 연구 및 개발,2023-05-04,12월,강세일,http://www.sbiomedics.com,서울특별시,에스바이오메딕스
에스비비테크,389500,389500.KQ,KOSDAQ,일반 목적용 기계 제조업,"베어링, 감속기",2022-10-17,12월,"류재완, 송진웅(각자 대표이사)",http://www.sbb.co.kr,경기도,에스비비테크
에스씨디,42110,042110.KQ,KOSDAQ,가정용 기기 제조업,전자렌지용 MOTOR 및 냉장고용 TIMER,2000-07-13,12월,오길호,http://www.sscd.co.kr,경기도,에스씨디
에스씨엠생명과학,298060,298060.KQ,KOSDAQ,의약품 제조업,세포치료제,2020-06-17,12월,송기령,http://www.scmlifescience.com,인천광역시,에스씨엠생명과학
에스아이리소스,65420,065420.KQ,KOSDAQ,기타 화학제품 제조업,유연탄,2002-08-22,12월,Ten Sun Ok(전순옥),http://www.siresource.co.kr,서울특별시,에스아이리소스
에스알바이오텍,270210,270210.KQ,KONEX,기타 화학제품 제조업,화장품 제조 및 유통,2017-06-15,12월,이소형,http://srbiotek.com,경기도,에스알바이오텍
에스앤더블류,103230,103230.KQ,KOSDAQ,일반 목적용 기계 제조업,"디젤엔진부품, 산업부품, 단조품",2009-08-05,12월,정우진,http://www.snwcorp.com,부산광역시,에스앤더블류
에스앤디,260970,260970.KQ,KOSDAQ,기타 식품 제조업,"일반기능식품소재, 건강기능식품소재",2021-09-29,12월,여경목,http://www.isnd.co.kr,충청북도,에스앤디
에스앤에스텍,101490,101490.KQ,KOSDAQ,전자부품 제조업,블랭크마스크,2009-04-14,12월,정수홍,http://www.snstech.co.kr,대구광역시,에스앤에스텍
에스에너지,95910,095910.KQ,KOSDAQ,"전동기, 발전기 및 전기 변환 · 공급 · 제어 장치 제조업","태양광발전시스템,태양전지모듈",2007-10-16,12월,홍성민,http://www.s-energy.co.kr,경기도,에스에너지
에스에스알,275630,275630.KQ,KOSDAQ,소프트웨어 개발 및 공급업,"취약점 진단 솔루션, 모의해킹 컨설팅",2018-08-06,12월,고필주,http://www.ssrinc.co.kr,서울특별시,에스에스알
에스에이엠티,31330,031330.KQ,KOSDAQ,기계장비 및 관련 물품 도매업,"반도체(메모리,비메모리), CPU, TFT-LCD, 네트웍 장비, PC 및 주변기기, 이동통신수탁사업",2000-05-23,12월,박두진,http://www.isamt.com,서울특별시,에스에이엠티
에스에이티,60540,060540.KQ,KOSDAQ,"측정, 시험, 항해, 제어 및 기타 정밀기기 제조업; 광학기기 제외","교통관련장비(고정식축중기, 이동식축중기 등)",2006-11-28,12월,정성원,http://www.satech.co.kr,경기도,에스에이티
에스에이티이엔지,351320,351320.KQ,KOSDAQ,특수 목적용 기계 제조업,기업인수목적회사,2020-06-22,12월,"전해인, 김진수",http://www.sateng.co.kr,경기도,에스에이티이엔지
에스에프에이,56190,056190.KQ,KOSDAQ GLOBAL,특수 목적용 기계 제조업,"디스플레이, 2차전지, 반도체 제조설비 및 공장자동화기기",2001-12-18,12월,김영민,http://www.sfa.co.kr,경기도,에스에프에이
에스엘,5850,005850.KS,KOSPI,자동차 신품 부품 제조업,"자동차부품(자동차램프, 전동화부품, 전자부품) 제조, 판매",1988-11-08,12월,"이성엽,정문호",http://www.slworld.com,대구광역시,에스엘
에스엘에스바이오,246250,246250.KQ,KOSDAQ,"그외 기타 전문, 과학 및 기술 서비스업","의약품 품질관리, 신약개발지원, 체외진단기기",2023-10-20,12월,이영태,http://www.slabs.co.kr,경기도,에스엘에스바이오
에스엘테라퓨틱스,258540,258540.KQ,KONEX,자연과학 및 공학 연구개발업,"줄기세포치료제, 화장품, 전자의료기기 등",2016-11-29,12월,최종성,http://www.stemlab.co.kr,서울특별시,에스엘테라퓨틱스
에스엠,41510,041510.KQ,KOSDAQ,오디오물 출판 및 원판 녹음업,"음반(CD,MC),연예 대리",2000-04-27,12월,"장철혁, 탁영준",http://smentertainment.com,서울특별시,에스엠
에스엠벡셀,10580,010580.KS,KOSPI,자동차 신품 부품 제조업,"자동차부품(워터펌프,오일펌프,엔진헤드(GV6),프론트케이스) 제조",1994-12-27,12월,"유병선, 최세환(각자대표)",http://www.smbexel.com,충청남도,에스엠벡셀
에스엠씨지,460870,460870.KQ,KOSDAQ,유리 및 유리제품 제조업,화장품 유리용기,2025-03-07,12월,최승호,http://www.somangglass.co.kr,경기도,에스엠씨지
에스엠코어,7820,007820.KQ,KOSDAQ,일반 목적용 기계 제조업,"자동화물류서비스, 자동화공정설비",2011-11-08,12월,조재관,http://www.smck.com,서울특별시,에스엠코어
에스오에스랩,464080,464080.KQ,KOSDAQ,"측정, 시험, 항해, 제어 및 기타 정밀기기 제조업; 광학기기 제외",산업용 및 차량용 라이다(LiDAR),2024-06-25,12월,정지성,http://soslab.co,광주광역시,에스오에스랩
에스와이,109610,109610.KQ,KOSDAQ,"구조용 금속제품, 탱크 및 증기발생기 제조업",샌드위치 패널,2015-12-29,12월,"홍성부, 김성덕 (공동대표이사)",http://www.sypanel.com,경기도,에스와이
에스와이스틸텍,365330,365330.KQ,KOSDAQ,"구조용 금속제품, 탱크 및 증기발생기 제조업",데크플레이트,2023-11-13,12월,홍성균,http://systeeltech.com,충청북도,에스와이스틸텍
에스원,12750,012750.KS,KOSPI,"경비, 경호 및 탐정업","부가통신 서비스(경비),안전관리용역,CCTV카메라",1996-01-30,12월,"남궁범, 하나오카 타쿠로",http://www.s1.co.kr,서울특별시,에스원
에스제이그룹,306040,306040.KQ,KOSDAQ,"가죽, 가방 및 유사제품 제조업","캉골 가방/모자, 헬렌카민스키 모자",2019-11-18,12월,이주영,http://www.sj-group.co.kr,서울특별시,에스제이그룹
에스제이엠,123700,123700.KS,KOSPI,자동차 신품 부품 제조업,자동차및산업용Bellows,2010-05-31,12월,김휘중 (단독 대표이사),http://www.sjmflex.co.kr,경기도,에스제이엠
에스제이엠홀딩스,25530,025530.KS,KOSPI,자동차 부품 및 내장품 판매업,지주회사및경영자문,1997-02-12,12월,"김용호, 김휘중(각자대표이사)",http://www.sjmholdings.co.kr,경기도,에스제이엠홀딩스
에스제이켐,217910,217910.KQ,KONEX,기초 화학물질 제조업,"수처리응집제, 폴리프로필렌",2018-04-27,12월,배동수,http://www.sj-chem.com,전북특별자치도,에스제이켐
에스지헬스케어,398120,398120.KQ,KOSDAQ,의료용 기기 제조업,의료용 영상진단기기,2024-12-19,12월,김정수,http://sghealthcare.com,경기도,에스지헬스케어
에스케이바이오팜,326030,326030.KS,KOSPI,자연과학 및 공학 연구개발업,신경질환 및 정신질환을 포함한 중추신경 관련 신약 개발,2020-07-02,12월,이동훈,http://www.skbp.com,경기도,에스케이바이오팜
에스켐,475660,475660.KQ,KOSDAQ,기타 화학제품 제조업,OLED 유기화합물 등,2024-11-18,12월,염호영,http://www.s-chem.co.kr,충청북도,에스켐
에스코넥,96630,096630.KQ,KOSDAQ,통신 및 방송 장비 제조업,WaferProber,2007-12-26,12월,김치원,http://www.s-connect.co.kr,경기도,에스코넥
에스텍,69510,069510.KQ,KOSDAQ,영상 및 음향기기 제조업,스피커 및 스피커시스템,2003-11-14,12월,노광석,http://www.estec.co.kr,경상남도,에스텍
에스트래픽,234300,234300.KQ,KOSDAQ,"컴퓨터 프로그래밍, 시스템 통합 및 관리업","교통관련 솔루션 개발, 시스템통합 S/W 개발",2017-12-05,12월,문찬종,http://www.straffic.co.kr,경기도,에스트래픽
에스티아이,39440,039440.KQ,KOSDAQ,특수 목적용 기계 제조업,"Chemical 중앙공급시스템(C.C.S.S), 세정·식각시스템",2002-02-28,12월,"서인수, 이우석 (각자대표)",http://www.stinc.co.kr,경기도,에스티아이
에스티오,98660,098660.KQ,KOSDAQ,봉제의복 제조업,"셔츠,자켓/바지, 타이",2009-04-17,12월,김흥수,http://www.thesto.kr,서울특별시,에스티오
에스티큐브,52020,052020.KQ,KOSDAQ,기계장비 및 관련 물품 도매업,"전자부품, 정보통신기기, 지능형로봇외",2001-07-05,12월,정현진,http://www.stcube.com,서울특별시,에스티큐브
에스티팜,237690,237690.KQ,KOSDAQ GLOBAL,의약품 제조업,원료의약품,2016-06-23,12월,Sung Moo-je,http://www.stpharm.co.kr,경기도,에스티팜
에스폴리텍,50760,050760.KQ,KOSDAQ,플라스틱제품 제조업,유무선 통신용 소프트웨어,2002-05-16,12월,이혁렬,http://www.spolytech.com,충청북도,에스폴리텍
에스퓨얼셀,288620,288620.KQ,KOSDAQ,"전동기, 발전기 및 전기 변환 · 공급 · 제어 장치 제조업","건물용 연료전지, 발전용 연료전지",2018-10-15,12월,홍성민 (단독대표이사),http://www.s-fuelcell.com,경기도,에스퓨얼셀
에스피소프트,443670,443670.KQ,KOSDAQ,"컴퓨터 프로그래밍, 시스템 통합 및 관리업","SPLA 라이센스 총판 사업,CLOUD, gDaaS 등",2024-02-15,12월,이은재,http://www.spsoft.co.kr,경기도,에스피소프트
에스피시스템스,317830,317830.KQ,KOSDAQ,특수 목적용 기계 제조업,산업용 갠트리 로봇,2019-08-14,12월,"심상균, 심효준",http://www.spsystems.co.kr,경상남도,에스피시스템스
에스피지,58610,058610.KQ,KOSDAQ,"전동기, 발전기 및 전기 변환 · 공급 · 제어 장치 제조업",소형 Geared Motor,2002-07-23,12월,"이준호, 여영길(각자 대표이사)",http://www.spg.co.kr,인천광역시,에스피지
에쎈테크,43340,043340.KQ,KOSDAQ,일반 목적용 기계 제조업,LPG밸브,2000-08-29,12월,"조시영, 조경호",http://www.essentech.co.kr,전북특별자치도,에쎈테크
에쓰씨엔지니어링,23960,023960.KS,KOSPI,토목 건설업,"기술용역(건축설계) 서비스/화학플랜트 설비,기계 제작(음식료,석유화학사업관련)/유공압기기 판매",1997-06-23,12월,김기웅,http://www.sc-eng.com,서울특별시,에쓰씨엔지니어링
에어레인,163280,163280.KQ,KOSDAQ,일반 목적용 기계 제조업,기체분리막 모듈 및 시스템,2024-11-08,12월,하성용,http://www.airrane.com,충청북도,에어레인
에어부산,298690,298690.KS,KOSPI,항공 여객 운송업,항공 여객 및 화물 운송,2018-12-27,12월,정병섭,http://www.airbusan.com,부산광역시,에어부산
에이디칩스,54630,054630.KQ,KOSDAQ,그외 기타 제품 제조업,"업소용냉동냉장, 반도체칩",2001-11-13,12월,김미선,http://www.adc.co.kr,경기도,에이디칩스
에이디테크놀로지,200710,200710.KQ,KOSDAQ,반도체 제조업,주문형 반도체,2014-12-16,12월,"김준석, 박준규 (각자 대표이사)",http://www.adtek.co.kr,경기도,에이디테크놀로지
에이럭스,475580,475580.KQ,KOSDAQ,그외 기타 제품 제조업,교육용 드론/로봇 및 코딩 콘텐츠,2024-11-01,12월,이치헌,http://www.aluxonline.com,서울특별시,에이럭스
에이루트,96690,096690.KQ,KOSDAQ,컴퓨터 및 주변장치 제조업,"POS프린터, Mobile프린터, Label프린터",2010-12-01,12월,서문동군,http://www.aroot.co.kr,경기도,에이루트
에이리츠,140910,140910.KS,KOSPI,부동산 임대 및 공급업,,2011-07-14,12월,김종국 (단독 대표이사),http://www.areit.co.kr,서울특별시,에이리츠
에이블씨엔씨,78520,078520.KS,KOSPI,기타 화학제품 제조업,"화장품 제조,도소매/소프트웨어 자문,개발,공급/전자상거래",2011-09-07,12월,신유정,http://www.able-cnc.com,서울특별시,에이블씨엔씨
에이비엘바이오,298380,298380.KQ,KOSDAQ,기초 의약물질 제조업,항체의약품 연구개발,2018-12-19,12월,이상훈,http://www.ablbio.com,경기도,에이비엘바이오
에이비온,203400,203400.KQ,KOSDAQ,자연과학 및 공학 연구개발업,"표적 항암제, 바이오 베터 신약",2021-09-08,12월,신영기,http://www.abionbio.com,서울특별시,에이비온
에이비프로바이오,195990,195990.KQ,KOSDAQ,특수 목적용 기계 제조업,소형 머시닝센터,2015-04-13,12월,이재용,http://www.abprobio.co.kr,대구광역시,에이비프로바이오
에이스침대,3800,003800.KQ,KOSDAQ,가구 제조업,침대,1996-05-03,12월,안성호,http://www.acebed.co.kr,경기도,에이스침대
에이스테크,88800,088800.KQ,KOSDAQ,통신 및 방송 장비 제조업,"단말기용안테나,기지국용안테나",2006-03-27,12월,최문우,http://www.aceantenna.co.kr/kor,인천광역시,에이스테크
에이스토리,241840,241840.KQ,KOSDAQ,"영화, 비디오물, 방송프로그램 제작 및 배급업",방송프로그램 제작,2019-07-19,12월,이상백,http://www.astory.co.kr,서울특별시,에이스토리
에이아이더뉴트리진,311960,311960.KQ,KONEX,소프트웨어 개발 및 공급업,"건강기능식품, AI솔루션, 분자진단키트",2022-11-29,12월,김 수 화,http://aithenutrigene.com,경기도,에이아이더뉴트리진
에이에스텍,453860,453860.KQ,KOSDAQ,기타 화학제품 제조업,자외선 차단제 유기 원료,2023-11-28,12월,"윤종배,이승재",http://www.asteh.co.kr,충청남도,에이에스텍
에이에프더블류,312610,312610.KQ,KOSDAQ,일차전지 및 이차전지 제조업,음극마찰용접단자,2019-07-01,12월,김명훈,http://www.asanfw.com,경상북도,에이에프더블류
에이엔피,15260,015260.KS,KOSPI,전자부품 제조업,"전자부품(인쇄회로기판),무정전 전원공급장치 제조",1988-01-18,12월,전운관,http://anpcb.co.kr,인천광역시,에이엔피
에이엘티,172670,172670.KQ,KOSDAQ,반도체 제조업,반도체 테스트 및 패키징(반도체 후공정),2023-07-27,12월,천병태,http://alt-s.kr,충청북도,에이엘티
에이엠시지,495900,495900.KQ,KONEX,의료용 기기 제조업,심자계,2024-12-13,12월,서용성,http://www.amcg.kr,서울특별시,에이엠시지
에이원알폼,234070,234070.KQ,KONEX,산업용 기계 및 장비 임대업,건설현장용 알루미늄 거푸집 임대,2015-12-21,12월,안호중,http://www.aonealform.co.kr,충청북도,에이원알폼
에이유브랜즈,481070,481070.KQ,KOSDAQ,"섬유, 의복, 신발 및 가죽제품 소매업","레인부츠, 스니커즈, 겨울화, 패션잡화 등",2025-04-03,12월,김지훈,http://aubrandz.irpage.co.kr,서울특별시,에이유브랜즈
에이직랜드,445090,445090.KQ,KOSDAQ,반도체 제조업,"비메모리 반도체 설계및 제조, 전자회로 연구, 설계, 레이아웃 등",2023-11-13,12월,이종민,http://www.asicland.com,경기도,에이직랜드
에이치브이엠,295310,295310.KQ,KOSDAQ,1차 비철금속 제조업,"Ni계 합금, Fe계 합금, 스퍼터링타겟, Cu계 합금 등",2024-06-28,12월,문승호,http://hvm.co.kr,경기도,에이치브이엠
에이치시티,72990,072990.KQ,KOSDAQ,기타 과학기술 서비스업,기술검사서비스,2016-10-17,12월,허 봉 재,http://www.hct.co.kr,경기도,에이치시티
에이치엔에스하이텍,44990,044990.KQ,KOSDAQ,전자부품 제조업,"ACF(이방성전도필름), 수정진동자/수정발진기",2024-10-25,12월,김정희,http://www.hnshightech.com,대전광역시,에이치엔에스하이텍
에이치엘사이언스,239610,239610.KQ,KOSDAQ,기타 식품 제조업,건강기능식품 등,2016-10-28,12월,이해연,http://www.hlscience.com,경기도,에이치엘사이언스
에이치엠넥스,36170,036170.KQ,KOSDAQ,반도체 제조업,LED패키지,1999-12-21,12월,하관호,http://www.hmnex.co.kr,경기도,에이치엠넥스
에이치엠씨제6호스팩,462020,462020.KQ,KOSDAQ,금융 지원 서비스업,합병,2023-10-13,12월,한웅,,서울특별시,에이치엠씨제6호스팩
에이치엠씨제7호스팩,477340,477340.KQ,KOSDAQ,금융 지원 서비스업,기타금융,2024-06-24,12월,조한종,,서울특별시,에이치엠씨제7호스팩
에이치와이티씨,148930,148930.KQ,KOSDAQ,기타 금속 가공제품 제조업,2차전지 장비 초정밀 부품,2022-08-09,12월,성보경,http://www.hyseoul.com,경기도,에이치와이티씨
에이치이엠파마,376270,376270.KQ,KOSDAQ,자연과학 및 공학 연구개발업,"맞춤형 헬스케어, LBP 디스커버리 플랫폼",2024-11-05,12월,지요셉,http://www.hempharma.bio,경기도,에이치이엠파마
에이치케이,44780,044780.KQ,KOSDAQ,특수 목적용 기계 제조업,레이저가공 절단기,2000-09-07,12월,계명재,http://www.hk-global.com,경기도,에이치케이
에이치피오,357230,357230.KQ,KOSDAQ,기타 식품 제조업,"건강기능식품(유산균, 비타민 등)",2021-05-14,12월,민택근,http://denps.com/kor,서울특별시,에이치피오
에이텀,355690,355690.KQ,KOSDAQ,전자부품 제조업,평판형 트랜스,2023-12-01,12월,한택수,http://www.iatum.com,서울특별시,에이텀
에이테크솔루션,71670,071670.KQ,KOSDAQ,특수 목적용 기계 제조업,"대형정밀금형(가전,자동차용 등)",2009-04-17,12월,유영목,http://www.atechsolution.co.kr,경기도,에이테크솔루션
에이텍,45660,045660.KQ,KOSDAQ,컴퓨터 및 주변장치 제조업,"PC,모니터",2001-05-24,12월,신승영,http://www.atec.kr,경기도,에이텍
에이텍모빌리티,224110,224110.KQ,KOSDAQ,통신 및 방송 장비 제조업,교통카드단말기,2015-08-25,12월,"신승영, 최성용(각자대표이사)",http://www.atecmobility.com,경기도,에이텍모빌리티
에이티넘인베스트,21080,021080.KQ,KOSDAQ,신탁업 및 집합투자업,벤처캐피탈,1991-07-12,12월,"신기천, 이승용(각자대표)",http://www.hanmivc.co.kr,서울특별시,에이티넘인베스트
에이팩트,200470,200470.KQ,KOSDAQ,반도체 제조업,메모리 반도체 테스트,2014-12-26,12월,이성동,http://www.apact.co.kr,경기도,에이팩트
에이펙스인텍,207490,207490.KQ,KONEX,전구 및 조명장치 제조업,LED조명장치 등,2018-11-28,12월,김권진,http://www.apexint.co.kr,경상북도,에이펙스인텍
에이프로,262260,262260.KQ,KOSDAQ,기타 전기장비 제조업,"2차전지 장비 등(일반충방전기, 고온가압 충방전기 등)",2020-07-16,12월,임종현,http://www.aproele.com,경기도,에이프로
에이프로젠,7460,007460.KS,KOSPI,기타 금속 가공제품 제조업,"단열장치,철구조물,가열로,특수단열재(금속표면경화육성,원자로용) 제조/단열공사/부동산 임대",1995-07-08,12월,김재섭,http://www.aprogen.com,경기도,에이프로젠
에이프로젠바이오로직스,3060,003060.KS,KOSPI,의약품 제조업,"의약품(항생제,영양수액제,드링크제,철결핍성빈혈예방치료제,경옥동충하초) 제조,판매",1984-10-19,12월,"김재섭, 김정출",http://www.aprogen-pharm.com,서울특별시,에이프로젠바이오로직스
에이프릴바이오,397030,397030.KQ,KOSDAQ,자연과학 및 공학 연구개발업,항체의약품 및 재조합 단백질 의약품,2022-07-28,12월,차상훈,http://www.aprilbio.com,강원특별자치도,에이프릴바이오
에이플러스에셋,244920,244920.KS,KOSPI,보험 및 연금관련 서비스업,보험대리 및 중개업,2020-11-20,12월,"곽근호, 황승목(각자대표)",http://www.aplusga.com,서울특별시,에이플러스에셋
에이피알,278470,278470.KS,KOSPI,기타 화학제품 제조업,"화장품, 피부미용기기 등",2024-02-27,12월,김병훈,http://apr-in.com,서울특별시,에이피알
에치에프알,230240,230240.KQ,KOSDAQ,통신 및 방송 장비 제조업,유선 및 무선통신장비 제조 및 제조서비스,2015-12-16,12월,정종민,http://www.hfrnet.com,경기도,에치에프알
에코마케팅,230360,230360.KQ,KOSDAQ,광고업,"온라인, 모바일 광고 종합대행업",2016-08-08,12월,"김철웅, 안보근(각자대표)",http://www.echomarketing.co.kr,서울특별시,에코마케팅
에코바이오,38870,038870.KQ,KOSDAQ,사업시설 유지·관리 서비스업,"판매시점정보시스템(POS), 금전등록기",2001-05-29,12월,송효순,http://www.ecoenergyholdings.com,서울특별시,에코바이오
에코볼트,97780,097780.KQ,KOSDAQ,자동차 신품 부품 제조업,자동차 신품 부품,2008-01-23,12월,김상엽,http://www.s-mac.co.kr,충청남도,에코볼트
에코아이,448280,448280.KQ,KOSDAQ,기타 전문 서비스업,탄소배출권 및 탄소배출권 관련 컨설팅,2023-11-21,12월,이수복,http://www.ecoeye.com,서울특별시,에코아이
에코앤드림,101360,101360.KQ,KOSDAQ,기타 화학제품 제조업,배출가스 저감용 촉매 및 이차전지 양극활물질 전구체,2020-07-30,12월,김민용,http://www.endss.com,충청북도,에코앤드림
에코캡,128540,128540.KQ,KOSDAQ,자동차 신품 부품 제조업,"자동차 부품(전선, 케이블, 벌브소켓, LED 등)",2018-12-05,12월,김창규,http://www.ecocab.co.kr,울산광역시,에코캡
에코프로,86520,086520.KQ,KOSDAQ,기타 금융업,"환경소재,화학필터,이차전지소재등",2007-07-20,12월,송호준,http://www.ecopro.co.kr,충청북도,"EcoPro, 에코프로"
에코프로머티,450080,450080.KS,KOSPI,일차전지 및 이차전지 제조업,배터리 양극재용 핵심소재 하이니켈 전구체,2023-11-17,12월,김병훈,http://ecopromaterials.com,경상북도,에코프로머티
에코프로비엠,247540,247540.KQ,KOSDAQ GLOBAL,일차전지 및 이차전지 제조업,양극활물질,2019-03-05,12월,"각자 대표이사 최문호, 김장우",http://www.ecoprobm.co.kr,충청북도,"EcoPro BM, 에코프로비엠"
에코프로에이치엔,383310,383310.KQ,KOSDAQ GLOBAL,기타 화학제품 제조업,환경오염 방지 관련 소재 및 설비,2021-05-28,12월,김종섭,http://www.ecoprohn.co.kr,충청북도,에코프로에이치엔
에코플라스틱,38110,038110.KQ,KOSDAQ,자동차 신품 부품 제조업,BUMPER 및 자동차TRIM류,2000-03-23,12월,이용철,http://WWW.AP.CO.KR,경상북도,에코플라스틱
에프알텍,73540,073540.KQ,KOSDAQ,통신 및 방송 장비 제조업,이동통신용중계기,2007-05-18,12월,남재국,http://www.frtek.co.kr,경기도,에프알텍
에프앤가이드,64850,064850.KQ,KOSDAQ,기타 정보 서비스업,"금융정보서비스, INDEX, 펀드평가 등",2020-12-17,12월,이기태,http://www.fnguide.com,서울특별시,에프앤가이드
에프에스티,36810,036810.KQ,KOSDAQ,전자부품 제조업,"펠리클(반도체부품), 칠러장비, 반도체유통",2000-01-18,12월,장경빈,http://www.fstc.co.kr,경기도,에프에스티
에프엔씨엔터,173940,173940.KQ,KOSDAQ,창작 및 예술관련 서비스업,"콘서트, 음반/음원",2014-12-04,12월,"한성호, 김유식",http://www.fncent.com,서울특별시,에프엔씨엔터
에프엔에스테크,83500,083500.KQ,KOSDAQ,특수 목적용 기계 제조업,"OLED, LCD 제조 공정 장비",2017-02-27,12월,"김팔곤, 양상재(공동대표)",http://www.fnstech.com,충청남도,에프엔에스테크
에피바이오텍,446440,446440.KQ,KONEX,자연과학 및 공학 연구개발업,탈모 치료제,2023-07-31,12월,성종혁,http://epibiotech.com,인천광역시,에피바이오텍
엑사이엔씨,54940,054940.KQ,KOSDAQ,실내건축 및 건축마무리 공사업,실내건축 공사업,2001-12-13,12월,김성후 (단독 대표이사),http://www.exaenc.com,서울특별시,엑사이엔씨
엑세스바이오,950130,950130.KQ,KOSDAQ,의료용품 및 기타 의약 관련제품 제조업,"말라리아 진단키트(RDT), HIV 진단키트(RDT)",2013-05-30,12월,최영호,http://www.accessbio.net,미국,엑세스바이오
엑셀세라퓨틱스,373110,373110.KQ,KOSDAQ,기초 의약물질 제조업,CellCor SFD/CD(세포배양배지),2024-07-15,12월,이의일,http://www.xcell.media,서울특별시,엑셀세라퓨틱스
엑셈,205100,205100.KQ,KOSDAQ,소프트웨어 개발 및 공급업,"DB, E2E 성능관리 SW",2014-11-07,12월,"조종암, 고평석(각자대표)",http://www.ex-em.com,서울특별시,엑셈
엑스게이트,356680,356680.KQ,KOSDAQ,소프트웨어 개발 및 공급업,통합 네트워크 보안 솔루션,2023-03-16,12월,주갑수,http://www.axgate.com,경기도,엑스게이트
엑스큐어,70300,070300.KQ,KOSDAQ,소프트웨어 개발 및 공급업,"USIM카드, 금융카드",2010-06-09,12월,안은철,http://www.xcure.co.kr,경기도,엑스큐어
엑스페릭스,317770,317770.KQ,KOSDAQ,전자부품 제조업,"지문인식 등록, 인증 기기 및 솔루션",2019-08-01,12월,윤상철,http://www.xperix.com,경기도,엑스페릭스
엑스플러스,373200,373200.KQ,KOSDAQ,그외 기타 제품 제조업,모바일 IT응용제품 외,2021-02-26,12월,윤상철,http://haainc.co.kr,서울특별시,엑스플러스
엑시온그룹,69920,069920.KQ,KOSDAQ,무점포 소매업,"해외, 국내상품 소싱 및 판매대행 서비스",2007-12-05,12월,이승철,http://www.isecommerce.co.kr,서울특별시,엑시온그룹
엑시콘,92870,092870.KQ,KOSDAQ,특수 목적용 기계 제조업,반도체 검사장비,2015-10-22,12월,"최명배, 박영우",http://www.exicon.co.kr,경기도,엑시콘
엑시큐어하이트론,19490,019490.KS,KOSPI,영상 및 음향기기 제조업,"영상음향기기(보안시스템,CCTV용 모니터,CRT,화상회의시스템),정보통신기기 제조",1998-11-04,12월,유앤디,http://www.hitron.co.kr,경기도,엑시큐어하이트론
엔바이오니아,317870,317870.KQ,KOSDAQ,그외 기타 제품 제조업,양전하필터(정수기),2019-10-24,12월,한정철,http://envioneer.com,충청북도,엔바이오니아
엔브이에이치코리아,67570,067570.KQ,KOSDAQ,자동차 신품 부품 제조업,"헤드라이너, NVH부품",2013-12-03,12월,"구자겸, 이규양(각자대표)",http://www.nvhkorea.com,울산광역시,엔브이에이치코리아
엔비티,236810,236810.KQ,KOSDAQ,광고업,모바일 포인트 광고 플랫폼,2021-01-21,12월,박수근,http://nbt.com,서울특별시,엔비티
엔솔바이오사이언스,140610,140610.KQ,KONEX,자연과학 및 공학 연구개발업,"퇴행성디스크 치료제, 골관절염 치료제, 동물용 골관절염 치료제",2018-09-10,12월,김해진,http://www.ensolbio.co.kr,대전광역시,엔솔바이오사이언스
엔시스,333620,333620.KQ,KOSDAQ,기타 전기장비 제조업,2차전지 머신비전 검사장비,2021-04-01,12월,진승언,http://www.n-sys.co.kr,충청남도,엔시스
엔시트론,101400,101400.KQ,KOSDAQ,반도체 제조업,디지털오디오앰프칩,2009-03-31,12월,정인견,http://www.neofidelity.com,서울특별시,엔시트론
엔씨소프트,36570,036570.KS,KOSPI,소프트웨어 개발 및 공급업,"인터넷머그게임(리니지),그룹웨어,인터넷커뮤니티 개발,유지,공급",2003-05-22,12월,"김택진, 박병무 (공동대표이사)",http://www.ncsoft.net,서울특별시,엔씨소프트
엔에스엠,238170,238170.KQ,KONEX,합성고무 및 플라스틱 물질 제조업,전도성 고분자 코팅 대전방지 필름,2019-12-26,12월,여건수,http://www.nsmcc.com,경기도,엔에스엠
엔에스이엔엠,78860,078860.KQ,KOSDAQ,"영화, 비디오물, 방송프로그램 제작 및 배급업",연예인 매니지먼트,2006-06-27,12월,고병철 (단독대표이사),http://www.iok.co.kr,서울특별시,엔에스이엔엠
엔에스컴퍼니,224760,224760.KQ,KONEX,토목 건설업,"산업플랜트 건설 및 경상정비, 자동차부품제조판매",2015-07-31,12월,이종화,http://www.nscompany.co.kr,충청남도,엔에스컴퍼니
엔에이치스팩24호,437780,437780.KQ,KOSDAQ,금융 지원 서비스업,기업인수합병,2022-10-20,12월,이인직,,서울특별시,엔에이치스팩24호
엔에이치스팩25호,438580,438580.KQ,KOSDAQ,금융 지원 서비스업,기업인수합병,2022-11-03,12월,경국현,,서울특별시,엔에이치스팩25호
엔에이치스팩26호,439410,439410.KQ,KOSDAQ,금융 지원 서비스업,기타 금융 지원 서비스업,2022-12-01,12월,이정석,,서울특별시,엔에이치스팩26호
엔에이치스팩27호,440820,440820.KQ,KOSDAQ,금융 지원 서비스업,기타 금융 지원 서비스업,2022-12-16,12월,정정한,,서울특별시,엔에이치스팩27호
엔에이치스팩29호,451700,451700.KQ,KOSDAQ,금융 지원 서비스업,금융 지원 서비스업,2023-06-23,12월,박준우,,서울특별시,엔에이치스팩29호
엔에이치스팩30호,466910,466910.KQ,KOSDAQ,금융 지원 서비스업,금융지원서비스업,2023-12-01,12월,조선희,,서울특별시,엔에이치스팩30호
엔에이치스팩31호,481890,481890.KQ,KOSDAQ,금융 지원 서비스업,금융지원서비스업,2024-07-26,12월,이시형,,서울특별시,엔에이치스팩31호
엔에이치엔,181710,181710.KS,KOSPI,소프트웨어 개발 및 공급업,한게임,2013-08-29,12월,정우진,http://www.nhn.com,경기도,엔에이치엔
엔에프씨,265740,265740.KQ,KOSDAQ,기타 화학제품 제조업,화장품 원료 제조 및 판매,2020-12-02,12월,김학철,http://nfccosmetics.co.kr,인천광역시,엔에프씨
엔젠바이오,354200,354200.KQ,KOSDAQ,"그외 기타 전문, 과학 및 기술 서비스업","유전체 분야 진단시약 제조 및 유전체 분야 소프트웨어 연구,개발,판매",2020-12-10,12월,최대출,http://ngenebio.com,서울특별시,엔젠바이오
엔젤로보틱스,455900,455900.KQ,KOSDAQ,특수 목적용 기계 제조업,"재활 전문 웨어러블 로봇, 근력 보조 무동력 웨어러블 슈트, 일상생활 보조 웨어러블 로봇 등",2024-03-26,12월,조남민 (단독대표),http://www.angel-robotics.com/ko,서울특별시,엔젤로보틱스
엔젯,419080,419080.KQ,KOSDAQ,특수 목적용 기계 제조업,"EHD 잉크젯 프린터, EHD 코터",2022-11-18,12월,변도영,http://enjet.co.kr,경기도,엔젯
엔지브이아이,93510,093510.KQ,KONEX,자동차 신품 부품 제조업,천연가스자동차용 연료저장장치 등,2019-09-30,12월,이여연,http://www.ngvi.co.kr,강원특별자치도,엔지브이아이
엔지스테크널러지,208860,208860.KQ,KOSDAQ,소프트웨어 개발 및 공급업,"Nav-Link 솔루션, BringGo 어플리케이션 등",2016-07-28,12월,이민호,http://www.engistech.com,서울특별시,엔지스테크널러지
엔지켐생명과학,183490,183490.KQ,KOSDAQ,기초 의약물질 제조업,"EC-18(신약), 원료의약품",2018-02-21,12월,손기영,http://www.enzychem.co.kr,충청북도,엔지켐생명과학
엔케이,85310,085310.KS,KOSPI,"구조용 금속제품, 탱크 및 증기발생기 제조업","고압가스용기,선박용,육상용 소화설비장치,천연가스이동식충전소 제조,도매",2008-01-24,12월,"천남주, 박제완",http://www.nkcf.com,부산광역시,엔케이
엔케이맥스,182400,182400.KQ,KOSDAQ,기초 의약물질 제조업,"연구용 시약, NK Vue® KIT, SuperNK",2015-10-23,12월,박상우,http://www.nkmax.com,경기도,엔케이맥스
엔켐,348370,348370.KQ,KOSDAQ,기초 화학물질 제조업,2차전지 전해액,2021-11-01,12월,오정강,http://www.enchem.net,충청북도,엔켐
엔텔스,69410,069410.KQ,KOSDAQ,소프트웨어 개발 및 공급업,운용지원솔루션,2007-06-20,12월,최일규,http://www.ntels.com,서울특별시,엔텔스
엔투텍,227950,227950.KQ,KOSDAQ,특수 목적용 기계 제조업,반도체장비 부품 제조업,2015-11-18,12월,"김재섭, 이욱재 (각자대표)",http://www.n2tech.kr,경기도,엔투텍
엔피,291230,291230.KQ,KOSDAQ,기타 사업지원 서비스업,"브랜드 익스피어리언스, XR 콘텐츠, 메타버스",2018-09-13,12월,"백승업, 최지훈",http://www.npinc.co.kr,서울특별시,엔피
엔피디,198080,198080.KQ,KOSDAQ,전자부품 제조업,스마트폰 OLED용 FPCA,2020-03-16,12월,강명구,http://www.newportdisplay.co.kr,경기도,엔피디
엔피씨,4250,004250.KS,KOSPI,플라스틱제품 제조업,"산업용기프라스틱제품(플라스틱 파렛트,시트 파렛트) 제조,판매",1969-09-08,12월,"나창엽,양창영,심일식(각자 대표이사)",http://www.npc.co.kr,경기도,엔피씨
엔피케이,48830,048830.KQ,KOSDAQ,합성고무 및 플라스틱 물질 제조업,합성고무 및 플라스틱물질 제조업,2000-10-12,12월,최윤혁,http://www.npk.co.kr,경상북도,엔피케이
엘디티,96870,096870.KQ,KOSDAQ,반도체 제조업,"OLED구동IC,LED구동IC,LCD구동IC",2008-05-02,12월,정재천,http://www.ldt.co.kr,충청남도,엘디티
엘리비젼,276240,276240.KQ,KONEX,영상 및 음향기기 제조업,"디지털 사이니지, 키오스크 등",2018-07-05,12월,안덕근,http://www.elivision.com,인천광역시,엘리비젼
엘브이엠씨,900140,900140.KS,KOSPI,자동차 판매업,지주회사,2010-11-30,12월,"이창엽, 변성현 (각자 대표이사)",http://www.lvmcholdings.net,케이맨 제도,엘브이엠씨
엘앤씨바이오,290650,290650.KQ,KOSDAQ,의약품 제조업,"인체조직(피부, 뼈, 연골)",2018-11-01,12월,"이환철, 이재호 (각자 대표이사)",http://www.lncbio.co.kr,경기도,엘앤씨바이오
엘앤에프,66970,066970.KS,KOSPI,일차전지 및 이차전지 제조업,이차전지 양극활물질,2024-01-29,12월,최수안,http://www.landf.co.kr,대구광역시,엘앤에프
엘앤케이바이오,156100,156100.KQ,KOSDAQ,의료용 기기 제조업,척추 임플란트,2016-11-30,12월,강국진(단독대표),http://www.lnkbiomed.com,경기도,엘앤케이바이오
엘에스일렉트릭,10120,010120.KS,KOSPI,"전동기, 발전기 및 전기 변환 · 공급 · 제어 장치 제조업","고압기기,저압기기,변압기,배전반,PLC,인버터,빌딩설비,공조기,건축배관,자동화기기 제조,동가공",1994-07-11,12월,"구자균, 채대석",http://www.ls-electric.com,경기도,엘에스일렉트릭
엘에이티,311060,311060.KQ,KONEX,특수 목적용 기계 제조업,"In-Line Sputter, OLED 패널 청정물류 이송 장비 등",2018-12-28,12월,박강일,http://www.latplasma.com,경기도,엘에이티
엘엠에스,73110,073110.KQ,KOSDAQ,전자부품 제조업,프리즘시트,2007-10-12,12월,"나우주, 조성민(각자대표)",http://www.lmsglobal.com,경기도,엘엠에스
엘오티베큠,83310,083310.KQ,KOSDAQ,특수 목적용 기계 제조업,반도체제조용진공펌프,2005-10-05,12월,오흥식,http://www.lotvacuum.com,경기도,엘오티베큠
엘컴텍,37950,037950.KQ,KOSDAQ,전자부품 제조업,"BLU(Back Light Unit), CCM(Compact Camera Module), Display용 EL",2000-08-24,12월,김충섭,http://www.elcomtec.co.kr,경기도,엘컴텍
엘케이켐,489500,489500.KQ,KOSDAQ,기타 화학제품 제조업,"반도체 소재(CP, PCP, DIS) 등",2025-02-25,12월,이창엽,http://lkchem.co.kr,충청남도,엘케이켐
엘티씨,170920,170920.KQ,KOSDAQ,기초 화학물질 제조업,FPD(LCD/OLED) 및 반도체용 박리액,2013-10-08,12월,최호성,http://www.l-tech.co.kr,경기도,엘티씨
엠게임,58630,058630.KQ,KOSDAQ,소프트웨어 개발 및 공급업,"온라인 게임 개발 및 퍼블리싱(열혈강호온라인,홀릭2,영웅)",2008-12-19,12월,권이형,http://www.mgamecorp.com,서울특별시,엠게임
엠디바이스,226590,226590.KQ,KOSDAQ,전자부품 제조업,반도체기억장치,2025-03-07,12월,조호경,http://www.fastrossd.com,경기도,엠디바이스
엠로,58970,058970.KQ,KOSDAQ,소프트웨어 개발 및 공급업,"기업용 공급망관리 소프트웨어, AI 디지털혁신 소프트웨어, 공급망관리 클라우드 서비스",2021-08-13,12월,송재민,http://www.emro.co.kr,서울특별시,엠로
엠벤처투자,19590,019590.KQ,KOSDAQ,신탁업 및 집합투자업,벤처캐피탈,1989-03-14,12월,심성보(SHIM SUNG BO),http://www.m-vc.co.kr,서울특별시,엠벤처투자
엠브레인,169330,169330.KQ,KOSDAQ,시장조사 및 여론조사업,온라인 및 오프라인 리서치,2020-07-01,06월,최인수,http://embrain.com,서울특별시,엠브레인
엠씨넥스,97520,097520.KS,KOSPI,영상 및 음향기기 제조업,"모바일 카메라모듈,전장 카메라모듈,블랙박스,IP 카메라",2021-07-06,12월,민동욱,http://www.mcnex.co.kr,인천광역시,엠씨넥스
엠아이큐브솔루션,373170,373170.KQ,KOSDAQ,소프트웨어 개발 및 공급업,"스마트팩토리 솔루션, 제조지능화 솔루션",2023-08-04,12월,"박문원, 조영택",http://www.micube.co.kr,서울특별시,엠아이큐브솔루션
엠아이텍,179290,179290.KQ,KOSDAQ,의료용 기기 제조업,비혈관 스텐트 및 체외충격파 쇄석기,2018-11-29,12월,곽재오,http://www.mitech.co.kr,경기도,엠아이텍
엠앤씨솔루션,484870,484870.KS,KOSPI,특수 목적용 기계 제조업,방위산업용 유압식/전기식 부품 및 시스템,2024-12-16,12월,김병근,http://www.mncsolution.com,경상남도,엠앤씨솔루션
엠에스씨,9780,009780.KQ,KOSDAQ,기타 식품 제조업,식품첨가물,1993-10-12,12월,"정재열,김길제",http://www.msckorea.com,경상남도,엠에스씨
엠에스오토텍,123040,123040.KQ,KOSDAQ,자동차 신품 부품 제조업,자동차 차체 부품,2010-08-06,12월,"이태규,이강섭",http://ms-global.com,경상북도,엠에스오토텍
엠에프씨,432980,432980.KQ,KOSDAQ,기초 의약물질 제조업,원료의약품(API) 및 핵심소재,2024-12-26,12월,"황성관, 서기형(각자 대표이사)",http://www.mfcglobal.co.kr,경기도,엠에프씨
엠에프엠코리아,323230,323230.KQ,KOSDAQ,편조의복 제조업,"남성,여성,남아,여아용 면의류",2019-06-19,12월,-,http://www.mfmkorea.com,서울특별시,엠에프엠코리아
엠오티,413390,413390.KQ,KOSDAQ,특수 목적용 기계 제조업,이차전지 제조 자동화 설비,2024-11-18,12월,마점래,http://www.motfa.com,경상남도,엠오티
엠젠솔루션,32790,032790.KQ,KOSDAQ,기계장비 및 관련 물품 도매업,"프린터형상기, 광통신장비, Bio이종장기, AI솔루션",1997-06-26,12월,조상환,http://www.mgensolutions.kr,서울특별시,엠젠솔루션
엠케이전자,33160,033160.KQ,KOSDAQ,전자부품 제조업,반도체용세금선,1997-11-10,12월,현기진,http://www.mke.co.kr,경기도,엠케이전자
엠투아이,347890,347890.KQ,KOSDAQ,"측정, 시험, 항해, 제어 및 기타 정밀기기 제조업; 광학기기 제외","스마트HMI, 스마트SCADA, 스마트팩토리솔루션",2020-07-29,12월,강원희,http://www.m2i.co.kr,경기도,엠투아이
엠투엔,33310,033310.KQ,KOSDAQ,기타 금속 가공제품 제조업,산업용자동제어반기기,1997-11-10,12월,이승건,http://www.dkdni.co.kr,서울특별시,엠투엔
엠플러스,259630,259630.KQ,KOSDAQ,특수 목적용 기계 제조업,이차전지 자동화 조립설비,2017-09-20,12월,김종성,http://www.mplusi.co.kr,충청북도,엠플러스
엣지파운드리,105550,105550.KQ,KOSDAQ,전자부품 제조업,"자동차용 센서(APS, TPS, IAPS, SLS)",2014-07-11,12월,"남용현, 박찬영(각자 대표이사)",http://www.truwin.co.kr,대전광역시,엣지파운드리
영림원소프트랩,60850,060850.KQ,KOSDAQ,소프트웨어 개발 및 공급업,"ERP Package, 유지 관리 등",2020-08-12,12월,권영범,http://ksystem.co.kr,서울특별시,영림원소프트랩
영보화학,14440,014440.KS,KOSPI,플라스틱제품 제조업,"가교발포폴리에틸렌(아티론,영보드) 제조,판매",1997-08-27,12월,김태훈,http://www.youngbo.com,충청북도,영보화학
영우디에스피,143540,143540.KQ,KOSDAQ,특수 목적용 기계 제조업,OLED/LCD 디스플레이 검사장비,2014-10-29,12월,박금성,http://www.ywdsp.com,충청남도,영우디에스피
영원무역,111770,111770.KS,KOSPI,상품 종합 도매업,스포츠의류,2009-07-30,12월,성기학,http://www.youngone.co.kr,서울특별시,영원무역
영원무역홀딩스,9970,009970.KS,KOSPI,기타 금융업,"스포츠의류(등산복,운동복,스키복) 도소매,수출,섬유봉제",1988-11-07,12월,성래은,http://www.youngone.co.kr,서울특별시,영원무역홀딩스
영진약품,3520,003520.KS,KOSPI,의약품 제조업,"의약품(드링크제,항생제,영양수액제),의약부외품 제조,판매",1973-06-25,12월,이기수,http://www.yungjin.co.kr,서울특별시,영진약품
영풍,670,000670.KS,KOSPI,1차 비철금속 제조업,"제1차 금속산업(아연괴,황산,카드뮴괴),건전지 제조,무역",1976-06-12,12월,김기호,http://www.ypzinc.co.kr,서울특별시,영풍
영풍제지,6740,006740.KS,KOSPI,"골판지, 종이 상자 및 종이용기 제조업","골판지원지,지관원지,라이나원지 제조",1996-07-03,12월,이옥순,http://www.yp21.co.kr,경기도,영풍제지
영화금속,12280,012280.KS,KOSPI,자동차 신품 부품 제조업,"자동차부품,건축자재(관이음쇠) 제조,판매",1990-01-25,12월,최동윤(단독 대표이사),http://www.yeonghwa.co.kr,경상남도,영화금속
영화테크,265560,265560.KQ,KOSDAQ,자동차 신품 부품 제조업,자동차 정션박스 등,2017-10-26,12월,엄준형,http://www.yhtec.com,충청남도,영화테크
영흥,12160,012160.KS,KOSPI,1차 철강 제조업,와이어로프 등,2010-01-25,12월,강근욱,http://www.youngwire.com,충청남도,영흥
예림당,36000,036000.KQ,KOSDAQ,"서적, 잡지 및 기타 인쇄물 출판업",무선가입자망 단말기 및 차량용핸즈프리,1999-11-30,12월,나성훈,http://yearim.co.kr,서울특별시,예림당
예선테크,250930,250930.KQ,KOSDAQ,플라스틱제품 제조업,기업인수합병,2016-09-29,12월,전춘섭,http://www.yesuntech.com,경기도,예선테크
예스24,53280,053280.KQ,KOSDAQ,무점포 소매업,"도서,음반/DVD,화장품",2008-05-07,12월,"김석환, 최세라 (각자대표이사)",http://www.yes24.com,서울특별시,예스24
예스티,122640,122640.KQ,KOSDAQ,특수 목적용 기계 제조업,반도체 및 디스플레이 제조 장비,2015-12-16,12월,"장동복, 강임수 각자대표이사",http://www.yest.co.kr,경기도,예스티
오가닉티코스메틱,900300,900300.KQ,KOSDAQ,기타 금융업,"유아용 화장품(클렌징, 여름용, 피부케어, 기능성 화장품)",2016-11-04,12월,채정망,http://www.organictea-cosmetics.com,홍콩,오가닉티코스메틱
오건에코텍,212310,212310.KQ,KONEX,의료용 기기 제조업,척추용 임플란트 등,2016-07-26,12월,"박정민,정상국(각자대표)",http://huvexel.com,경기도,오건에코텍
오공,45060,045060.KQ,KOSDAQ,기타 화학제품 제조업,"접착제,씰란트,광택제,연마제",2000-08-10,12월,"김윤정,김중화",http://www.okong.com,인천광역시,오공
오늘이엔엠,192410,192410.KQ,KOSDAQ,통신 및 방송 장비 제조업,"지능형서비스로봇, 기지국안테나, 여행",2014-08-14,12월,"이홍관, 허재 (각자 대표이사)",http://www.hyulimnetworks.com,서울특별시,오늘이엔엠
오디텍,80520,080520.KQ,KOSDAQ,반도체 제조업,"광반도체, 소자 및 모듈",2007-10-08,12월,박병근,http://www.od-tech.com,전북특별자치도,오디텍
오뚜기,7310,007310.KS,KOSPI,기타 식품 제조업,"라면,마요네즈,카레,스프,당면,소오스,토마토케첩,마가린,냉동생지(바게트,크로와상),참치캔,식초,3분짜장 제조",1994-08-12,12월,"함영준, 황성만",http://www.otoki.com,경기도,오뚜기
오로라,39830,039830.KQ,KOSDAQ,전문디자인업,"캐릭터디자인,캐릭터완구 등",2001-01-03,12월,노재연,http://www.auroraworld.com,서울특별시,오로라
오로스테크놀로지,322310,322310.KQ,KOSDAQ,특수 목적용 기계 제조업,반도체 Overlay 계측 장비,2021-02-24,12월,"각자 대표이사 이준우, 최성원",http://www.aurostech.com,경기도,오로스테크놀로지
오르비텍,46120,046120.KQ,KOSDAQ,기타 과학기술 서비스업,"방사선안전관리, 항공기 정밀부품 제조 등",2010-06-15,12월,도은성,http://orbitech.co.kr,서울특별시,오르비텍
오름테라퓨틱,475830,475830.KQ,KOSDAQ,기초 의약물질 제조업,항체약물접합체(ADC) 단백질 분해제(TPD) 연구 개발,2025-02-14,12월,이승주,http://www.orumrx.com,대전광역시,오름테라퓨틱
오리엔탈정공,14940,014940.KQ,KOSDAQ,일반 목적용 기계 제조업,선박용 기계제품(크레인 등),2001-12-26,12월,박세철,http://www.opco.co.kr,부산광역시,오리엔탈정공
오리엔트바이오,2630,002630.KS,KOSPI,의약품 제조업,의약품 제조,1976-12-28,03월,장재진,http://www.orient.co.kr,경기도,오리엔트바이오
오리엔트정공,65500,065500.KQ,KOSDAQ,자동차 신품 부품 제조업,"하우징, 리테이너베어링",2002-09-19,12월,"장재진, 박영동",http://www.orientpi.co.kr,경상북도,오리엔트정공
오리온,271560,271560.KS,KOSPI,기타 식품 제조업,스낵 등 과자류,2017-07-07,12월,이승준,http://www.orionworld.com,서울특별시,오리온
오리온홀딩스,1800,001800.KS,KOSPI,기타 금융업,자회사 관리 지주사업 등,1975-06-27,12월,허인철,http://www.oriongroup.co.kr,서울특별시,오리온홀딩스
오리콤,10470,010470.KQ,KOSDAQ,광고업,광고대행,2000-10-24,12월,"박병철, 정승우(각자 대표이사)",http://www.oricom.co.kr,서울특별시,오리콤
오브젠,417860,417860.KQ,KOSDAQ,소프트웨어 개발 및 공급업,CRM 소프트웨어,2023-01-30,12월,"전배문, 유용희",http://obzen.com,서울특별시,오브젠
오비고,352910,352910.KQ,KOSDAQ,"컴퓨터 프로그래밍, 시스템 통합 및 관리업",스마트카 소프트웨어 플랫폼,2021-07-13,12월,황도연,http://obigo.com,경기도,오비고
오상자이엘,53980,053980.KQ,KOSDAQ,소프트웨어 개발 및 공급업,CATIA Solution,2002-04-09,12월,"이국래,김선기(각자 대표이사)",http://www.osangjaiel.co.kr,인천광역시,오상자이엘
오상헬스케어,36220,036220.KQ,KOSDAQ,의료용품 및 기타 의약 관련제품 제조업,"생화학 측정기 및 센서, 면역진단기기 및 마커, 분자진단기기 및 시약 등",2024-03-13,12월,"강철훈, 유병열(각자대표이사)",http://www.osanghc.com,경기도,오상헬스케어
오성첨단소재,52420,052420.KQ,KOSDAQ,플라스틱제품 제조업,"보호, 기능성 필름",2001-08-07,12월,김유신,http://www.osungam.com,전북특별자치도,오성첨단소재
오션스바이오,332190,332190.KQ,KONEX,의료용 기기 제조업,전자약,2025-01-14,12월,이현웅,http://oceansbio.com,경상남도,오션스바이오
오션인더블유,52300,052300.KQ,KOSDAQ,상품 종합 도매업,운송,2001-08-02,12월,"최진욱, 이응길(공동대표이사)",http://www.chorokbaemcompany.com,서울특별시,오션인더블유
오스코텍,39200,039200.KQ,KOSDAQ,의약품 제조업,"뼈이식재,건강식품소재",2007-01-17,12월,윤태영,http://www.oscotec.com,경기도,오스코텍
오스테오닉,226400,226400.KQ,KOSDAQ,의료용 기기 제조업,골접합 및 재건용 금속소재 및 생체복합재료 기반 임플란트,2018-02-22,12월,이동원,http://www.osteonic.com,서울특별시,오스테오닉
오스템,31510,031510.KQ,KOSDAQ,자동차 신품 부품 제조업,휠,1997-02-12,12월,"김정우,김민석",http://www.yyauto.co.kr,충청남도,오스템
오에스피,368970,368970.KQ,KOSDAQ,동물용 사료 및 조제식품 제조업,프리미엄 반려동물 사료,2022-10-14,12월,강재구,http://www.osppetfood.com,충청남도,오에스피
오이솔루션,138080,138080.KQ,KOSDAQ,통신 및 방송 장비 제조업,광트랜시버,2014-02-27,12월,박용관,http://www.oesolution.com,광주광역시,오이솔루션
오킨스전자,80580,080580.KQ,KOSDAQ,전자부품 제조업,반도체 검사용 소켓,2014-12-24,12월,전진국,http://www.okins.co.kr,경기도,오킨스전자
오텍,67170,067170.KQ,KOSDAQ,자동차 재제조 부품 제조업,"냉동 및 내장탑차, 앰블란스",2003-11-14,12월,"강성희, 정인옥(각자 대표이사)",http://www.autech.co.kr,충청남도,오텍
오토앤,353590,353590.KQ,KOSDAQ,자동차 부품 및 내장품 판매업,자동차 지급품 및 애프터마켓 제품,2022-01-20,12월,최찬욱,http://www.auton.kr,경기도,오토앤
오파스넷,173130,173130.KQ,KOSDAQ,"컴퓨터 프로그래밍, 시스템 통합 및 관리업",네트워크 구축 및 유지보수,2018-08-24,12월,장수현,http://www.opasnet.co.kr,서울특별시,오파스넷
오픈놀,440320,440320.KQ,KOSDAQ,소프트웨어 개발 및 공급업,미니인턴플랫폼(커리어 및 채용 플랫폼),2023-06-30,12월,권인택,http://openknowl.com,서울특별시,오픈놀
오픈베이스,49480,049480.KQ,KOSDAQ,"컴퓨터 프로그래밍, 시스템 통합 및 관리업","트래픽솔루션(웹스위치,트래픽서버)",2001-01-09,12월,"황철이, 정진섭(각자 대표이사)",http://www.openbase.co.kr,서울특별시,오픈베이스
오픈엣지테크놀로지,394280,394280.KQ,KOSDAQ,소프트웨어 개발 및 공급업,시스템 반도체 IP,2022-09-26,12월,이성현,http://www.openedges.com,서울특별시,오픈엣지테크놀로지
오하임앤컴퍼니,309930,309930.KQ,KOSDAQ,기타 생활용품 소매업,기업인수합병,2018-12-20,12월,나형균,http://www.oheim.co.kr,서울특별시,오하임앤컴퍼니
온코닉테라퓨틱스,476060,476060.KQ,KOSDAQ,자연과학 및 공학 연구개발업,"자큐보정(Zastaprazan, 소화기질환 신약), Nesuparib(표적항암제 신약)",2024-12-19,12월,김존,http://onconic.co.kr,서울특별시,온코닉테라퓨틱스
온코크로스,382150,382150.KQ,KOSDAQ,자연과학 및 공학 연구개발업,AI플랫폼 기반 신약개발 용역서비스,2024-12-18,12월,"김이랑, 강지훈 (각자대표)",http://www.oncocross.com,서울특별시,온코크로스
온타이드,5320,005320.KS,KOSPI,생활용품 도매업,"셔츠,스웨터,파자마(섬유제품) 제조,판매,수출/부동산 임대",1996-12-24,12월,우혁주,http://www.ontide.co.kr,서울특별시,온타이드
올리패스,244460,244460.KQ,KOSDAQ,기초 의약물질 제조업,인공유전자 플랫폼(OliPass PNA) 기술을 활용한 RNA치료제 신약개발,2019-09-20,12월,"손형석, 이진한 (각자 대표이사)",http://www.olipass.com,경기도,올리패스
올릭스,226950,226950.KQ,KOSDAQ,자연과학 및 공학 연구개발업,siRNA 신약 개발,2018-07-18,12월,이동기,http://www.olixpharma.com,경기도,올릭스
옴니시스템,57540,057540.KQ,KOSDAQ,"측정, 시험, 항해, 제어 및 기타 정밀기기 제조업; 광학기기 제외","전자식전력량계,설비미터,원격검침시스템",2007-09-19,12월,박혜린,http://www.omnisystem.co.kr,경기도,옴니시스템
옵투스제약,131030,131030.KQ,KOSDAQ,의약품 제조업,티어린프리점안액,2010-12-03,12월,심상호,http://www.optuspharm.com,충청북도,옵투스제약
옵트론텍,82210,082210.KQ,KOSDAQ,사진장비 및 광학기기 제조업,"IRFilter,Grating",2005-06-24,12월,최상호,http://www.optrontec.com,대전광역시,옵트론텍
옵티시스,109080,109080.KQ,KOSDAQ,통신 및 방송 장비 제조업,광링크 모듈 등,2011-07-12,12월,신현국,http://www.opticis.com,경기도,옵티시스
옵티코어,380540,380540.KQ,KOSDAQ,마그네틱 및 광학 매체 제조업,"광트랜시버, 광다중화장치 등",2022-12-29,12월,"진재현, 문유석(각자대표이사)",http://www.opticore.co.kr,경기도,옵티코어
옵티팜,153710,153710.KQ,KOSDAQ,의료용품 및 기타 의약 관련제품 제조업,"옵티케어,메디피그 등",2018-10-26,12월,김현일,http://www.optipharm.co.kr,충청북도,옵티팜
와이랩,432430,432430.KQ,KOSDAQ,"영화, 비디오물, 방송프로그램 제작 및 배급업",만화출판물의 제작 및 영상물 제작,2023-07-20,12월,심준경,http://ylabcomics.com,서울특별시,와이랩
와이바이오로직스,338840,338840.KQ,KOSDAQ,자연과학 및 공학 연구개발업,항체의약품 및 항체후보물질 연구개발,2023-12-05,12월,"박영우, 장우익",http://ybiologics.com,대전광역시,와이바이오로직스
와이솔,122990,122990.KQ,KOSDAQ,전자부품 제조업,"SAW Filter, Wafer Chip, Duplexer",2010-09-10,12월,김지호,http://www.wisol.co.kr,경기도,와이솔
와이씨,232140,232140.KQ,KOSDAQ,특수 목적용 기계 제조업,메모리 웨이퍼 테스터,2015-12-24,12월,"최명배, 장성진 (공동대표)",http://yikcorp.com,경기도,와이씨
와이씨켐,112290,112290.KQ,KOSDAQ,기타 화학제품 제조업,반도체 및 디스플레이용 화학소재,2022-07-14,12월,"이성일, 이승훈",http://www.ycchem.co.kr,경상북도,와이씨켐
와이어블,65530,065530.KQ,KOSDAQ,전기 통신업,공용기지국건설/관리,2002-06-04,12월,"장병권, 김문환(각자대표이사)",http://www.wiable.co.kr,서울특별시,와이어블
와이엔텍,67900,067900.KQ,KOSDAQ,폐기물 처리업,"사업장폐기물중간및최종처리,전문건설,골재제조",2005-12-23,12월,박지영,http://www.y-entec.co.kr,전라남도,와이엔텍
와이엠,7530,007530.KQ,KOSDAQ,기타 금속 가공제품 제조업,"볼트, 나사",1994-08-05,12월,선지영,http://www.ysmic.co.kr,경기도,와이엠
와이엠씨,155650,155650.KQ,KOSDAQ,전자부품 제조업,"FPD 패널용 Target, Backing Plate 등",2012-11-15,12월,이윤용,http://www.ymc-inc.com,충청남도,와이엠씨
와이엠텍,273640,273640.KQ,KOSDAQ,"전동기, 발전기 및 전기 변환 · 공급 · 제어 장치 제조업",계전기(EV Relay),2021-09-10,12월,조현길,http://www.goodymt.com,충청북도,와이엠텍
와이엠티,251370,251370.KQ,KOSDAQ,기초 화학물질 제조업,"PCB, 반도체 및 디스플레이 제조용 화학소재 등",2017-04-27,12월,"전성욱, 백성규",http://www.ymtechnology.com,인천광역시,와이엠티
와이오엠,66430,066430.KQ,KOSDAQ,기타 전문 도매업,"VCI,LDPE필름 외",2002-12-24,12월,김형모,http://www.yom.or.kr,경상남도,와이오엠
와이제이링크,209640,209640.KQ,KOSDAQ,특수 목적용 기계 제조업,SMT(PCB 표면실장) 이송 및 추적장비 등 스마트 공정장비,2024-10-18,12월,박순일,http://www.yjlink.com,대구광역시,와이제이링크
와이즈넛,96250,096250.KQ,KOSDAQ,소프트웨어 개발 및 공급업,"검색엔진, 챗봇, 클라우드서비스",2025-01-24,12월,강용성,http://www.wisenut.com,경기도,와이즈넛
와이즈버즈,273060,273060.KQ,KOSDAQ,광고업,광고대행,2017-08-07,12월,"김종원, 최호준(각자 대표이사)",http://www.wisebirds.co,경기도,와이즈버즈
와이지-원,19210,019210.KQ,KOSDAQ,기타 금속 가공제품 제조업,"엔드밀, 탭, 드릴",1997-08-06,12월,"송호근, 송시한",http://www.yg1.co.kr,인천광역시,와이지-원
와이지엔터테인먼트,122870,122870.KQ,KOSDAQ GLOBAL,오디오물 출판 및 원판 녹음업,"음악 및 기타 오디오물 출판, 신인 아티스트 육성 및 매니지먼트",2011-11-23,12월,양민석 (단독대표이사),http://www.ygfamily.com,서울특별시,와이지엔터테인먼트
와이투솔루션,11690,011690.KS,KOSPI,반도체 제조업,"혼성직접회로,통신기기 제조/화공약품,케이블 도매",1995-12-21,12월,강석환,http://www.yuyang.co.kr,경기도,와이투솔루션
와이팜,332570,332570.KQ,KOSDAQ,전자부품 제조업,전력증폭기 모듈(PAM),2020-07-31,12월,유대규,http://www.wipam.co.kr,경기도,와이팜
와토스코리아,79000,079000.KQ,KOSDAQ,플라스틱제품 제조업,위생도기용부속(양변기용),2005-11-15,12월,"송공석,송태양,송태광(각자대표)",http://www.watos.com,전라남도,와토스코리아
우듬지팜,403490,403490.KQ,KOSDAQ,"과실, 채소 가공 및 저장 처리업","스테비아 토마토, 대추방울 토마토, 완숙 토마토 등",2023-09-19,12월,심용보,http://www.wdgfarm.com,충청남도,우듬지팜
우리금융지주,316140,316140.KS,KOSPI,기타 금융업,금융지주,2019-02-13,12월,임종룡,http://www.woorifg.com,서울특별시,우리금융지주
우리기술,32820,032820.KQ,KOSDAQ,"전동기, 발전기 및 전기 변환 · 공급 · 제어 장치 제조업","시스템사업, 정보통신사업",2000-06-22,12월,노갑선,http://www.wooritg.com,서울특별시,우리기술
우리기술투자,41190,041190.KQ,KOSDAQ,기타 금융업,창업자에 대한 투자 및 융자,2000-06-09,12월,이정훈,http://www.wooricapital.co.kr,서울특별시,우리기술투자
우리넷,115440,115440.KQ,KOSDAQ,통신 및 방송 장비 제조업,"광전송장비(MSPP), 교환장비(AGW)",2010-01-27,12월,김광수(단독대표),http://www.woori-net.com,경기도,우리넷
우리로,46970,046970.KQ,KOSDAQ,기타 전문 도매업,"광분배기(웨이퍼, 칩, 모듈), 광다이오드",2012-11-27,12월,박세철,http://www.wooriro.com,광주광역시,우리로
우리바이오,82850,082850.KQ,KOSDAQ,기타 식품 제조업,건강기능식품 개발 제조 및 스마트팜 연구개발,2005-07-29,12월,"엄태욱, 윤지용",http://www.wooreebio.co.kr,경기도,우리바이오
우리산업,215360,215360.KQ,KOSDAQ,자동차 신품 부품 제조업,ACTUATOR 등,2015-05-06,12월,김정우,http://www.woory.com,경기도,우리산업
우리산업홀딩스,72470,072470.KQ,KOSDAQ,자동차 신품 부품 제조업,HVAC ACTUATOR (자동차 공조장치 부품 등),2003-10-28,12월,김명준,http://www.woory.com,경기도,우리산업홀딩스
우리손에프앤지,73560,073560.KQ,KOSDAQ,"도축, 육류 가공 및 저장 처리업","양돈업, 도축업",2016-07-27,12월,"조창현, 조광식(각자대표)",http://www.woorisonfng.co.kr,전라남도,우리손에프앤지
우리엔터프라이즈,37400,037400.KQ,KOSDAQ,상품 종합 도매업,"변환장치 제조업 백열전구, 형광등",1999-12-16,12월,엄태욱,http://www.wooree.co.kr,경기도,우리엔터프라이즈
우리이앤엘,153490,153490.KQ,KOSDAQ,반도체 제조업,LED 패키지,2013-02-05,12월,엄태욱,http://www.wooreeenl.co.kr,경기도,우리이앤엘
우림피티에스,101170,101170.KQ,KOSDAQ,일반 목적용 기계 제조업,"트랜스미션,감속기,기어전동축 제조",2009-04-28,12월,"한현석,한우진(각자 대표이사)",http://www.woorimgear.co.kr,경상남도,우림피티에스
우성,6980,006980.KS,KOSPI,"곡물가공품, 전분 및 전분제품 제조업","배합사료,Suit-feed(맞춤 TMR(육성우,건유우,착유우) 사료),농후사료,곡류(강피류 등 부산물) 제조,판매/부동산 임대,무역",1988-10-10,12월,한재규,http://wsgroup.co.kr,대전광역시,우성
우수AMS,66590,066590.KQ,KOSDAQ,자동차 신품 부품 제조업,"엔진, 조향 및 기아변속기 부품",2003-02-12,12월,김선우,http://woosu.co.kr,경상남도,"우수ams, 우수AMS"
우신시스템,17370,017370.KS,KOSPI,특수 목적용 기계 제조업,"자동차차체자동설비, 2차전지설비, 자동차부품",2002-05-28,12월,허우영,http://www.wooshinsys.co.kr,서울특별시,우신시스템
우양,103840,103840.KQ,KOSDAQ,"과실, 채소 가공 및 저장 처리업","HMR, 음료 베이스, 퓨레 등",2019-11-20,12월,"이구열, 박경훈(공동대표이사)",http://foodkorea.com,충청남도,우양
우양에이치씨,101970,101970.KQ,KOSDAQ,"구조용 금속제품, 탱크 및 증기발생기 제조업","화공 플랜트, 에너지 플랜트",2025-03-28,12월,김진태,http://www.wooyang.co.kr,경기도,우양에이치씨
우원개발,46940,046940.KQ,KOSDAQ,기반조성 및 시설물 축조관련 전문공사업,토공사,2002-06-18,12월,"김기영,김기현(각자대표)",http://www.woowonerd.com,서울특별시,우원개발
우정바이오,215380,215380.KQ,KOSDAQ,자연과학 및 공학 연구개발업,"동물실험,CRO서비스,사육장비,세척장비등",2015-05-18,12월,천병년,http://www.woojungbio.kr,경기도,우정바이오
우주일렉트로,65680,065680.KQ,KOSDAQ,전자부품 제조업,정보통신용 초정밀커넥터,2004-01-02,12월,"노영백, 노중산(각자대표이사)",http://www.uju.com,경기도,우주일렉트로
우진,105840,105840.KS,KOSPI,"측정, 시험, 항해, 제어 및 기타 정밀기기 제조업; 광학기기 제외",원전용계측기,2010-07-26,12월,"이재상, 백승한 각자대표",http://www.woojininc.com,경기도,우진
우진비앤지,18620,018620.KQ,KOSDAQ,의약품 제조업,"슈퍼티아, 안티펜SM",2008-05-20,12월,"강석진, 강재구(각자대표)",http://www.woogenebng.com,경기도,우진비앤지
우진아이엔에스,10400,010400.KS,KOSPI,건물설비 설치 공사업,반도체/디스플레이 코팅덕트,2018-09-14,12월,홍경모,http://www.woojini.com,서울특별시,우진아이엔에스
우진엔텍,457550,457550.KQ,KOSDAQ,"그외 기타 전문, 과학 및 기술 서비스업",발전소 계측제어설비 정비 서비스,2024-01-24,12월,신상연,http://www.woojinntec.com,경기도,우진엔텍
우진플라임,49800,049800.KS,KOSPI,특수 목적용 기계 제조업,"플라스틱사출성형기 제조,판매",2006-05-24,12월,김익환,http://www.woojinplaimm.com,충청북도,우진플라임
웅진,16880,016880.KS,KOSPI,회사 본부 및 경영 컨설팅 서비스업,"교육서비스(웅진아이큐,중.고교학습,어린이마을),도서,잡지 출판/부동산 임대/인터넷관련사업",1994-11-05,12월,"윤새봄, 이수영 각자대표",http://www.woongjin.com,서울특별시,웅진
웅진씽크빅,95720,095720.KS,KOSPI,초등 교육기관,"기타출판 제조/서적,교구,통신판매 도소매/부동산 임대/교구렌탈,컴퓨터운용관련서비스",2007-05-31,12월,윤승현,http://www.wjthinkbig.com,경기도,웅진씽크빅
워트,396470,396470.KQ,KOSDAQ,특수 목적용 기계 제조업,초정밀 온습도 제어장비,2023-10-26,12월,"박승배, 양귀철(각자 대표이사)",http://wot.co.kr,경기도,워트
원림,5820,005820.KS,KOSPI,직물직조 및 직물제품 제조업,"고무,플라스틱제품,산업용포장재,PP.BAG,타포린 제조,도매/부동산 임대/주택 신축,판매/인터넷 정보통신/벤처회사 투자",1990-04-20,12월,신성엽,http://www.wonlim.co.kr,서울특별시,원림
원바이오젠,307280,307280.KQ,KOSDAQ,의료용품 및 기타 의약 관련제품 제조업,"창상피복제, 습윤드레싱제",2018-12-05,12월,김원일,http://wonbiogen.co.kr,경상북도,원바이오젠
원익,32940,032940.KQ,KOSDAQ,기계장비 및 관련 물품 도매업,"Quartz, HIC, 의료기기",1997-07-18,12월,장홍식,http://www.wonik.co.kr,경기도,원익
원익머트리얼즈,104830,104830.KQ,KOSDAQ,기초 화학물질 제조업,"저메인가스,디실란,아산화질소,암모니아 등",2011-12-28,12월,한정욱,http://wimco.co.kr,충청북도,원익머트리얼즈
원익큐브,14190,014190.KQ,KOSDAQ,기타 전문 도매업,"MMA,BAM,PC,PP,목재,실란트,디지털인쇄기",1996-04-26,12월,문경수,http://www.wonikcube.com,경기도,원익큐브
원익피앤이,217820,217820.KQ,KOSDAQ,특수 목적용 기계 제조업,2차전지 자동화 설비,2015-12-07,12월,이기채,http://www.wonikpne.com,경기도,원익피앤이
원익홀딩스,30530,030530.KQ,KOSDAQ,기초 화학물질 제조업,가스캐비닛,1996-09-24,12월,"조남성, 장성대 (각자대표이사)",http://www.wonikholdings.kr,경기도,원익홀딩스
원익IPS,240810,240810.KQ,KOSDAQ GLOBAL,특수 목적용 기계 제조업,반도체 제조용 기계,2016-05-02,12월,Tae Hyuk Ahn,http://www.ips.co.kr,경기도,"원익ips, 원익IPS"
원익QnC,74600,074600.KQ,KOSDAQ GLOBAL,유리 및 유리제품 제조업,반도체용 석영유리,2003-12-12,12월,백홍주,http://www.wonikqnc.com,경상북도,"원익qnc, 원익QNC"
원일특강,12620,012620.KQ,KOSDAQ,1차 철강 제조업,특수강,1994-06-28,12월,최극태,http://www.wonilsteel.co.kr,경기도,원일특강
원준,382840,382840.KQ,KOSDAQ,특수 목적용 기계 제조업,2차전지용 열처리 장비,2021-10-07,12월,이성제,http://www.onejoon.co.kr,경기도,원준
원텍,336570,336570.KQ,KOSDAQ,의료용 기기 제조업,기업 인수 및 합병,2019-12-19,12월,"김종원, 김정현",http://www.wtlaser.com,대전광역시,원텍
원티드랩,376980,376980.KQ,KOSDAQ,소프트웨어 개발 및 공급업,채용 플랫폼,2021-08-11,12월,이복기,http://www.wanted.co.kr,서울특별시,원티드랩
원포유,122830,122830.KQ,KONEX,소프트웨어 개발 및 공급업,"비대면서비스플랫폼, 인공지능",2020-10-23,12월,전동호,http://www.ofu.co.kr,서울특별시,원포유
원풍,8370,008370.KQ,KOSDAQ,플라스틱제품 제조업,플라스틱 필름,1992-12-18,12월,"서승민,이문희(공동대표)",http://www.wonpoong.co.kr,서울특별시,원풍
원풍물산,8290,008290.KQ,KOSDAQ,봉제의복 제조업,남성용신사복,1997-07-18,12월,이두식,http://www.wonpung.com,인천광역시,원풍물산
월덱스,101160,101160.KQ,KOSDAQ,전자부품 제조업,반도체용링및전극,2008-06-19,12월,배종식,http://www.worldexint.com,경상북도,월덱스
웨이버스,336060,336060.KQ,KOSDAQ,소프트웨어 개발 및 공급업,금융 지원 서비스,2019-11-28,12월,"김학성, 박창훈",http://www.wavus.co.kr,서울특별시,웨이버스
웨이브일렉트로,95270,095270.KQ,KOSDAQ,"측정, 시험, 항해, 제어 및 기타 정밀기기 제조업; 광학기기 제외",이동통신중계기용전력증폭기,2007-09-12,12월,박천석(단독대표),http://www.wavetc.com,경기도,웨이브일렉트로
웨이비스,289930,289930.KQ,KOSDAQ,반도체 제조업,"GaN RF 칩, 패키지 트랜지스터, 모듈 등",2024-10-25,12월,한민석,http://www.wavice.com,경기도,웨이비스
웰바이오텍,10600,010600.KS,KOSPI,상품 중개업,"피혁의류 도,소매,의류 판매,수입,피혁(GRAIN LEATHER) 제조",1997-07-18,12월,김한국,http://www.wellbiotec.co.kr,서울특별시,웰바이오텍
웰크론,65950,065950.KQ,KOSDAQ,직물직조 및 직물제품 제조업,"기능성 침구용품, 크리너, 필터, 방탄·방검복",2003-07-29,12월,이영규,http://www.welcron.com,서울특별시,웰크론
웰크론한텍,76080,076080.KQ,KOSDAQ,건물 건설업,"에너지절감설비,자동화배합설비,환경설비",2008-07-18,12월,"이영규, 이기창, 강영길 (각자대표)",http://www.welcronhantec.co.kr,경기도,웰크론한텍
웰킵스하이텍,43590,043590.KQ,KOSDAQ,반도체 제조업,"DRIVER-IC,DDI Package,트랜스포머,코일",2001-12-20,12월,박기태,http://www.welkeepshitech.com,경기도,웰킵스하이텍
웹스,196700,196700.KQ,KOSDAQ,합성고무 및 플라스틱 물질 제조업,"기능성 컴파운드, 건축외장자재",2015-08-24,12월,이재춘,http://www.waps.co.kr,부산광역시,웹스
웹젠,69080,069080.KQ,KOSDAQ GLOBAL,소프트웨어 개발 및 공급업,3D 온라인게임 '뮤(MU)',2003-05-23,12월,김태영,http://company.webzen.com,경기도,웹젠
웹케시,53580,053580.KQ,KOSDAQ,소프트웨어 개발 및 공급업,"에스이알피, 브랜치, 인하우스",2019-01-25,12월,강원주,http://www.webcash.co.kr,서울특별시,웹케시
위너스,479960,479960.KQ,KOSDAQ,기타 전기장비 제조업,"배선기구(스위치, 콘센트, 멀티탭), 전기차 충전기(급속, 완속)",2025-02-24,12월,김창성,http://www.wns21.co.kr,,위너스
위니아,71460,071460.KQ,KOSDAQ,가정용 기기 제조업,"김치냉장고, 에어컨, 냉장고, 에어가전, 세탁가전 등",2016-07-14,12월,김혁표,http://www.winiadimchae.com,광주광역시,위니아
위니아에이드,377460,377460.KQ,KOSDAQ,상품 종합 도매업,"전자제품 소매, 물류주선, 서비스대행",2022-06-23,12월,김희웅,http://www.winiaaid.com,광주광역시,위니아에이드
위닉스,44340,044340.KQ,KOSDAQ,가정용 기기 제조업,일반목적용 기계제조업,2000-10-24,12월,윤철민,http://www.e-winix.co.kr,경기도,위닉스
위더스제약,330350,330350.KQ,KOSDAQ,의약품 제조업,의약품 제조 및 도소매(순환기용제 등),2020-07-03,12월,성대영,http://withuspharm.com,서울특별시,위더스제약
위드텍,348350,348350.KQ,KOSDAQ,"측정, 시험, 항해, 제어 및 기타 정밀기기 제조업; 광학기기 제외","AMCs 모니터링 시스템, 공정 프로세스 모니터링 시스템, TMS",2020-10-30,12월,"유승교,박현열(각자 대표이사)",http://www.withtech.co.kr,대전광역시,위드텍
위메이드,112040,112040.KQ,KOSDAQ,소프트웨어 개발 및 공급업,"미르의전설2, 미르4",2009-12-18,12월,"Park, Kwan Ho",http://wemade.com,경기도,위메이드
위메이드맥스,101730,101730.KQ,KOSDAQ,소프트웨어 개발 및 공급업,실크로드 온라인,2009-06-03,12월,"이길형, 손면석 각자 대표이사",http://www.wemademax.com,경기도,위메이드맥스
위메이드플레이,123420,123420.KQ,KOSDAQ,소프트웨어 개발 및 공급업,모바일게임,2010-11-10,12월,우상준,http://corp.wemadeplay.com,경기도,위메이드플레이
위세아이텍,65370,065370.KQ,KOSDAQ,소프트웨어 개발 및 공급업,"빅데이터분석, 인공지능, 데이터품질관리 솔루션",2020-02-10,12월,"김다산, 이제동 (각자 대표이사)",http://www.wise.co.kr,경기도,위세아이텍
위월드,140660,140660.KQ,KONEX,통신 및 방송 장비 제조업,"이동위성통신안테나, 위성방송시스템",2013-12-26,12월,박찬구,http://www.wiworld.co.kr,대전광역시,위월드
위즈코프,38620,038620.KQ,KOSDAQ,연료 소매업,인터넷 인프라 및 응용,2000-05-04,12월,정승환,http://www.wizit.com,서울특별시,위즈코프
위지윅스튜디오,299900,299900.KQ,KOSDAQ,"영화, 비디오물, 방송프로그램 제작 및 배급업","VFX, 뉴미디어 등 특수영상 컨텐츠 제작",2018-12-20,12월,조성완,http://www.wswgstudios.com,서울특별시,위지윅스튜디오
위지트,36090,036090.KQ,KOSDAQ,특수 목적용 기계 제조업,LCD 반도체,1999-12-10,12월,양승환,http://www.wizit.co.kr,인천광역시,위지트
위츠,459100,459100.KQ,KOSDAQ,전자부품 제조업,"무선충전소재, 부품 제조",2024-11-20,12월,김응태,http://www.ewits.co.kr/kr,경기도,위츠
윈스,136540,136540.KQ,KOSDAQ,"컴퓨터 프로그래밍, 시스템 통합 및 관리업","네크워크보안장비(IPS, 안티 DDoS)",2011-05-02,12월,김보연,http://www.wins21.co.kr,경기도,윈스
윈팩,97800,097800.KQ,KOSDAQ,반도체 제조업,반도체 패키징 및 테스트,2013-03-07,12월,"최원, 신동호(각자대표이사)",http://www.winpac.co.kr,경기도,윈팩
윈하이텍,192390,192390.KQ,KOSDAQ,"구조용 금속제품, 탱크 및 증기발생기 제조업",데크 플레이트(건설용거푸집),2014-07-25,12월,"송자은, 박성태(각자대표)",http://www.winhitech.co.kr,충청북도,윈하이텍
윌비스,8600,008600.KS,KOSPI,생활용품 도매업,"스웨터,니트,셔츠 도매,제조/컴퓨터주변기기 무역,오파,임대",1989-07-28,12월,"임찬혁(대표집행임원), 송주호(대표집행임원)",http://www.willbes.com,충청남도,윌비스
윙스풋,335870,335870.KQ,KOSDAQ,"섬유, 의복, 신발 및 가죽제품 소매업",신발 매입 및 공급,2019-12-09,12월,황성웅,http://www.wingsfoot.co.kr,서울특별시,윙스풋
윙입푸드,900340,900340.KQ,KOSDAQ,기타 금융업,육가공 제품,2018-11-30,12월,왕현도,http://wingyip-food.com,홍콩,윙입푸드
유나이티드,33270,033270.KS,KOSPI,의약품 제조업,"홈타민 진생연질60C(비타민제),항암제,항생제,순환기계,해열진통제,소화기계약품 제조",2007-10-23,12월,강덕영,http://www.kup.co.kr,세종특별자치시,유나이티드
유니드,14830,014830.KS,KOSPI,기초 화학물질 제조업,"탄산칼륨,가성칼륨,가성카리,탄산카리(무기화합물),MDF(가공목재) 제조,도매",2004-12-03,12월,"정의승, 이우일",http://www.unid.co.kr,서울특별시,유니드
유니드비티플러스,446070,446070.KS,KOSPI,제재 및 목재 가공업,MDF 등,2022-11-28,12월,한상준,http://www.unidbtplus.co.kr,서울특별시,유니드비티플러스
유니셈,36200,036200.KQ,KOSDAQ,특수 목적용 기계 제조업,반도체장비(DryGasScrubber),1999-12-10,12월,"김형균,이양구(각자대표)",http://www.unisem.co.kr,경기도,유니셈
유니슨,18000,018000.KQ,KOSDAQ,일반 목적용 기계 제조업,"풍력발전기, 풍력타워",1996-01-10,12월,박원서,http://www.unison.co.kr,경상남도,유니슨
유니온,910,000910.KS,KOSPI,"시멘트, 석회, 플라스터 및 그 제품 제조업","백시멘트,타일시멘트,알루미나시멘트,용융알루미나,급결제,필터프레스,유니필터제조,도매",1996-07-03,12월,"이건영, 이우선",http://www.unioncement.com,서울특별시,유니온
유니온머티리얼,47400,047400.KS,KOSPI,"내화, 비내화 요업제품 제조업","페라이트,세라믹 제조,도매",2009-09-29,12월,"김진영, 이우선",http://unionmaterials.com,대구광역시,유니온머티리얼
유니온커뮤니티,203450,203450.KQ,KOSDAQ,통신 및 방송 장비 제조업,지문인식출입통제기,2016-12-07,12월,신요식,http://www.unioncomm.co.kr,서울특별시,유니온커뮤니티
유니켐,11330,011330.KS,KOSPI,"가죽, 가방 및 유사제품 제조업","피혁 제조,도매,무역,부동산임대",1989-12-14,12월,"정재형,박지호,김진환",http://www.uni-chem.net,경기도,유니켐
유니퀘스트,77500,077500.KS,KOSPI,기계장비 및 관련 물품 도매업,"반도체직접회로 도매,무역,제조",2004-08-05,12월,앤드류김,http://www.uniquest.co.kr,경기도,유니퀘스트
유니크,11320,011320.KQ,KOSDAQ,자동차 신품 부품 제조업,"EGR밸브, 유압솔레노이드밸브, 퓨얼벤트밸브, 퓨얼컷트밸브, 체크밸브, 케니스타 등",1993-12-29,12월,안정구,http://www.unick.co.kr,경상남도,유니크
유니테스트,86390,086390.KQ,KOSDAQ,특수 목적용 기계 제조업,"반도체메모리주검사장비생산(메모리컴포넌트테스터,메모리모듈테스트)",2006-12-05,12월,"김종현, 안수홍",http://www.uni-test.com,경기도,유니테스트
유니테크노,241690,241690.KQ,KOSDAQ,자동차 신품 부품 제조업,"자동차 부품, 전기차 부품, 배터리 셀케이스, ESS 배터리 모듈, SBW 및 EPB, EPS 전동화 부품",2016-09-20,12월,"이좌영, 이시은, 이민규(공동대표)",http://www.unitekno.co.kr,부산광역시,유니테크노
유니트론텍,142210,142210.KQ,KOSDAQ,자동차 부품 및 내장품 판매업,"메모리/비메모리반도체, 디스플레이 모듈",2016-02-02,12월,남궁선,http://www.unitrontech.com,서울특별시,유니트론텍
유니포인트,121060,121060.KQ,KONEX,"컴퓨터 프로그래밍, 시스템 통합 및 관리업","소프트웨어 개발, 도소매컴퓨터시스템 설계, 자문",2014-10-24,12월,"안국필, 정우천(공동대표이사)",http://www.unipoint.co.kr,경기도,유니포인트
유디엠텍,389680,389680.KQ,KOSDAQ,소프트웨어 개발 및 공급업,"PLC eXpert, OPTRA Black-box, OPTRA Tracker",2024-11-20,12월,왕지남,http://www.udmtek.com,경기도,유디엠텍
유라클,88340,088340.KQ,KOSDAQ,소프트웨어 개발 및 공급업,모바일 앱 개발 플랫폼,2024-08-16,12월,조준희,http://www.uracle.co.kr,서울특별시,유라클
유라테크,48430,048430.KQ,KOSDAQ,"전동기, 발전기 및 전기 변환 · 공급 · 제어 장치 제조업","점화코일, 스파크플러그",2001-01-11,12월,엄대열,http://www.yuratech.co.kr,세종특별자치시,유라테크
유바이오로직스,206650,206650.KQ,KOSDAQ,의약품 제조업,"경구용 콜레라 백신, 바이오의약품 수탁 연구 및 제조",2017-01-24,12월,"백영옥,허태영(공동대표이사)",http://www.eubiologics.com,서울특별시,유바이오로직스
유비벨록스,89850,089850.KQ,KOSDAQ,소프트웨어 개발 및 공급업,"모바일플랫폼 및 모바일솔루션, 스마트카드 등",2010-06-18,12월,이흥복,http://www.veloxsoft.com,서울특별시,유비벨록스
유비씨,495810,495810.KQ,KONEX,소프트웨어 개발 및 공급업,"디지털트윈 구현 플랫폼(Flexing CPS, Flexing DT 등)",2024-12-23,12월,조규종,http://uvc.co.kr,경기도,유비씨
유비온,84440,084440.KQ,KOSDAQ,소프트웨어 개발 및 공급업,학습관리시스템 등 에듀테크 플랫폼 (코스모스) 및 교육서비스,2022-11-18,09월,임재환,http://www.ubion.co.kr,서울특별시,유비온
유비케어,32620,032620.KQ,KOSDAQ,소프트웨어 개발 및 공급업,"의사랑,유팜,미소몰",1997-05-02,12월,김진태 대표이사,http://www.ubcare.co.kr,서울특별시,유비케어
유비쿼스,264450,264450.KQ,KOSDAQ,통신 및 방송 장비 제조업,"스위치, FTTH",2017-03-31,12월,"이상근, 이정길(공동대표)",http://www.ubiquoss.com,경기도,유비쿼스
유비쿼스홀딩스,78070,078070.KQ,KOSDAQ,기타 금융업,"지주회사, 자회사관리, 부동산임대",2009-01-23,12월,이상근,http://www.ubiquoss.com,경기도,유비쿼스홀딩스
유성기업,2920,002920.KS,KOSPI,자동차 신품 부품 제조업,"철도차량부품(피스턴링,실린더라이너,발브가이드,타펫트),자동차부품,주강,주물 제조,판매",1988-10-10,12월,류현석(대표이사),http://www.ypr.co.kr,충청남도,유성기업
유성티엔에스,24800,024800.KQ,KOSDAQ,육상 여객 운송업,"운송,C형강,차량정비",1999-12-10,12월,김원철,http://www.yoosungtns.co.kr,서울특별시,유성티엔에스
유수홀딩스,700,000700.KS,KOSPI,회사 본부 및 경영 컨설팅 서비스업,지주사업,1956-03-03,12월,송영규,http://www.eusu-holdings.com,서울특별시,유수홀딩스
유신,54930,054930.KQ,KOSDAQ,"건축기술, 엔지니어링 및 관련 기술 서비스업",토목설계 및 감리,2002-01-15,12월,"박석성, 전경수, 장학성",http://www.yooshin.co.kr,서울특별시,유신
유아이디,69330,069330.KQ,KOSDAQ,전자부품 제조업,"ITO COATING, GLASS LAMINATION",2003-08-18,12월,박종수 (대표이사),http://www.uidkorea.co.kr,충청북도,유아이디
유아이엘,49520,049520.KQ,KOSDAQ,전자부품 제조업,"스마트폰 기구부품(키버튼,금속부품,부자재,악세서리 등)",2001-08-02,12월,김시균,http://www.e-uil.com,경기도,유아이엘
유안타제10호스팩,435380,435380.KQ,KOSDAQ,금융 지원 서비스업,기업인수목적회사,2022-10-06,12월,고민호,,서울특별시,유안타제10호스팩
유안타제11호스팩,444920,444920.KQ,KOSDAQ,금융 지원 서비스업,금융 지원 서비스업,2023-09-01,12월,임원현,,서울특별시,유안타제11호스팩
유안타제12호스팩,446150,446150.KQ,KOSDAQ,금융 지원 서비스업,기업인수합병,2023-03-17,12월,장선호,,서울특별시,유안타제12호스팩
유안타제13호스팩,449020,449020.KQ,KOSDAQ,금융 지원 서비스업,금융 지원 서비스,2023-02-28,12월,이현범,,서울특별시,유안타제13호스팩
유안타제14호스팩,450940,450940.KQ,KOSDAQ,금융 지원 서비스업,금융 지원 서비스,2023-07-27,12월,엄수열,,서울특별시,유안타제14호스팩
유안타제15호스팩,473050,473050.KQ,KOSDAQ,금융 지원 서비스업,금융 지원 서비스,2024-02-29,12월,구태훈,,서울특별시,유안타제15호스팩
유안타제16호스팩,474490,474490.KQ,KOSDAQ,금융 지원 서비스업,금융 지원 서비스(기업인수목적회사),2024-05-02,12월,박병권,,서울특별시,유안타제16호스팩
유안타제17호스팩,493790,493790.KQ,KOSDAQ,금융 지원 서비스업,금융 지원 서비스업,2025-01-23,12월,윤원도,,서울특별시,유안타제17호스팩
유안타증권,3470,003470.KS,KOSPI,금융 지원 서비스업,"유가증권 매매,중개,대리,인수",1988-01-21,12월,뤄즈펑,http://www.yuantakorea.com,서울특별시,유안타증권
유에스티,263770,263770.KQ,KOSDAQ,1차 철강 제조업,스테인레스강관,2017-04-06,12월,김종식,http://www.u-st.co.kr,경상북도,유에스티
유엑스엔,337840,337840.KQ,KONEX,의료용 기기 제조업,"혈당센서, 혈당측정기",2019-11-28,12월,박세진,http://uxn.co.kr,경기도,유엑스엔
유엔젤,72130,072130.KS,KOSPI,"자료처리, 호스팅, 포털 및 기타 인터넷 정보매개 서비스업","소프트웨어(무선인터넷 솔루션,ASP통신사업자용 지능망솔루션 및 단문메세지센터) 개발,공급",2003-07-01,12월,유지원,http://www.uangel.com,경기도,유엔젤
유유제약,220,000220.KS,KOSPI,의약품 제조업,"의약품 제조,판매",1975-11-18,12월,"유원상, 박노용(각자대표)",http://www.yuyu.co.kr,충청북도,유유제약
유일로보틱스,388720,388720.KQ,KOSDAQ,특수 목적용 기계 제조업,"취출로봇, 사출장비 및 자동화시스템",2022-03-18,12월,김동헌,http://www.yuilrobotics.com,인천광역시,유일로보틱스
유일에너테크,340930,340930.KQ,KOSDAQ,특수 목적용 기계 제조업,2차전지 제조장비,2021-02-25,12월,정연길,http://www.youilet.com,경기도,유일에너테크
유진기업,23410,023410.KQ,KOSDAQ,"시멘트, 석회, 플라스터 및 그 제품 제조업",레미콘,1994-10-07,12월,최재호,http://www.eugenes.co.kr,경기도,유진기업
유진로봇,56080,056080.KQ,KOSDAQ,특수 목적용 기계 제조업,"청소로봇, 완구류외",2001-11-13,12월,박성주,http://www.yujinrobot.com,인천광역시,유진로봇
유진스팩10호,468760,468760.KQ,KOSDAQ,금융 지원 서비스업,기업인수합병,2024-02-29,12월,김동진,,서울특별시,유진스팩10호
유진스팩11호,488060,488060.KQ,KOSDAQ,금융 지원 서비스업,기업인수합병,2024-10-31,12월,박홍식,,서울특별시,유진스팩11호
유진스팩9호,442130,442130.KQ,KOSDAQ,금융 지원 서비스업,기업인수합병,2022-12-01,12월,박근진,http://eugenespac9.com,서울특별시,유진스팩9호
유진증권,1200,001200.KS,KOSPI,금융 지원 서비스업,"유가증권 매매,중개,인수",1987-08-24,12월,"유창수, 고경모(각자 대표)",http://www.eugenefn.com,서울특별시,유진증권
유진테크,84370,084370.KQ,KOSDAQ,특수 목적용 기계 제조업,실리콘질화막증착용LP-CVD,2006-01-17,12월,"엄평용, 신승우 (각자 대표이사)",http://www.eugenetech.co.kr,경기도,유진테크
유진테크놀로지,240600,240600.KQ,KOSDAQ,기타 금속 가공제품 제조업,이차전지 정밀금형 외,2023-11-02,12월,"여현국, 이미연",http://www.yujintechnology.com,충청북도,유진테크놀로지
유투바이오,221800,221800.KQ,KOSDAQ,기타 과학기술 서비스업,"체외진단검사서비스, 의료IT솔루션",2023-11-02,12월,김진태,http://www.u2bio.com,서울특별시,유투바이오
유티아이,179900,179900.KQ,KOSDAQ,전자부품 제조업,카메라 윈도우,2017-09-27,12월,박덕영,http://www.utikorea.com,충청남도,유티아이
유틸렉스,263050,263050.KQ,KOSDAQ,기초 의약물질 제조업,"면역항암 세포치료제, 면역항암 항체치료제",2018-12-24,12월,"권병세, 유연호 (공동대표이사)",http://www.eutilex.com,서울특별시,유틸렉스
유한양행,100,000100.KS,KOSPI,의약품 제조업,"의약품(삐콤씨, 안티푸라민, 렉라자, 로수바미브, 코푸시럽 등), 생활용품(유한락스, 해피홈, 유한젠), 동물약품",1962-11-01,12월,대표이사 조욱제,http://www.yuhan.co.kr,서울특별시,유한양행
유화증권,3460,003460.KS,KOSPI,금융 지원 서비스업,증권업,1987-08-24,12월,서태영,http://www.yhs.co.kr,서울특별시,유화증권
육일씨엔에쓰,191410,191410.KQ,KOSDAQ,전자부품 제조업,IT용 Cover Glass,2015-12-24,12월,구자옥,http://www.61cns.co.kr,서울특별시,육일씨엔에쓰
윤성에프앤씨,372170,372170.KQ,KOSDAQ,특수 목적용 기계 제조업,2차전지용 믹싱시스템,2022-11-14,12월,박치영,http://www.ysfc.co.kr,경기도,윤성에프앤씨
율촌,146060,146060.KQ,KOSDAQ,1차 철강 제조업,냉간인발강관(파이프),2023-09-08,12월,"이흥해, 이인호",http://www.ycpipe.com,경기도,율촌
율촌화학,8730,008730.KS,KOSPI,플라스틱제품 제조업,"연포장재,필름,골판지상자,합성수지,플라스틱일반성형제품 제조",1988-08-30,12월,"송녹정,신동윤",http://www.youlchon.com,서울특별시,율촌화학
율호,72770,072770.KQ,KOSDAQ,"컴퓨터 프로그래밍, 시스템 통합 및 관리업",무선인터넷플랫폼,2007-07-25,12월,이정남,http://www.neodian.co.kr,서울특별시,율호
이건산업,8250,008250.KS,KOSPI,나무제품 제조업,"컨테이너용합판,목재 파렛트,프레스우드 파렛트,가공목재,제재목 제조/부동산 임대",1988-10-21,12월,백오현,http://www.eagon.com,인천광역시,이건산업
이건홀딩스,39020,039020.KQ,KOSDAQ,제재 및 목재 가공업,창호,2000-05-04,12월,"박승준, 이길수 각자대표이사",http://www.eagon.com,인천광역시,이건홀딩스
이구산업,25820,025820.KS,KOSPI,1차 비철금속 제조업,"동판.조,황동판.조,인청동판.조 제조,임가공/부동산 임대",1995-08-18,12월,"안월환, 김영길(각자 대표이사)",http://www.leeku.net,경기도,이구산업
이글루,67920,067920.KQ,KOSDAQ,기타 정보 서비스업,"통합보안관리솔루션, 보안관제서비스",2010-08-04,12월,이득춘,http://igloo.co.kr,서울특별시,이글루
이글벳,44960,044960.KQ,KOSDAQ,기타 전문 도매업,"아바텍,아목사실린사 등",2000-11-16,12월,"강승조, 강태성(각자 대표이사)",http://www.eaglevet.com,충청남도,이글벳
이노뎁,303530,303530.KQ,KOSDAQ,소프트웨어 개발 및 공급업,영상인식 및 데이터플랫폼 솔루션,2021-06-18,12월,이성진,http://innodep.co.kr,서울특별시,이노뎁
이노룰스,296640,296640.KQ,KOSDAQ,소프트웨어 개발 및 공급업,"InnoRules, InnoProduct",2022-10-07,12월,"심현섭, 장인수(공동대표이사)",http://innorules.com,서울특별시,이노룰스
이노메트리,302430,302430.KQ,KOSDAQ,특수 목적용 기계 제조업,엑스레이검사 장비,2018-12-12,12월,이갑수,http://www.innometry.com,경기도,이노메트리
이노벡스,279060,279060.KQ,KONEX,"측정, 시험, 항해, 제어 및 기타 정밀기기 제조업; 광학기기 제외","2차전지활성화공정장비, TAS(지하철터널내영상광고장치), WING TV(회전식 LED바를 이용한 영상광고장치)",2019-04-12,12월,채균,http://www.innovex.co.kr,경기도,이노벡스
이노션,214320,214320.KS,KOSPI,광고업,광고대행 및 광고물의 제작 등,2015-07-17,12월,이용우,http://www.innocean.com,서울특별시,이노션
이노스페이스,462350,462350.KQ,KOSDAQ,"항공기,우주선 및 부품 제조업","소형발사체, 로켓추진기관, 과학로켓, 시험평가용역",2024-07-02,12월,김수종,http://www.innospc.com,세종특별자치시,이노스페이스
이노시뮬레이션,274400,274400.KQ,KOSDAQ,소프트웨어 개발 및 공급업,"스마트 모빌리티 시뮬레이터, XR 가상훈련 시스템 등",2023-07-06,12월,조준희,http://www.innosim.com,서울특별시,이노시뮬레이션
이노와이어리스,73490,073490.KQ,KOSDAQ,통신 및 방송 장비 제조업,통신용 시험 및 계측장비,2005-02-04,12월,곽영수,http://www.innowireless.co.kr,경기도,이노와이어리스
이노인스트루먼트,215790,215790.KQ,KOSDAQ,통신 및 방송 장비 제조업,기업 인수 합병,2015-05-08,12월,한혁,http://www.innoinstrument.com,인천광역시,이노인스트루먼트
이노진,344860,344860.KQ,KOSDAQ,기타 화학제품 제조업,"탈모케어제품(볼빅), 피부케어제품(Dr.메디션)",2023-02-20,12월,이광훈,http://www.innogene.com,서울특별시,이노진
이녹스,88390,088390.KQ,KOSDAQ,그외 기타 운송장비 제조업,지주업,2006-10-20,12월,박정진,http://www.innoxcorp.com,충청남도,이녹스
이녹스첨단소재,272290,272290.KQ,KOSDAQ GLOBAL,전자부품 제조업,"FPCB소재, 반도체 및 디스플레이 소재",2017-07-10,12월,"장경호, 강정태(각자 대표이사)",http://www.innoxamc.com,충청남도,이녹스첨단소재
이니텍,53350,053350.KQ,KOSDAQ,소프트웨어 개발 및 공급업,정보보안 및 인증솔루션,2001-11-15,12월,옥성환,http://www.initech.com,서울특별시,이니텍
이닉스,452400,452400.KQ,KOSDAQ,자동차 신품 부품 제조업,2차전지용 배터리셀 패드 등,2024-02-01,12월,강동호.김정득(각자 대표이사),http://www.inics.kr,부산광역시,이닉스
이랜시스,264850,264850.KQ,KOSDAQ,전자부품 제조업,비데도어락부품,2017-06-01,12월,심재귀,http://www.elensys.co.kr,인천광역시,이랜시스
이랜텍,54210,054210.KQ,KOSDAQ,전자부품 제조업,Battery Pack,2002-05-09,12월,"이세용,이해성(각자대표이사)",http://www.elentec.co.kr,경기도,이랜텍
이렘,9730,009730.KQ,KOSDAQ,1차 철강 제조업,"스테인리스파이프, 선박용배관제작",1990-07-27,12월,김우진,http://www.kossen.co.kr,전북특별자치도,이렘
이루온,65440,065440.KQ,KOSDAQ,소프트웨어 개발 및 공급업,이동통신 핵심망 및 서비스망 솔루션 개발 공급,2003-01-28,12월,"이승구, 이영성 (각자 대표이사)",http://eluon.com,경기도,이루온
이리츠코크렙,88260,088260.KS,KOSPI,부동산 임대 및 공급업,부동산투자회사,2018-06-27,06월,김영규,http://www.koramco.co.kr,서울특별시,이리츠코크렙
이마트,139480,139480.KS,KOSPI,종합 소매업,대형마트,2011-06-10,12월,한채양,http://emartcompany.com/ko/main.do,서울특별시,이마트
이미지스,115610,115610.KQ,KOSDAQ,반도체 제조업,"터치스크린칩, 햅틱칩",2010-02-26,12월,김정철,http://imagis.co.kr,경기도,이미지스
이베스트스팩6호,478110,478110.KQ,KOSDAQ,금융 지원 서비스업,기업인수목적 주식회사,2024-07-12,12월,박용,,서울특별시,이베스트스팩6호
이브이첨단소재,131400,131400.KQ,KOSDAQ,전자부품 제조업,연성회로기판,2010-12-27,12월,최동락,http://www.actfpc.com,대구광역시,이브이첨단소재
이비테크,208850,208850.KQ,KONEX,기타 전기장비 제조업,전자가속기 제조 및 전자선조사서비스,2016-06-22,12월,강원구,http://www.eb-tech.com,대전광역시,이비테크
이삭엔지니어링,351330,351330.KQ,KOSDAQ,"컴퓨터 프로그래밍, 시스템 통합 및 관리업",공장자동화 설비제어,2021-04-21,12월,"김창수, 김범수",http://isaac-eng.com,경기도,이삭엔지니어링
이상네트웍스,80010,080010.KQ,KOSDAQ,상품 중개업,기업간전자상거래서비스,2005-09-30,12월,"조원표, 이상택(공동대표이사)",http://www.e-sang.net,서울특별시,이상네트웍스
이성씨엔아이,379390,379390.KQ,KONEX,"건축기술, 엔지니어링 및 관련 기술 서비스업",원자력발전소 계측제어 서비스(경상정비),2021-06-04,12월,"박기선, 이명춘",http://www.iscni.co.kr,부산광역시,이성씨엔아이
이수스페셜티케미컬,457190,457190.KS,KOSPI,기초 화학물질 제조업,석유화학제품 및 정밀화학제품,2023-05-31,12월,류승호,http://www.isuspecialtychemical.com,서울특별시,이수스페셜티케미컬
이수앱지스,86890,086890.KQ,KOSDAQ,의료용품 및 기타 의약 관련제품 제조업,"항체치료제,효소치료제",2009-02-03,12월,유준수,http://www.abxis.com,경기도,이수앱지스
이수페타시스,7660,007660.KS,KOSPI,전자부품 제조업,"P.C.B(인쇄회로기판),M.L.B 제조",2003-10-07,12월,최창복,http://www.petasys.com,대구광역시,이수페타시스
이수화학,5950,005950.KS,KOSPI,기초 화학물질 제조업,"등유,알킬벤젠,윤활유,노말파라핀 제조,도매",1988-04-28,12월,"김동민, 주봉진",http://www.isuchemical.co.kr,서울특별시,이수화학
이스타코,15020,015020.KS,KOSPI,부동산 임대 및 공급업,부동산 분양/입시학원 운영,1988-12-23,12월,"김승제,김동현(각자대표)",http://www.e-starco.co.kr,서울특별시,이스타코
이스트소프트,47560,047560.KQ,KOSDAQ,소프트웨어 개발 및 공급업,"온라인게임(카발온라인),알툴즈S/W,스토리지S/W",2008-07-01,12월,정상원,http://www.estsoft.co.kr,서울특별시,이스트소프트
이스트아시아홀딩스,900110,900110.KQ,KOSDAQ,기타 금융업,"스포츠화, 스포츠의류",2010-04-23,12월,"정강위, 정소영",http://www.qiuzhi.com,홍콩,이스트아시아홀딩스
이스트에이드,239340,239340.KQ,KOSDAQ,"자료처리, 호스팅, 포털 및 기타 인터넷 정보매개 서비스업","줌닷컴, 뉴썸 등",2016-06-09,12월,김남현,http://www.zuminternet.com,서울특별시,이스트에이드
이씨에스,67010,067010.KQ,KOSDAQ,"컴퓨터 프로그래밍, 시스템 통합 및 관리업","컨택센터용교환시스템,업무용교환시스템",2007-12-18,03월,현해남,http://www.ecstel.co.kr,서울특별시,이씨에스
이아이디,93230,093230.KS,KOSPI,기타 전문 도매업,"무선통신기기부품,전시용 핸드폰모형기(ADM) 제조",2007-11-01,12월,신정희,http://www.eid21.co.kr,경기도,이아이디
이앤에치,341310,341310.KQ,KONEX,기타 섬유제품 제조업,"미세먼지용 HEPA 소재, 차량용 캐빈필터소재, 마스크용 소재",2019-12-27,12월,"김정운, 유병덕(공동 대표이사)",http://www.hepabest.com,경기도,이앤에치
이에이트,418620,418620.KQ,KOSDAQ,소프트웨어 개발 및 공급업,"CFD 시뮬레이션 소프트웨어, 디지털트윈 플랫폼",2024-02-23,12월,김진현,http://e8ight.co.kr,서울특별시,이에이트
이엔셀,456070,456070.KQ,KOSDAQ,기초 의약물질 제조업,"첨단바이오의약품 위탁개발생산(CDMO) 서비스 / 차세대 세포,유전자 치료제",2024-08-23,12월,장종욱,http://www.encellinc.com,서울특별시,이엔셀
이엔에프테크놀로지,102710,102710.KQ,KOSDAQ,기타 화학제품 제조업,LCD/반도체용 케미칼,2009-05-28,12월,"지용석,김정수,박기수(각자대표)",http://www.enftech.com,경기도,이엔에프테크놀로지
이엔플러스,74610,074610.KS,KOSPI,일반 목적용 기계 제조업,소방자동차 제조,2003-12-23,12월,최용인,http://www.en3.co.kr,경기도,이엔플러스
이엘씨,41520,041520.KQ,KOSDAQ,상품 중개업,반도체장비용 유량계와 유량 제어장치,2003-07-04,12월,김성익,http://www.elckor.com,충청남도,이엘씨
이엘피,63760,063760.KQ,KOSDAQ,"측정, 시험, 항해, 제어 및 기타 정밀기기 제조업; 광학기기 제외",OLED 패널검사기 등,2017-04-06,12월,이재혁,http://www.elp.co.kr,경기도,이엘피
이엠넷,123570,123570.KQ,KOSDAQ,광고업,온라인 검색광고 대행,2011-11-25,12월,김영원,http://www.emnet.co.kr,서울특별시,이엠넷
이엠앤아이,83470,083470.KQ,KOSDAQ,기초 화학물질 제조업,OLED 유무기 소재 개발 및 판매,2008-09-18,12월,대표이사 고창훈,http://emni.co.kr,경기도,이엠앤아이
이엠코리아,95190,095190.KQ,KOSDAQ,기타 금속 가공제품 제조업,CNC공작기계등,2007-10-29,12월,배진기,http://www.yesemk.com,경상남도,이엠코리아
이엠텍,91120,091120.KQ,KOSDAQ,전자부품 제조업,"마이크로스피커,리시버",2007-05-02,12월,정승규,http://www.em-tech.co.kr,경상남도,이엠텍
이엠티,232530,232530.KQ,KONEX,일차전지 및 이차전지 제조업,이차전지 양극재용 전구체,2015-12-30,12월,유상열,http://www.emtcorp.com,충청북도,이엠티
이연제약,102460,102460.KS,KOSPI,의약품 제조업,"항생제,순환기제",2010-06-10,12월,"정순옥, 유용환 (각자 대표이사)",http://reyonpharm.co.kr,서울특별시,이연제약
이오테크닉스,39030,039030.KQ,KOSDAQ GLOBAL,특수 목적용 기계 제조업,레이저 마커 및 레이저 응용기기,2000-08-24,12월,"성규동,박종구(각자대표이사)",http://www.eotechnics.com,경기도,이오테크닉스
이오플로우,294090,294090.KQ,KOSDAQ,의료용 기기 제조업,웨어러블 인슐린펌프,2020-09-14,12월,김재진,http://www.eoflow.com,경기도,이오플로우
이원컴포텍,88290,088290.KQ,KOSDAQ,자동차 신품 부품 제조업,에어서스펜션 시트/일반고정형 시트/스프링서스펜션 시트,2009-12-01,12월,박주성,http://www.ewonseat.co.kr,전북특별자치도,이원컴포텍
이월드,84680,084680.KS,KOSPI,귀금속 및 장신용품 제조업,"놀이시설 운영,입장료,식음료 소매,부동산 임대",2005-07-26,12월,"방병순, 민혜정",http://www.eworld.kr,대구광역시,이월드
이지바이오,353810,353810.KQ,KOSDAQ,동물용 사료 및 조제식품 제조업,"자돈사료, 사료첨가제",2020-06-05,12월,"황일환, 김재원(각자대표)",http://www.easybio.co.kr,서울특별시,이지바이오
이지스레지던스리츠,350520,350520.KS,KOSPI,부동산 임대 및 공급업,"부동산투자, 취득, 매매, 임대",2020-08-05,06월,이승환,http://igisresidencereit.com,서울특별시,이지스레지던스리츠
이지스밸류플러스리츠,334890,334890.KS,KOSPI,부동산 임대 및 공급업,"부동산투자, 취득, 매매, 임대",2020-07-16,08월,도병운,http://www.igisvaluereit.com,서울특별시,이지스밸류플러스리츠
이지케어텍,99750,099750.KQ,KOSDAQ,소프트웨어 개발 및 공급업,의료정보시스템,2019-03-22,03월,홍우선,http://www.ezcaretech.com,서울특별시,이지케어텍
이지트로닉스,377330,377330.KQ,KOSDAQ,"전동기, 발전기 및 전기 변환 · 공급 · 제어 장치 제조업",전력변환장치,2022-02-04,12월,"강찬호, 강영석(공동대표이사)",http://www.egtronics.co.kr,경기도,이지트로닉스
이지홀딩스,35810,035810.KQ,KOSDAQ,동물용 사료 및 조제식품 제조업,지주회사,1999-11-23,12월,"지현욱,김충석(각자대표)",http://www.easyholdings.co.kr,서울특별시,이지홀딩스
이크레더블,92130,092130.KQ,KOSDAQ,기타 정보 서비스업,"전자신용인증서비스(정보),소프트웨어 개발",2008-10-24,12월,민영창,http://www.ecredible.co.kr,서울특별시,이크레더블
이트론,96040,096040.KQ,KOSDAQ,기타 전문 도매업,컴퓨터 및 주변장치 제조,2008-01-25,12월,이종보,http://www.e-trons.co.kr,서울특별시,이트론
이퓨쳐,134060,134060.KQ,KOSDAQ,"서적, 잡지 및 기타 인쇄물 출판업",Smart Phonics 등(외국어 어학교재),2011-04-27,12월,이기현,http://www.e-future.kr,서울특별시,이퓨쳐
이화공영,1840,001840.KQ,KOSDAQ,건물 건설업,도급공사,1994-11-23,12월,"최삼규,최종찬",http://www.ee-hwa.co.kr,서울특별시,이화공영
이화산업,760,000760.KS,KOSPI,기타 전문 도매업,"염료(반응성염료,분산염료,범용염료,직접염료,산성염료),염료화성품,합성수지,고무 도매,제조",1994-04-29,12월,홍성우,http://www.rifa.co.kr,서울특별시,이화산업
이화전기,24810,024810.KQ,KOSDAQ,"전동기, 발전기 및 전기 변환 · 공급 · 제어 장치 제조업",무정전전원공급장치,1994-12-29,12월,위종묵,http://www.eti21.com,서울특별시,이화전기
인디에프,14990,014990.KS,KOSPI,봉제의복 제조업,"여성의류,남성의류,캐쥬얼웨어 제조",1989-06-20,12월,손수근,http://www.inthef.co.kr,서울특별시,인디에프
인바디,41830,041830.KQ,KOSDAQ,의료용 기기 제조업,정밀 체성분 분석기,2000-12-14,12월,차기철 (단독대표),http://www.inbody.com,서울특별시,인바디
인바이오,352940,352940.KQ,KOSDAQ,"비료, 농약 및 살균, 살충제 제조업","살균제, 살충제, 제초제 등",2020-12-11,12월,이명재,http://enbio.co.kr,경기도,인바이오
인바이오젠,101140,101140.KS,KOSPI,기계장비 및 관련 물품 도매업,"신발,의류,스포츠용품 도매,제조",2008-04-02,12월,강지연,http://www.inbiogen.co.kr,서울특별시,인바이오젠
인바이츠바이오코아,216400,216400.KQ,KONEX,자연과학 및 공학 연구개발업,"CRO(분석/생동/임상) 서비스, 유전체 분석 및 유전체 분석제품 개발 등",2015-06-29,12월,"신승수, 양성우 (공동대표)",http://www.bio-core.com,서울특별시,인바이츠바이오코아
인베니아,79950,079950.KQ,KOSDAQ,특수 목적용 기계 제조업,"Dry Etcher, 진공합착기, LCD Panel 검사장비, OLED용 진공합착기",2005-02-04,12월,구동범,http://www.inveniacorp.com,경기도,인베니아
인벤티지랩,389470,389470.KQ,KOSDAQ,자연과학 및 공학 연구개발업,마이크로/나노 입자 기반 약물전달 플랫폼 및 관련 제품,2022-11-22,12월,김주희,http://www.inventagelab.com,경기도,인벤티지랩
인산가,277410,277410.KQ,KOSDAQ,기타 식품 제조업,죽염 및 죽염응용식품,2017-09-29,12월,김윤세,http://www.insanga.co.kr,경상남도,인산가
인선이엔티,60150,060150.KQ,KOSDAQ,폐기물 처리업,건축폐기물처리,2002-06-14,12월,김충환,http://www.insun.co.kr,경기도,인선이엔티
인성정보,33230,033230.KQ,KOSDAQ,"컴퓨터 프로그래밍, 시스템 통합 및 관리업",넷트워크 관련 장비 및 솔루션,1999-07-30,12월,"원종윤, 조승필",http://www.insunginfo.co.kr,서울특별시,인성정보
인스웨이브시스템즈,450520,450520.KQ,KOSDAQ,소프트웨어 개발 및 공급업,"UI/UX 개발 솔루션, 엔터프라이즈 DX 솔루션, 금융 단말 솔루션 등",2023-09-25,12월,어세룡,http://www.inswave.com,서울특별시,인스웨이브시스템즈
인스코비,6490,006490.KS,KOSPI,전기 통신업,"시계,스마트그리드,도소매,소프트웨어개발",1985-01-17,12월,"유인수, 구자갑 (각자 대표이사)",http://www.inscobee.com,서울특별시,인스코비
인스피언,465480,465480.KQ,KOSDAQ,소프트웨어 개발 및 공급업,"SAP 보안 솔루션, SAP PO/CPI 컨설팅, EDI SaaS 플랫폼",2024-10-18,12월,최정규,http://www.inspien.co.kr,서울특별시,인스피언
인지디스플레,37330,037330.KQ,KOSDAQ,전자부품 제조업,"TFT-LCDCHASSIS,TFT-LCDLAMPREFLECTOR,ICLEADFRAME,TRLEADFRAME",1999-12-14,12월,"정구용,정혜승,배학범",http://www.inzidisplay.co.kr,경기도,인지디스플레
인지소프트,100030,100030.KQ,KOSDAQ,소프트웨어 개발 및 공급업,"금융솔루션,동기화솔루션",2010-05-25,12월,정정기,http://inzisoft.com,서울특별시,인지소프트
인지컨트롤스,23800,023800.KS,KOSPI,자동차 신품 부품 제조업,"자동차부품(터머스위치,터머스탯) 제조",1997-06-23,12월,"정구용, 정혜승 각자 대표이사",http://www.inzi.co.kr,경기도,인지컨트롤스
인천도시가스,34590,034590.KS,KOSPI,연료용 가스 제조 및 배관공급업,도시가스 공급/가스설비공사,2006-11-07,12월,정진혁,http://www.icgas.co.kr,인천광역시,인천도시가스
인카금융서비스,211050,211050.KQ,KOSDAQ,보험 및 연금관련 서비스업,보험 판매,2022-02-16,12월,"최병채, 천대권(각자대표이사)",http://www.incar.co.kr,서울특별시,인카금융서비스
인콘,83640,083640.KQ,KOSDAQ,상품 종합 도매업,영상보안장비 및 영상보안솔루션,2005-12-27,12월,박종진,http://www.incon.kr,경기도,인콘
인크레더블버즈,64090,064090.KQ,KOSDAQ,상품 종합 도매업,"Jayjun, Nerdy 외",2002-12-17,12월,임신영,http://www.fnrepublic.com,서울특별시,인크레더블버즈
인크로스,216050,216050.KQ,KOSDAQ,광고업,미디어렙서비스,2016-10-31,12월,손윤정,http://www.incross.com,서울특별시,인크로스
인탑스,49070,049070.KQ,KOSDAQ,통신 및 방송 장비 제조업,"휴대용단말기 부품, 가전 부품, 자동차 부품, 의료기기 제품, 로봇 관련 제품 제조 등",2002-02-21,12월,김근하,http://WWW.INTOPS.CO.KR,경기도,인탑스
인터로조,119610,119610.KQ,KOSDAQ,의료용 기기 제조업,"콘텍트렌즈(소프트렌즈, 원데이렌즈, 하드렌즈 등)",2010-07-28,12월,노시철,http://interojo.com,경기도,인터로조
인터엠,17250,017250.KQ,KOSDAQ,영상 및 음향기기 제조업,음향기기,1996-01-03,09월,조남용,http://www.inter-m.co.kr,경기도,인터엠
인터지스,129260,129260.KS,KOSPI,도로 화물 운송업,"화물운송,알선,하역",2011-12-16,12월,박동호,http://www.intergis.co.kr,부산광역시,인터지스
인터플렉스,51370,051370.KQ,KOSDAQ,전자부품 제조업,연성회로기판(Flexible PCB),2003-01-22,12월,신일운,http://www.interflex.co.kr,경기도,인터플렉스
인텍플러스,64290,064290.KQ,KOSDAQ,특수 목적용 기계 제조업,"LED 외관검사장비, 반도체 외관검사장비, 태양전지 외관검사장비등",2011-01-05,12월,이상윤,http://www.intekplus.com,대전광역시,인텍플러스
인텔리안테크,189300,189300.KQ,KOSDAQ,통신 및 방송 장비 제조업,"위성통신 안테나, 해상용 위성방송 수신안테나",2016-10-18,12월,성상엽,http://www.intelliantech.com,경기도,인텔리안테크
인트로메딕,150840,150840.KQ,KOSDAQ,의료용 기기 제조업,"캡슐내시경, 일회용 연성내시경",2013-12-19,12월,"박천명, 조용석 (각자대표이사)",http://www.intromedic.co.kr,서울특별시,인트로메딕
인트론바이오,48530,048530.KQ,KOSDAQ,기초 의약물질 제조업,"바이오 신약, 분자진단제품, 동물용항생제대체재",2011-01-26,12월,"윤성준, 윤경원(각자대표)",http://www.intron.co.kr,경기도,인트론바이오
인팩,23810,023810.KS,KOSPI,자동차 신품 부품 제조업,"자동차용 케이블,전자정보통신관련기기 제조,도매",2004-09-21,12월,"최웅선,최장돈",http://www.infac.com,서울특별시,인팩
인포바인,115310,115310.KQ,KOSDAQ,전기 통신업,휴대폰인증서보관서비스(UBIKey),2010-02-09,12월,권 성 준,http://www.infovine.co.kr,서울특별시,인포바인
인포뱅크,39290,039290.KQ,KOSDAQ,기타 정보 서비스업,"모바일메시징서비스,휴대폰단말기용S/W개발용역",2006-07-04,12월,박태형,http://www.infobank.net,경기도,인포뱅크
인피니트헬스케어,71200,071200.KQ,KOSDAQ,소프트웨어 개발 및 공급업,의료영상저장전송시스템(PACS),2010-05-26,12월,"홍기태, 이원용 (공동대표이사)",http://infinitt.com,서울특별시,인피니트헬스케어
인화정공,101930,101930.KQ,KOSDAQ,선박 및 보트 건조업,선박엔진부품,2010-10-22,12월,이인,http://www.ihpre.co.kr,경상남도,인화정공
일동제약,249420,249420.KS,KOSPI,의약품 제조업,"아로나민, 후루마린, 큐란, 라비에트, 사미온 등",2016-08-31,12월,윤웅섭,http://www.ildong.com,서울특별시,일동제약
일동홀딩스,230,000230.KS,KOSPI,의약품 제조업,"의약품 제조,도매",1975-06-28,12월,박대창,http://www.ildong.com,서울특별시,일동홀딩스
일성건설,13360,013360.KS,KOSPI,토목 건설업,"건축공사,토목공사,전기공사",1989-12-02,12월,백종탁,http://www.ilsungconst.co.kr,경기도,일성건설
일성아이에스,3120,003120.KS,KOSPI,의약품 제조업,"의약품(항생제,화학료법제,항바이러스,근이완제,영양액륜) 제조,판매",1985-01-14,12월,윤석근,http://www.ilsung-ph.co.kr,서울특별시,일성아이에스
일승,333430,333430.KQ,KOSDAQ,선박 및 보트 건조업,환경장비,2019-11-06,12월,김성욱,http://ilseung.co.kr,부산광역시,일승
일신바이오,68330,068330.KQ,KOSDAQ,일반 목적용 기계 제조업,초저온냉동고및동결건조기,2007-12-26,12월,홍성대,http://www.1sbb.com,경기도,일신바이오
일신방직,3200,003200.KS,KOSPI,방적 및 가공사 제조업,"면사,P/C혼방사,P/C혼방직물,화섬사 제조,수출",1973-05-23,12월,김정수,http://www.ilshin.co.kr,서울특별시,일신방직
일신석재,7110,007110.KS,KOSPI,"건축자재, 철물 및 난방장치 도매업","건축석 제조,도소매/석공예,석공사",1986-03-04,12월,공동대표이사 조용철 공동대표이사 이용재,http://www.ilshinstone.co.kr,서울특별시,일신석재
일양약품,7570,007570.KS,KOSPI,의약품 제조업,"일반의약품(원비디,영비천,아진탈,디세텔,노루모산),항암제(베타-이뮤난),전문의약품 제조,판매,수출입",1974-08-28,12월,"김동연, 정유석",http://www.ilyang.co.kr,경기도,일양약품
일월지엠엘,178780,178780.KQ,KOSDAQ,상품 종합 도매업,전기 및 온수매트,2015-06-30,12월,"김영동, 이광모(각자대표이사)",http://www.ilwoulgml.co.kr,서울특별시,일월지엠엘
일정실업,8500,008500.KS,KOSPI,편조원단 제조업,"자동차시트원단,의류,완구직물 제조,염색가공",1994-08-12,12월,"고동수, 최돈호",http://www.iljeong.co.kr,경기도,일정실업
일지테크,19540,019540.KQ,KOSDAQ,자동차 신품 부품 제조업,"차체(라지에타, 팩케이지, 씨트 크로스, 대쉬 판넬)",1992-11-03,12월,"구본일,구준모(각자대표)",http://www.iljitech.co.kr,경상북도,일지테크
일진다이아,81000,081000.KS,KOSPI,기타 화학제품 제조업,"공업용 합성다이아몬드 제조,도매,수출입",2004-12-22,12월,이무영,http://www.iljindiamond.co.kr,충청북도,일진다이아
일진디스플,20760,020760.KS,KOSPI,반도체 제조업,"박막액정표시장치(TFT-LCD) 패널,LT(리튬탄탈에이트)웨이퍼,분말야금제품(초고압용공구),보석다이아몬드 제조,판매/종합건설",2002-01-09,12월,이우종,http://www.iljindisplay.co.kr,충청북도,일진디스플
일진전기,103590,103590.KS,KOSPI,절연선 및 케이블 제조업,,2008-08-01,12월,"황수, 유상석(각자 대표이사)",http://www.iljinelectric.co.kr,경기도,일진전기
일진파워,94820,094820.KQ,KOSDAQ,전기 및 통신 공사업,"열교환기,압력용기",2007-11-06,12월,이광섭,http://ijeng.com,울산광역시,일진파워
일진하이솔루스,271940,271940.KS,KOSPI,그외 기타 운송장비 제조업,"수소승용용기, 매연저감장치 등",2021-09-01,12월,양성모,http://hysolus.co.kr,전북특별자치도,일진하이솔루스
일진홀딩스,15860,015860.KS,KOSPI,기타 금융업,"전기산업용기기(개폐기,차단기,배전반),자동화시스템,자동차엔진부품,절연전선,금구류,고압선,저압선 제조,판매/전기공사,가스절연차단기",1990-03-22,12월,허정석,http://www.iljin.co.kr,경기도,일진홀딩스
잇츠한불,226320,226320.KS,KOSPI,기타 화학제품 제조업,"스킨케어 베이직, 포인트 메이크업, 스킨케어 스페셜, 베이스 메이크업 등",2015-12-28,12월,임진성,http://www.itshanbul.com,서울특별시,잇츠한불
잉글우드랩,950140,950140.KQ,KOSDAQ,기타 화학제품 제조업,화장품OEM·ODM,2016-10-14,12월,조현철,http://www.englewoodlab.com,미국,잉글우드랩
잉크테크,49550,049550.KQ,KOSDAQ,기타 화학제품 제조업,"잉크젯프린터용 잉크카트리지, 재충전 잉크",2002-02-28,12월,"정광춘, 김평수 (각자 대표이사)",http://kr.inktec.com,경기도,잉크테크
자람테크놀로지,389020,389020.KQ,KOSDAQ,반도체 제조업,"XGSPON, 기가와이어, 광트랜시버 등",2023-03-07,12월,백준현,http://zaram.com,경기도,자람테크놀로지
자비스,254120,254120.KQ,KOSDAQ,특수 목적용 기계 제조업,자동엑스레이검사장비,2016-12-02,12월,김형철,http://www.xavis.co.kr,경기도,자비스
자연과환경,43910,043910.KQ,KOSDAQ,"시멘트, 석회, 플라스터 및 그 제품 제조업","스테인레스파이프, 다공성식생블록,조경원예자재",2005-11-18,12월,이병용,http://www.e-nne.co.kr,충청남도,자연과환경
자이글,234920,234920.KQ,KOSDAQ,가정용 기기 제조업,적외선 가열 조리기,2016-09-06,12월,이진희,http://www.zaigle.com,서울특별시,자이글
자이언트스텝,289220,289220.KQ,KOSDAQ,"영화, 비디오물, 방송프로그램 제작 및 배급업","광고VFX, 영상VFX 및 리얼타임 콘텐츠 제작",2021-03-24,12월,"하승봉, 이지철",http://www.giantstep.co.kr,서울특별시,자이언트스텝
자이에스앤디,317400,317400.KS,KOSPI,부동산 임대 및 공급업,"부동산 관리, 정보통신 공사, 아파트 AS 및 옵션 제품 공급, 건축물 시공 및 분양",2019-11-06,12월,구본삼,http://www.xisnd.com,서울특별시,자이에스앤디
자화전자,33240,033240.KS,KOSPI,전자부품 제조업,"Bonded magenet,플라스틱자성제품,티탄산 바륨계 반도체소자,휴대전화용 Vibration Motor,전자관,전자부품 제조",1999-01-06,12월,"김상면, 김찬용(각자대표)",http://www.jahwa.co.kr,충청북도,자화전자
장원테크,174880,174880.KQ,KOSDAQ,통신 및 방송 장비 제조업,스마트폰 및 태블릿PC Bracket,2016-07-15,12월,임규택,http://jangwontech.net,경상북도,장원테크
재영솔루텍,49630,049630.KQ,KOSDAQ,사진장비 및 광학기기 제조업,플라스틱 사출금형,2003-01-24,12월,"김학권,김승재(각자 대표이사)",http://www.jysolutec.com,인천광역시,재영솔루텍
저스템,417840,417840.KQ,KOSDAQ,특수 목적용 기계 제조업,반도체 습도제어 System,2022-10-28,12월,임영진,http://www.justem.co.kr,경기도,저스템
전방,950,000950.KS,KOSPI,방적 및 가공사 제조업,"면사,면혼방사,마혼방사,화섬사,염색사,자수사,소모사,면직물,면혼방직물,화섬직물,특수가공직물 제조,판매,수출",1968-10-21,12월,조덕현,http://www.chonbang.co.kr,서울특별시,전방
전진건설로봇,79900,079900.KS,KOSPI,특수 목적용 기계 제조업,콘크리트 펌프카,2024-08-19,12월,고현국,http://www.junjin.com,충청북도,전진건설로봇
전진바이오팜,110020,110020.KQ,KOSDAQ,기타 화학제품 제조업,"방충방향제, 유해동물피해감소제, 기생충피해감소제",2018-12-14,12월,이태훈,http://www.jjbio.co.kr,대구광역시,전진바이오팜
정다운,208140,208140.KQ,KOSDAQ,"도축, 육류 가공 및 저장 처리업","통오리,정육,오리털,훈연육",2014-12-17,12월,이지훈,http://jungdawn.co.kr,전라남도,정다운
정상제이엘에스,40420,040420.KQ,KOSDAQ,일반 교습 학원,어학교육업,2000-08-01,12월,박정흠,http://www.gojls.com,서울특별시,정상제이엘에스
정원엔시스,45510,045510.KQ,KOSDAQ,기계장비 및 관련 물품 도매업,"SI(시스템통합) 관련 소프트웨어, 중.대형 고속 레이져 프린터",2000-09-07,12월,한덕희,http://www.zungwon.co.kr,서울특별시,정원엔시스
제너셈,217190,217190.KQ,KOSDAQ,특수 목적용 기계 제조업,반도체 후공정 장비,2015-09-25,12월,"한복우, 한기현",http://www.genesem.com,인천광역시,제너셈
제넥신,95700,095700.KQ,KOSDAQ,자연과학 및 공학 연구개발업,항체융합단백질 치료제 및 유전자치료 백신개발,2009-09-15,12월,"홍성준, 최재현",http://genexine.com,서울특별시,제넥신
제넨바이오,72520,072520.KQ,KOSDAQ,생활용품 도매업,휴대폰윈도우,2004-10-29,12월,황병호,http://gennbio.com,경기도,제넨바이오
제노레이,122310,122310.KQ,KOSDAQ,의료용 기기 제조업,의료용 방사선 진단기기,2018-05-28,12월,박병욱,http://www.genoray.com,경기도,제노레이
제노코,361390,361390.KQ,KOSDAQ,통신 및 방송 장비 제조업,"위성탑재체, 위성운용국, 항공전자 등",2021-03-24,12월,유태삼,http://www.genohco.com,경기도,제노코
제노텍,66830,066830.KQ,KONEX,기타 화학제품 제조업,"원료의약품, 합성유전자, 체외진단 분석기용 시약",2016-07-18,12월,김재종,http://www.genotech.co.kr,대전광역시,제노텍
제놀루션,225220,225220.KQ,KOSDAQ,기초 의약물질 제조업,"핵산추출기기 및 시약, RNAi 사업 등",2020-07-24,12월,김기옥,http://genolution.co.kr,서울특별시,제놀루션
제닉,123330,123330.KQ,KOSDAQ,기타 화학제품 제조업,"하이드로겔 마스크 팩, 기타화장품",2011-08-03,12월,허남,http://genic21.com,경기도,제닉
제닉스,381620,381620.KQ,KOSDAQ,특수 목적용 기계 제조업,"Stocker, AGV/AMR",2024-09-30,12월,배성관,http://www.zenixkorea.co.kr,충청남도,제닉스
제로투세븐,159580,159580.KQ,KOSDAQ,생활용품 도매업,유아동복 및 용품,2013-02-19,12월,박영욱,http://www.0to7.com,서울특별시,제로투세븐
제룡산업,147830,147830.KQ,KOSDAQ,"구조용 금속제품, 탱크 및 증기발생기 제조업",송배전 금구류 및 합성수지 제품,2012-02-13,12월,박종태,http://www.cheryong.co.kr,서울특별시,제룡산업
제룡전기,33100,033100.KQ,KOSDAQ,"전동기, 발전기 및 전기 변환 · 공급 · 제어 장치 제조업","송배전용금구류,변압기",1997-08-18,12월,박종태,http://www.cheryong.co.kr,서울특별시,제룡전기
제우스,79370,079370.KQ,KOSDAQ,특수 목적용 기계 제조업,LCD제조용장비,2006-02-01,12월,"이종우, 황하섭",http://www.globalzeus.com,경기도,제우스
제이브이엠,54950,054950.KQ,KOSDAQ,일반 목적용 기계 제조업,"전자동 정제,분류 및 포장시스템",2006-06-07,12월,이동환,http://www.myjvm.com,대구광역시,제이브이엠
제이스코홀딩스,23440,023440.KQ,KOSDAQ,1차 철강 제조업,"연강선재, 경강선재, CHQ외",1994-10-07,12월,한상민,http://www.jscoholdings.co.kr,경기도,제이스코홀딩스
제이스텍,90470,090470.KQ,KOSDAQ,특수 목적용 기계 제조업,기계장비(디스플레이장비),2007-01-10,12월,정재송,http://www.astjetec.co.kr,충청남도,제이스텍
제이씨케미칼,137950,137950.KQ,KOSDAQ,기타 화학제품 제조업,"바이오디젤, 바이오중유 등",2011-08-08,12월,"이윤희, 김의윤(공동대표이사)",http://www.jcchemical.co.kr,울산광역시,제이씨케미칼
제이씨현시스템,33320,033320.KQ,KOSDAQ,기계장비 및 관련 물품 도매업,"메인보드, 그래픽카드",1997-11-10,12월,차정헌,http://www.jchyun.com,서울특별시,제이씨현시스템
제이아이테크,417500,417500.KQ,KOSDAQ,기타 화학제품 제조업,반도체 프리커서 및 쿼츠/블랭크/포토마스크용 케이스,2022-11-04,12월,함석헌,http://www.ji-tech.co.kr,전북특별자치도,제이아이테크
제이알글로벌리츠,348950,348950.KS,KOSPI,부동산 임대 및 공급업,벨기에 파이낸스 타워,2020-08-07,06월,오남수,http://jrglobalreit.com,서울특별시,제이알글로벌리츠
제이앤티씨,204270,204270.KQ,KOSDAQ,전자부품 제조업,"강화유리, 커넥터",2020-03-04,12월,"조남혁, 장윤정(각자 대표이사)",http://thejntc.com,경기도,제이앤티씨
제이에스링크,127120,127120.KQ,KOSDAQ,자연과학 및 공학 연구개발업,"유전체분석(EGIS), 개인유전체분석(DNAGPS)",2011-12-26,12월,"심철구,이준영 각자대표이사",http://www.dnalink.com,서울특별시,제이에스링크
제이에스코퍼레이션,194370,194370.KS,KOSPI,"가죽, 가방 및 유사제품 제조업",핸드백 및 지갑,2016-02-04,12월,홍재성,http://www.jskor.com,서울특별시,제이에스코퍼레이션
제이에스티나,26040,026040.KQ,KOSDAQ,귀금속 및 장신용품 제조업,"주얼리,가죽제품,손목시계",1999-12-21,12월,"대표이사 김유미, 장호선 각자대표",http://www.jestina.co.kr,서울특별시,제이에스티나
제이엔비,452160,452160.KQ,KOSDAQ,특수 목적용 기계 제조업,"진공 펌프용 유틸리티 장치(Stacker 등), 정밀가공 부품",2023-11-24,12월,이정범,http://www.jnbeng.com,경기도,제이엔비
제이엔케이글로벌,126880,126880.KQ,KOSDAQ,일반 목적용 기계 제조업,"산업용가열로, 수소충전소",2011-01-31,12월,김방희,http://www.jnk-global.com,경기도,제이엔케이글로벌
제이엘케이,322510,322510.KQ,KOSDAQ,소프트웨어 개발 및 공급업,"인공지능 기반 의료영상 진단 플랫폼, 인공지능 기반 산업용 X-ray 판독시스템",2019-12-11,12월,김동민,http://jlkgroup.com,충청북도,제이엘케이
제이엠멀티,254160,254160.KQ,KONEX,제재 및 목재 가공업,목재 데크로드 시스템,2021-12-13,12월,박훈웅,http://www.jmmulti.com,충청남도,제이엠멀티
제이엠아이,33050,033050.KQ,KOSDAQ,기타 화학제품 제조업,CD복제품,1997-08-18,12월,정광훈,http://www.jmikorea.co.kr,경기도,제이엠아이
제이엠티,94970,094970.KQ,KOSDAQ,전자부품 제조업,LCD패널용PBA,2007-10-12,12월,"정수연, 정도연(각자대표)",http://www.jmtkorea.com,경기도,제이엠티
제이오,418550,418550.KQ,KOSDAQ,"건축기술, 엔지니어링 및 관련 기술 서비스업","탄소나노튜브, 금속탱크 및 유사용기",2023-02-16,12월,강득주,http://www.jeio.co.kr,인천광역시,제이오
제이준코스메틱,25620,025620.KS,KOSPI,기타 화학제품 제조업,화장품 제조 판매,1995-07-08,12월,손상훈,http://www.jayjun.kr,서울특별시,제이준코스메틱
제이투케이바이오,420570,420570.KQ,KOSDAQ,기타 화학제품 제조업,화장품 원료(천연소재 바이오소재 등),2024-03-25,12월,이재섭,http://www.j2kbio.com,충청북도,제이투케이바이오
제이티,89790,089790.KQ,KOSDAQ,특수 목적용 기계 제조업,반도체장비(Burn-in Sorter 등),2006-10-27,12월,"유홍준, 유동완",http://www.jtcorp.co.kr,충청남도,제이티
제일기획,30000,030000.KS,KOSPI,광고업,"광고 대행/광고물,영화 제작,인쇄,출판",1998-03-03,12월,김종현,http://www.cheil.co.kr,서울특별시,제일기획
제일바이오,52670,052670.KQ,KOSDAQ,의약품 제조업,동물사료첨가제,2002-01-24,12월,이병익,http://www.cheilbio.com,경기도,제일바이오
제일약품,271980,271980.KS,KOSPI,의약품 제조업,의약품,2017-07-17,12월,"성석제, 한상철 (공동대표)",http://www.jeilpharm.co.kr,서울특별시,제일약품
제일엠앤에스,412540,412540.KQ,KOSDAQ,특수 목적용 기계 제조업,2차전지 믹싱시스템,2024-04-30,12월,이영진,http://www.jeilm.co.kr,경기도,제일엠앤에스
제일연마,1560,001560.KS,KOSPI,기타 비금속 광물제품 제조업,"연마석,다이아몬드공구 제조,도소매/주택건설",2005-12-09,12월,"오유인, 오현수, 추헌주 (각자 대표)",http://www.grinding.co.kr,경상북도,제일연마
제일일렉트릭,199820,199820.KQ,KOSDAQ,"전동기, 발전기 및 전기 변환 · 공급 · 제어 장치 제조업","PCB Assay, 배선기구, 분전반 등",2020-11-26,12월,강동욱,http://www.cheilelec.com,부산광역시,제일일렉트릭
제일테크노스,38010,038010.KQ,KOSDAQ,"구조용 금속제품, 탱크 및 증기발생기 제조업",DECK PLATE,2000-01-11,12월,"나주영,최재우",http://www.jeil21c.co.kr,경상북도,제일테크노스
제일파마홀딩스,2620,002620.KS,KOSPI,회사 본부 및 경영 컨설팅 서비스업,"의약품(타리비드,제일파프,노엘,푸라솔) 제조,도매",1988-01-20,12월,한상철,http://www.jeilpharm.co.kr,서울특별시,제일파마홀딩스
제주맥주,276730,276730.KQ,KOSDAQ,알코올음료 제조업,맥주,2021-05-26,12월,김백산,http://www.jejubeer.co.kr,제주특별자치도,제주맥주
제주반도체,80220,080220.KQ,KOSDAQ,반도체 제조업,"모바일용 LP DDR SDRAM, CRAM, SRAM",2005-02-01,12월,박성식,http://www.jeju-semi.com,제주특별자치도,제주반도체
제주은행,6220,006220.KS,KOSPI,은행 및 저축기관,"은행업무,외국환업무,신탁업무",1972-12-28,12월,이희수,http://www.e-jejubank.com,제주특별자치도,제주은행
제주항공,89590,089590.KS,KOSPI,항공 여객 운송업,"여객운송서비스, 화물운송서비스",2015-11-06,12월,김이배,http://www.jejuair.net,제주특별자치도,제주항공
제테마,216080,216080.KQ,KOSDAQ,의료용품 및 기타 의약 관련제품 제조업,"히알루론산 필러(조직수복용생체재료), 피부과용 레이저 의료기기, 리프팅실 등",2019-11-14,12월,"김재영, 남정선 (각자대표)",http://www.jetema.com,강원특별자치도,제테마
젠큐릭스,229000,229000.KQ,KOSDAQ,의료용품 및 기타 의약 관련제품 제조업,유방암 예후진단 및 폐암/대장암 동반진단 제품/검사서비스,2020-06-25,12월,조상래,http://www.gencurix.com,서울특별시,젠큐릭스
젬백스,82270,082270.KQ,KOSDAQ,특수 목적용 기계 제조업,"ChemicalAirFilter,GasScrubber",2005-06-24,12월,"김기호, 이석준",http://www.kael.co.kr,대전광역시,젬백스
조광페인트,4910,004910.KS,KOSPI,기타 화학제품 제조업,"도료(우레탄,에나멜,락카,특수도료) 제조,도매",1976-12-27,12월,양성아,http://www.chokwangpaint.co.kr,부산광역시,조광페인트
조광피혁,4700,004700.KS,KOSPI,"가죽, 가방 및 유사제품 제조업","가죽(피혁원단,제화용원단,카시트용원단),가방,신발 제조,도매",1977-05-27,12월,이연석,http://www.chokwang.co.kr,충청북도,조광피혁
조광ILI,44060,044060.KQ,KOSDAQ,일반 목적용 기계 제조업,"안전밸브,스팀트랩",2001-01-18,12월,홍기흥,http://www.jokwang.co.kr,경상남도,"조광ili, 조광ILI"
조비,1550,001550.KS,KOSPI,"비료, 농약 및 살균, 살충제 제조업","복합비료(연초용,수도용,시판용,특수작물용),양액재배용 비료,완효성 비료,부직포 제조,무역",1976-12-28,12월,이승연,http://www.chobi.co.kr,서울특별시,조비
조선내화,462520,462520.KS,KOSPI,"내화, 비내화 요업제품 제조업",내화 요업제품,2023-07-28,12월,최광철,http://www.chosunref.co.kr,전라남도,조선내화
조선선재,120030,120030.KS,KOSPI,기타 금속 가공제품 제조업,용접재료,2010-02-19,12월,장원영,http://www.chosunwelding.com,경상북도,조선선재
조아제약,34940,034940.KQ,KOSDAQ,의약품 제조업,"의약품,의약부외품,보건보조식품,위생용품의제조판매",1999-08-13,12월,"조성환, 조성배(각자대표)",http://www.choa.co.kr,서울특별시,조아제약
조이시티,67000,067000.KQ,KOSDAQ,소프트웨어 개발 및 공급업,온라인게임(프리스타일농구),2008-05-30,12월,조성원,http://www.joycity.com,경기도,조이시티
조일알미늄,18470,018470.KS,KOSPI,1차 비철금속 제조업,"알루미늄판 제조,도매",1988-11-22,12월,"이영호,성원모",http://www.choilal.co.kr,경상북도,조일알미늄
조흥,2600,002600.KS,KOSPI,기타 식품 제조업,"휘핑크림,인스턴트이스트,프루츠칵테일,크림치즈,견과류,건조과일 제조,판매/주택 신축,판매",1976-12-23,12월,함영제,http://www.choheung.co.kr,경기도,조흥
종근당,185750,185750.KS,KOSPI,의약품 제조업,"딜라트렌,리피로우",2013-12-06,12월,김영주,http://www.ckdpharm.com,서울특별시,종근당
종근당바이오,63160,063160.KS,KOSPI,의약품 제조업,"의약품,원료의약품 제조",2001-12-11,12월,박완갑,http://www.ckdbio.com,서울특별시,종근당바이오
종근당홀딩스,1630,001630.KS,KOSPI,의약품 제조업,"의약품(항생제,위궤양치료제,장기이식면역억제제,고지혈증치료제(로바이드)) 제조,도매",1976-06-30,12월,최희남,http://www.ckd-holdings.com,서울특별시,종근당홀딩스
좋은사람들,33340,033340.KQ,KOSDAQ,봉제의복 제조업,패션내의,1997-11-03,12월,"이성현, 박영환 (각자 대표이사)",http://www.goodpeople.co.kr,서울특별시,좋은사람들
주성엔지니어링,36930,036930.KQ,KOSDAQ GLOBAL,특수 목적용 기계 제조업,LP CVD,1999-12-24,12월,황철주,http://www.jseng.com,경기도,"JUSUNG, Jusung eng."
주성코퍼레이션,109070,109070.KS,KOSPI,통신 및 방송 장비 제조업,"ICS중계기, 블랙박스",2009-03-17,12월,허용호,http://www.joosungcorp.com,충청남도,주성코퍼레이션
주연테크,44380,044380.KS,KOSPI,컴퓨터 및 주변장치 제조업,"각종컴퓨터,주변기기 제조/소프트웨어 개발",2006-11-15,12월,김희라,http://www.jooyon.co.kr,서울특별시,주연테크
중앙백신,72020,072020.KQ,KOSDAQ,기초 의약물질 제조업,동물용백신,2003-10-31,12월,윤인중,http://www.cavac.co.kr,대전광역시,중앙백신
중앙에너비스,440,000440.KQ,KOSDAQ,기타 전문 도매업,석유류도소매,1993-03-24,12월,"한상열, 한상은 (각자 대표이사)",http://www.enervis.co.kr,서울특별시,중앙에너비스
중앙첨단소재,51980,051980.KQ,KOSDAQ,통신 및 방송 장비 제조업,PVC샤시,2001-07-31,12월,김영신,http://joongang.co.kr,경기도,중앙첨단소재
지노믹트리,228760,228760.KQ,KOSDAQ,자연과학 및 공학 연구개발업,암 조기진단 제품,2019-03-27,12월,안성환,http://genomictree.com/ko,대전광역시,지노믹트리
지놈앤컴퍼니,314130,314130.KQ,KOSDAQ,기초 의약물질 제조업,"마이크로바이옴 기반 치료제, 화장품, 건강기능식품",2020-12-23,12월,"홍유석, 배지수, 박한수 (각자 대표이사)",http://genomecom.co.kr,경기도,지놈앤컴퍼니
지누스,13890,013890.KS,KOSPI,가구 제조업,매트리스 및 가구제품,2019-10-30,12월,정백재,http://www.zinus.co.kr,경기도,지누스
지니너스,389030,389030.KQ,KOSDAQ,자연과학 및 공학 연구개발업,"NGS기반 조직생검 암유전체 동반진단(CancerSCAN), 액체생검 암유전체 동반진단(LiquidSCAN), 단일세포분석(Celinus) 등",2021-11-08,12월,박웅양,http://kr-geninus.com,서울특별시,지니너스
지니뮤직,43610,043610.KQ,KOSDAQ,영상·오디오물 제공 서비스업,디지털 음악 서비스 및 음원유통,2000-07-20,12월,Seo In Wook,http://www.geniemusic.co.kr,서울특별시,지니뮤직
지니언스,263860,263860.KQ,KOSDAQ,소프트웨어 개발 및 공급업,"네트워크 접근 제어 솔루션(NAC), 단말기반 지능형 위협 탐지 대응 솔루션(EDR)",2017-08-02,12월,이동범,http://www.genians.co.kr,경기도,지니언스
지니틱스,303030,303030.KQ,KOSDAQ,반도체 제조업,반도체 IC,2018-08-30,12월,권석만,http://www.zinitix.com,경기도,지니틱스
지더블유바이텍,36180,036180.KQ,KOSDAQ,기계장비 및 관련 물품 도매업,"무선통신,방송및응용장치제조업",1999-12-21,12월,김진택,http://gwvitek.com,서울특별시,지더블유바이텍
지란지교시큐리티,208350,208350.KQ,KOSDAQ,소프트웨어 개발 및 공급업,보안 소프트웨어,2014-12-24,12월,조원희(단독대표),http://www.jiransecurity.com,경기도,지란지교시큐리티
지슨,289860,289860.KQ,KONEX,소프트웨어 개발 및 공급업,무선 도청·해킹·불법촬영 탐지시스템,2023-01-26,12월,한동진,http://www.gitsn.com,서울특별시,지슨
지씨셀,144510,144510.KQ,KOSDAQ,"그외 기타 전문, 과학 및 기술 서비스업","세포치료제, 검체검사서비스, 제대혈은행",2016-06-23,12월,"원성용, 김재왕",http://www.gclabcell.com,경기도,지씨셀
지아이이노베이션,358570,358570.KQ,KOSDAQ,자연과학 및 공학 연구개발업,면역항암제 및 알레르기 치료제,2023-03-30,12월,"장명호, 홍준호(각자대표이사)",http://www.gi-innovation.com/kr,서울특별시,지아이이노베이션
지아이텍,382480,382480.KQ,KOSDAQ,특수 목적용 기계 제조업,"SLOT DIE, SLIT NOZZLE, REPAIR, 기타",2021-10-21,12월,"이인영,이상권(각자 대표이사)",http://gitec.kr,충청남도,지아이텍
지앤비에스 에코,382800,382800.KQ,KOSDAQ,특수 목적용 기계 제조업,"스크러버, 트랩, 백연제거장치 등",2021-10-29,12월,박상순,http://www.gnbseng.com,경기도,지앤비에스 에코
지앤이헬스케어,299480,299480.KQ,KONEX,기타 섬유제품 제조업,면생리대,2018-06-29,12월,장영민,http://www.hannahpad.com,경기도,지앤이헬스케어
지어소프트,51160,051160.KQ,KOSDAQ,소프트웨어 개발 및 공급업,"Mobile Solution & Platform, Internet GIS, Mobile Service",2002-05-28,12월,김영준,http://gaeasoft.co.kr,서울특별시,지어소프트
지에스이,53050,053050.KQ,KOSDAQ,연료용 가스 제조 및 배관공급업,도시가스,2001-10-11,12월,유석형,http://www.yesgse.com,경상남도,지에스이
지에프씨생명과학,388610,388610.KQ,KONEX,기타 화학제품 제조업,화장품 바이오 소재 및 임상실험,2022-12-23,12월,강희철 / 표형배,http://www.gfcos.co.kr,경기도,지에프씨생명과학
지엔씨에너지,119850,119850.KQ,KOSDAQ,"전동기, 발전기 및 전기 변환 · 공급 · 제어 장치 제조업","비상발전기, 소형열병합발전설비, 바이오가스발전설비",2013-10-02,12월,안병철,http://www.gncenergy.co.kr,서울특별시,지엔씨에너지
지엔코,65060,065060.KQ,KOSDAQ,봉제의복 제조업,"캐쥬얼의류(Thursday Island, TI FOR MEN)",2002-05-28,12월,김석주 장지혁 (각자대표이사),http://www.gnco.co.kr,서울특별시,지엔코
지엘팜텍,204840,204840.KQ,KOSDAQ,생활용품 도매업,의약품 연구개발업,2014-11-20,12월,"김용일, 진성필",http://www.glpt.co.kr,경기도,지엘팜텍
지엠비코리아,13870,013870.KS,KOSPI,자동차 신품 부품 제조업,"V/S,EWP,ITM,CVJOINT",2012-11-20,12월,"정세영, 송병영",http://www.gmb.co.kr,경상남도,지엠비코리아
지역난방공사,71320,071320.KS,KOSPI,"증기, 냉·온수 및 공기조절 공급업","집단에너지공급 및 전기,증기 생산,판매",2010-01-29,12월,정용기,http://www.kdhc.co.kr,경기도,지역난방공사
지오엘리먼트,311320,311320.KQ,KOSDAQ,전자부품 제조업,"센서, 캐니스터",2021-11-11,12월,신현국,http://www.goelement.co.kr,경기도,지오엘리먼트
지투파워,388050,388050.KQ,KOSDAQ,"전동기, 발전기 및 전기 변환 · 공급 · 제어 장치 제조업","수·배전반, 태양광발전시스템, 인버터(PCS)",2022-04-01,12월,"김영일, 장철수",http://www.g2p.co.kr,경기도,지투파워
진도,88790,088790.KS,KOSPI,기타 전문 도매업,"모피제품 제조,가공",2006-03-28,12월,임병남,http://www.jindofand.co.kr,서울특별시,진도
진로발효,18120,018120.KQ,KOSDAQ,알코올음료 제조업,주정,1993-12-29,12월,김종식,http://www.jrdcl.com,경기도,진로발효
진매트릭스,109820,109820.KQ,KOSDAQ,자연과학 및 공학 연구개발업,"B형간염치료제 내성진단,C형간염바이러스 유전형진단, 자궁경부암유발바이러스 유전형진단",2009-11-06,12월,김수옥,http://www.genematrix.net,경기도,진매트릭스
진바이오텍,86060,086060.KQ,KOSDAQ,산업용 농·축산물 및 동·식물 도매업,"펩소이젠(식물성단백질),바이오스타치(가공전분),나투포멘(친환경생균제),락토케어(항생제대체형미생물제제)등",2006-04-28,12월,이찬호,http://www.genebiotech.co.kr,충청남도,진바이오텍
진성티이씨,36890,036890.KQ,KOSDAQ,특수 목적용 기계 제조업,트랙롤라. 플로팅 씰,2000-07-20,12월,"윤성수, 윤준수(공동대표이사)",http://www.jinsungtec.com,경기도,진성티이씨
진시스템,363250,363250.KQ,KOSDAQ,의료용 기기 제조업,분자진단기반 플랫폼 개발 및 제조·판매,2021-05-26,12월,서유진,http://www.genesystem.co.kr,대전광역시,진시스템
진양산업,3780,003780.KS,KOSPI,플라스틱제품 제조업,"합성수지,폴리우레탄스폰지 제조,도매,수출입",1973-06-26,12월,최원석,http://www.cyc1963.com,경상남도,진양산업
진양제약,7370,007370.KQ,KOSDAQ,의약품 제조업,"소부날, 옥티란",2000-07-27,12월,"최재준, 최윤환(각자대표)",http://www.jinyangpharm.co.kr,서울특별시,진양제약
진양폴리우레탄,10640,010640.KS,KOSPI,플라스틱제품 제조업,"폴리우레탄,폴리우레탄스폰지 제조,판매",1989-09-30,12월,최재호,http://www.chinyangpoly.kr,경기도,진양폴리우레탄
진양홀딩스,100250,100250.KS,KOSPI,플라스틱제품 제조업,"투자,경영컨설팅",2008-02-15,12월,"양준영, 최창호(각자대표이사)",http://cyholdings.kr,부산광역시,진양홀딩스
진양화학,51630,051630.KS,KOSPI,플라스틱제품 제조업,"레쟈,바닥재 제조",2001-01-29,12월,임경섭,http://www.chinyang.co.kr,울산광역시,진양화학
진에어,272450,272450.KS,KOSPI,항공 여객 운송업,"여객, 화물 등 항공운송",2017-12-08,12월,박병률,http://www.jinair.com,서울특별시,진에어
진영,285800,285800.KQ,KOSDAQ,플라스틱제품 제조업,"가구용 ASA플라스틱 시트, 엣지밴드",2023-06-01,12월,심영수,http://www.jyp21.co.kr,인천광역시,진영
진원생명과학,11000,011000.KS,KOSPI,의약품 제조업,플라스미드,1987-11-16,12월,박영근,http://www.genels.com,서울특별시,진원생명과학
진코스텍,250030,250030.KQ,KONEX,기타 화학제품 제조업,"마스크팩 ODM/OEM, 하이드로겔 마스크팩",2019-11-29,12월,김임준,http://www.jincostech.com,경기도,진코스텍
진흥기업,2780,002780.KS,KOSPI,토목 건설업,"아파트건설,토목공사,건축공사,국내도급공사",1977-06-25,12월,김태균,http://www.chinhung.co.kr,인천광역시,진흥기업
질경이,233990,233990.KQ,KONEX,기타 화학제품 제조업,여성청결제 및 질염치료제 개발,2015-12-29,12월,최원석,http://www.jilgyungyi.com,서울특별시,질경이
차바이오텍,85660,085660.KQ,KOSDAQ,기초 의약물질 제조업,"세포치료제 개발, 제대혈 보관 등",2005-12-27,12월,최석윤,http://www.chabio.com,서울특별시,차바이오텍
차백신연구소,261780,261780.KQ,KOSDAQ,자연과학 및 공학 연구개발업,백신 및 면역증강제 등,2021-10-22,12월,염정선,http://www.chavaccine.com,경기도,차백신연구소
차이커뮤니케이션,351870,351870.KQ,KOSDAQ,광고업,"광고대행, 광고물 작성",2024-09-27,12월,최영섭,http://www.artistchai.co.kr,서울특별시,차이커뮤니케이션
참엔지니어링,9310,009310.KS,KOSPI,특수 목적용 기계 제조업,FPD Laser Repair 장비 등 (FPD 장비의 개발과 제조 및 판매),1987-11-12,12월,이경희,http://www.charmeng.com,경기도,참엔지니어링
참좋은여행,94850,094850.KQ,KOSDAQ,여행사 및 기타 여행보조 서비스업,여행상품,2007-04-30,12월,이종혁(대표이사),http://www.verygoodtourcompany.com,서울특별시,참좋은여행
창대정밀,368030,368030.KQ,KONEX,특수 목적용 기계 제조업,정밀금형 및 사출품,2024-12-23,12월,"박제현, 박순민",http://www.i-changdae.com,경기도,창대정밀
창해에탄올,4650,004650.KQ,KOSDAQ,알코올음료 제조업,"주정(발효주정, 정제주정) 등",2014-07-30,12월,"이연희, 임우석 (각자대표이사)",http://www.chethanol.com,전북특별자치도,창해에탄올
천보,278280,278280.KQ,KOSDAQ,기초 화학물질 제조업,"디스플레이 소재, 반도체 공정 소재, 2차전지 소재, 의약품 소재, 정밀화학 소재",2019-02-11,12월,이상율,http://www.chunbochem.com,충청북도,천보
천일고속,650,000650.KS,KOSPI,육상 여객 운송업,"고속버스운수(경부선,44개 노선),도로여객운수업,운수창고업,유류판매,부동산 임대",1977-06-23,12월,박도현,http://www.chunilexpress.com,부산광역시,천일고속
청담글로벌,362320,362320.KQ,KOSDAQ,생활용품 도매업,글로벌 화장품 유통,2022-06-03,12월,최석주,http://www.chungdamgroup.com,서울특별시,청담글로벌
청호ICT,12600,012600.KS,KOSPI,일반 목적용 기계 제조업,"금융단말기(현금자동입출금기,온라인단말기),통신기기 제조,판매",1990-07-10,12월,조중환 대표이사,http://www.chunghoict.com,경기도,"청호ict, 청호ICT"
체리부로,66360,066360.KQ,KOSDAQ,"도축, 육류 가공 및 저장 처리업","육계, 사료",2017-12-04,12월,김강흥,http://www.cherrybro.com,충청북도,체리부로
체시스,33250,033250.KS,KOSPI,자동차 신품 부품 제조업,"자동차부품,뒷차축 제조",1999-08-11,12월,"이명곤, 김성광(각자대표이사)",http://www.chasys.com,경상북도,체시스
초록뱀미디어,47820,047820.KQ,KOSDAQ,"영화, 비디오물, 방송프로그램 제작 및 배급업",방송프로그램 제작 및 공급,2002-12-24,12월,"김동준,윤동현 (각자대표이사)",http://www.chorokbaem.com,서울특별시,초록뱀미디어
칩스앤미디어,94360,094360.KQ,KOSDAQ,반도체 제조업,비디오 IP,2015-08-05,12월,김상현,http://www.chipsnmedia.com,서울특별시,칩스앤미디어
카스,16920,016920.KQ,KOSDAQ,기계장비 및 관련 물품 도매업,"전자저울,로드셀",1990-01-04,12월,김태인,http://www.cas.co.kr,경기도,카스
카이노스메드,284620,284620.KQ,KOSDAQ,자연과학 및 공학 연구개발업,기업인수합병,2018-06-08,12월,이기섭,http://www.kainosmedicine.com,경기도,카이노스메드
카카오,35720,035720.KS,KOSPI,"자료처리, 호스팅, 포털 및 기타 인터넷 정보매개 서비스업",인터넷 서비스(인터넷 광고),2017-07-10,12월,정신아,http://www.kakaocorp.com,제주특별자치도,"Kakao, 카카오"
카카오게임즈,293490,293490.KQ,KOSDAQ GLOBAL,소프트웨어 개발 및 공급업,"모바일, PC게임 퍼블리싱",2020-09-10,12월,Sang Woo Han,http://kakaogames.com,경기도,카카오게임즈
카카오뱅크,323410,323410.KS,KOSPI,은행 및 저축기관,은행 및 금융서비스,2021-08-06,12월,윤호영,http://www.kakaobank.com,경기도,카카오뱅크
카카오페이,377300,377300.KS,KOSPI,금융 지원 서비스업,"간편결제, 간편송금 및 기타 금융서비스",2021-11-03,12월,신원근,http://www.kakaopay.com,경기도,카카오페이
카티스,140430,140430.KQ,KOSDAQ,"컴퓨터 프로그래밍, 시스템 통합 및 관리업",산업인프라 보안플랫폼,2024-05-03,12월,김승수,http://CATIS.CO.KR,경기도,카티스
카페24,42000,042000.KQ,KOSDAQ,"자료처리, 호스팅, 포털 및 기타 인터넷 정보매개 서비스업","쇼핑몰솔루션, 광고솔루션, 호스팅솔루션",2018-02-08,12월,이재석,http://www.cafe24.com,서울특별시,카페24
카프로,6380,006380.KS,KOSPI,기초 화학물질 제조업,"카프로락탐,유안비료 제조",1974-05-28,12월,박성명,http://www.hcccapro.co.kr,서울특별시,카프로
캐리,313760,313760.KQ,KOSDAQ,"전동기, 발전기 및 전기 변환 · 공급 · 제어 장치 제조업",태양광 인버터 등,2019-07-25,12월,김용선,http://www.willings.co.kr,경기도,캐리
캐리소프트,317530,317530.KQ,KOSDAQ,"영화, 비디오물, 방송프로그램 제작 및 배급업","영상 콘텐츠(30.05%), 공연(29.76%), 키즈카페(17.38%), 커머스(12.77%), 라이선스 및 기타(10.04%)",2019-10-29,12월,박창신,http://www.carriesoft.com,서울특별시,캐리소프트
캐스텍코리아,71850,071850.KQ,KOSDAQ,자동차 신품 부품 제조업,자동차용 터보차저 부품,2014-05-27,12월,윤상원,http://www.castec.co.kr,부산광역시,캐스텍코리아
캔버스엔,210120,210120.KQ,KOSDAQ,"영화, 비디오물, 방송프로그램 제작 및 배급업","방송영상 제작, 공급",2023-08-17,12월,오희갑,http://victents.com,서울특별시,캔버스엔
캠시스,50110,050110.KQ,KOSDAQ,전자부품 제조업,휴대폰용 카메라모듈,2001-05-17,12월,권현진,http://www.cammsys.net,인천광역시,캠시스
캡스톤파트너스,452300,452300.KQ,KOSDAQ,기타 금융업,벤처투자조합 등 조합 결성 및 운영,2023-11-15,12월,송은강,http://cspartners.co.kr,서울특별시,캡스톤파트너스
컨텍,451760,451760.KQ,KOSDAQ,"컴퓨터 프로그래밍, 시스템 통합 및 관리업","지상국 시스템 엔지니어링 솔루션, 위성영상 생성을 위한 데이터처리 솔루션",2023-11-09,12월,이성희,http://kr.contec.kr,대전광역시,컨텍
컬러레이,900310,900310.KQ,KOSDAQ,기타 금융업,화장품용 진주광택안료,2017-08-10,12월,줘중비아오,http://www.coloray.co.kr,홍콩,컬러레이
컴투스,78340,078340.KQ,KOSDAQ GLOBAL,소프트웨어 개발 및 공급업,모바일게임,2007-07-06,12월,Nam Jaekwan,http://com2us.com/corporation,서울특별시,컴투스
컴투스홀딩스,63080,063080.KQ,KOSDAQ,소프트웨어 개발 및 공급업,모바일게임,2009-07-30,12월,정철호,http://com2us.com/holdings,서울특별시,컴투스홀딩스
컴퍼니케이,307930,307930.KQ,KOSDAQ,기타 금융업,중소 벤처기업 투자,2019-05-23,12월,김학범,http://www.kpartners.co.kr,서울특별시,컴퍼니케이
케스피온,79190,079190.KQ,KOSDAQ,통신 및 방송 장비 제조업,휴대폰안테나,2005-11-29,12월,LLOYD YEONSU LEE,http://www.kespion.co.kr,인천광역시,케스피온
케어랩스,263700,263700.KQ,KOSDAQ,광고업,"헬스케어 미디어플랫폼, 헬스케어 디지털마케팅, 헬스케어 솔루션",2018-03-28,12월,이민경,http://carelabs.co.kr,서울특별시,케어랩스
케어젠,214370,214370.KQ,KOSDAQ,기초 의약물질 제조업,"성장인자, 바이오미메틱펩타이드 기반 안면, 두피, 바디 코스메슈티컬 제품",2015-11-17,12월,정용지,http://caregen.co.kr,경기도,케어젠
케이디켐,221980,221980.KQ,KOSDAQ,기타 화학제품 제조업,PVC 안정제,2015-11-19,12월,"민남규, 민소원 (각자 대표이사)",http://www.kdchem.kr,충청북도,케이디켐
케이바이오,38530,038530.KQ,KOSDAQ,생활용품 도매업,"실험용 시약, 과학기자재 등",2000-06-09,12월,조정영,http://www.kbiocompany.com,서울특별시,케이바이오
케이비아이동국실업,1620,001620.KS,KOSPI,자동차 신품 부품 제조업,"자동차부품(에어닥트,글로벌박스,노즐,어셈블리류,핸들류) 제조,판매/공장 임대",1990-09-15,12월,김용희,http://kbidongkook.com,서울특별시,케이비아이동국실업
케이사인,192250,192250.KQ,KOSDAQ,소프트웨어 개발 및 공급업,,2014-04-28,12월,"구자동, 최현철(각자 대표이사)",http://www.ksign.com,경기도,케이사인
케이쓰리아이,431190,431190.KQ,KOSDAQ,소프트웨어 개발 및 공급업,XR 실감형콘텐츠,2024-08-20,12월,이재영,http://www.k3i.co.kr,대전광역시,케이쓰리아이
케이씨,29460,029460.KS,KOSPI,"측정, 시험, 항해, 제어 및 기타 정밀기기 제조업; 광학기기 제외",가스/Chemical 공급 장치 등 제조 및 판매,1997-11-25,12월,"고상걸, 권홍빈(각자대표이사)",http://www.kct.co.kr,경기도,케이씨
케이씨씨,2380,002380.KS,KOSPI,기타 화학제품 제조업,"건축용단열재,내외장재,스레트,밤라이트,암면,석고보드,판유리 제조",1973-06-25,12월,"정몽진, 정재훈",http://www.kccworld.co.kr,서울특별시,케이씨씨
케이씨씨글라스,344820,344820.KS,KOSPI,유리 및 유리제품 제조업,판유리 등,2020-01-21,12월,"정몽익, 변종오(각자대표이사)",http://www.kccglass.co.kr,서울특별시,케이씨씨글라스
케이씨에스,115500,115500.KQ,KOSDAQ,"컴퓨터 프로그래밍, 시스템 통합 및 관리업",컴퓨터시스템 통합 구축 및 철도 도로 교통인프라,2010-04-14,12월,김광묵,http://www.kcins.co.kr,경상북도,케이씨에스
케이씨텍,281820,281820.KS,KOSPI,"측정, 시험, 항해, 제어 및 기타 정밀기기 제조업; 광학기기 제외","반도체, 디스플레이 제조 장비",2017-12-05,12월,"양호근, 최동규 (각자 대표이사)",http://www.kctech.co.kr,경기도,케이씨텍
케이씨티,89150,089150.KQ,KOSDAQ,"컴퓨터 프로그래밍, 시스템 통합 및 관리업","금융단말시스템,복표발매기,마권발매기",2006-12-13,12월,"강창귀, 김선종 각자대표",http://www.kctinc.co.kr,경기도,케이씨티
케이씨티시,9070,009070.KS,KOSPI,도로 화물 운송업,"화물자동차운송,항만하역,창고보관,컨테이너조작,중량물해상운송",1978-09-29,12월,류주환,http://www.kctc.co.kr,서울특별시,케이씨티시
케이씨피드,25880,025880.KQ,KOSDAQ,동물용 사료 및 조제식품 제조업,사료,1995-07-07,12월,"정한식, 김희철(각자 대표이사)",http://www.kcfeed.co.kr,경상북도,케이씨피드
케이아이엔엑스,93320,093320.KQ,KOSDAQ,"자료처리, 호스팅, 포털 및 기타 인터넷 정보매개 서비스업",인터넷연동서비스 등,2011-02-08,12월,김지욱,http://www.kinx.net,경기도,케이아이엔엑스
케이알엠,93640,093640.KQ,KOSDAQ,반도체 제조업,멀티미디어반도체,2007-10-19,12월,박광식,http://www.tamulm.com,서울특별시,케이알엠
케이에스피,73010,073010.KQ,KOSDAQ,일반 목적용 기계 제조업,"선박용엔진밸브,형단조품",2004-12-17,12월,이범호,http://www.kspvalve.com,부산광역시,케이에스피
케이엔더블유,105330,105330.KQ,KOSDAQ,자동차 신품 부품 제조업,"Blanket, DOF, 보호필름",2009-09-29,12월,박현달,http://www.knwkorea.com,경기도,케이엔더블유
케이엔솔,53080,053080.KQ,KOSDAQ,일반 목적용 기계 제조업,클린룸 설비,2020-09-24,12월,"구자겸, 정우현 (각자 대표이사)",http://www.k-ensol.com,충청북도,케이엔솔
케이엔알시스템,199430,199430.KQ,KOSDAQ,"측정, 시험, 항해, 제어 및 기타 정밀기기 제조업; 광학기기 제외","특수목적 시험장비, 산업용로봇",2024-03-07,12월,김명한,http://www.knrsys.com,경기도,케이엔알시스템
케이엔에스,432470,432470.KQ,KOSDAQ,특수 목적용 기계 제조업,이차전지 자동화 설비,2023-12-06,12월,정봉진,http://knssystem.com,경기도,케이엔에스
케이엔제이,272110,272110.KQ,KOSDAQ,반도체 제조업,"Edge Grinder, CVD-SiC Ring",2019-10-25,12월,심호섭,http://www.knj.kr,충청남도,케이엔제이
케이엘넷,39420,039420.KQ,KOSDAQ,전기 통신업,EC/EDI,2002-03-12,12월,"정지원, 전기정",http://www.klnet.co.kr,서울특별시,케이엘넷
케이엠,83550,083550.KQ,KOSDAQ,기타 섬유제품 제조업,클린룸용Wiper,2005-12-20,12월,신병순,http://kmbiz.com,경기도,케이엠
케이엠더블유,32500,032500.KQ,KOSDAQ,통신 및 방송 장비 제조업,RF 부품 및 중계기,2000-03-21,12월,김덕용,http://www.kmw.co.kr,경기도,케이엠더블유
케이엠제약,225430,225430.KQ,KOSDAQ,기타 화학제품 제조업,"구강제품, 화장품,기타 생활용품",2015-10-08,12월,"강일모, 백승원(BAIK BRIAN SEUNG WON) (각자 대표)",http://kmkmp.com,경기도,케이엠제약
케이옥션,102370,102370.KQ,KOSDAQ,상품 중개업,미술품 경매 및 판매,2022-01-24,12월,도현순,http://www.k-auction.com,서울특별시,케이옥션
케이웨더,68100,068100.KQ,KOSDAQ,일반 목적용 기계 제조업,"공기개선솔루션, 기상데이터, 공기측정솔루션 등",2024-02-22,12월,김동식,http://www.kweather.co.kr,서울특별시,케이웨더
케이이엠텍,106080,106080.KQ,KOSDAQ,전자부품 제조업,"IR필터 및 이차전지 부품(Can, Cap Ass'y)",2010-02-09,12월,박용직,http://www.kem-tech.co.kr,경기도,케이이엠텍
케이카,381970,381970.KS,KOSPI,자동차 판매업,오프라인 및 온라인 중고차 매매업,2021-10-13,12월,정인국,http://www.kcar.com,서울특별시,케이카
케이탑리츠,145270,145270.KS,KOSPI,부동산 임대 및 공급업,부동산 임대,2012-01-31,12월,"이명식, 조현만(각자대표이사)",http://www.ktopreits.co.kr,서울특별시,케이탑리츠
케이티,30200,030200.KS,KOSPI,전기 통신업,"유무선통신사업,공중전기통신사업,인터넷,전자상거래,네트워크(전용회선,데이터통신,초고속사업 등)",1998-12-23,12월,김영섭,http://www.kt.com,경기도,케이티
케이티스카이라이프,53210,053210.KS,KOSPI,텔레비전 방송업,위성방송서비스,2011-06-03,12월,최영범,http://www.ktskylife.co.kr,서울특별시,케이티스카이라이프
케이티알파,36030,036030.KQ,KOSDAQ,상품 중개업,"커머스, 콘텐츠, ICT",1999-12-24,12월,박승표,http://www.ktalpha.com,서울특별시,케이티알파
케이프,64820,064820.KQ,KOSDAQ,선박 및 보트 건조업,선박엔진용실린더라이너,2007-05-29,12월,최철은,http://www.cape.co.kr,경상남도,케이프
케이피에스,256940,256940.KQ,KOSDAQ,특수 목적용 기계 제조업,OLED 마스크 인장기,2017-09-06,12월,김하용,http://www.kpscorp.co.kr,경기도,케이피에스
케이피에프,24880,024880.KQ,KOSDAQ,기타 금속 가공제품 제조업,볼트류,1994-12-29,12월,"송무현, 김형노",http://www.kpf.co.kr,경기도,케이피에프
케이피엠테크,42040,042040.KQ,KOSDAQ,기타 전문 도매업,"표면처리약품, 전자동 도금설비",2003-01-07,12월,김지훈,http://www.kpmtech.co.kr,경기도,케이피엠테크
케이피티유,54410,054410.KQ,KOSDAQ,기타 금속 가공제품 제조업,"Vacuum Treatment, Plasma Surface Treatment",2002-04-25,12월,박준영,http://www.kpt4u.com,경기도,케이피티유
케일럼,258610,258610.KQ,KOSDAQ,"구조용 금속제품, 탱크 및 증기발생기 제조업","지열발전설비, 항공기MRO, 항공부품제조",2017-08-22,12월,최연지,http://www.ewkinc.co.kr,부산광역시,케일럼
켄코아에어로스페이스,274090,274090.KQ,KOSDAQ,"항공기,우주선 및 부품 제조업",항공가공품 및 조립품,2020-03-03,12월,케네스민규리,http://www.kencoa.com,경상남도,켄코아에어로스페이스
켈스,402420,402420.KQ,KONEX,의료용 기기 제조업,체외진단 의료기기,2021-11-30,12월,이동호,http://www.thecalth.com,경기도,켈스
켐트로닉스,89010,089010.KQ,KOSDAQ,기타 화학제품 제조업,"Touch IC 및 PBA, TG, EMC",2007-01-17,12월,김응수,http://www.chemtronics.co.kr,세종특별자치시,켐트로닉스
켐트로스,220260,220260.KQ,KOSDAQ,기타 화학제품 제조업,기타화학제품 제조업,2015-07-27,12월,이동훈,http://chemtros.com,경기도,켐트로스
코나솔,176590,176590.KQ,KONEX,특수 목적용 기계 제조업,"합금강, 기계부품 제조",2022-06-15,12월,강윤근,http://www.millroll.com,충청남도,코나솔
코나아이,52400,052400.KQ,KOSDAQ,소프트웨어 개발 및 공급업,"전자화폐, 단말기, 수집/정산시스템",2001-10-18,12월,조정일,http://konai.com,서울특별시,코나아이
코난테크놀로지,402030,402030.KQ,KOSDAQ,소프트웨어 개발 및 공급업,"소프트웨어(인공지능,빅데이터,자연어처리,검색엔진,대화형챗봇,음성합성,음성인식) 연구개발 및 공급, 정보통신서비스",2022-07-07,12월,김영섬,http://konantech.com,서울특별시,코난테크놀로지
코닉오토메이션,391710,391710.KQ,KOSDAQ,특수 목적용 기계 제조업,금융 지원 서비스(SPAC),2021-10-15,12월,김혁,http://www.kornic.co.kr,경기도,코닉오토메이션
코다코,46070,046070.KQ,KOSDAQ,자동차 신품 부품 제조업,"Oil Pump, Throttle Body",2000-12-26,12월,인귀승,http://www.kodaco.co.kr,충청남도,코다코
코데즈컴바인,47770,047770.KQ,KOSDAQ,봉제의복 제조업,패션의류,2001-09-18,12월,"김보선, 김호덕(각자대표)",http://www.codes-combine.co.kr,서울특별시,코데즈컴바인
코디,80530,080530.KQ,KOSDAQ,기타 화학제품 제조업,화장품 및 용기 제조,2010-01-05,12월,김도연,http://www.kodi-s.com,경기도,코디
코람코더원리츠,417310,417310.KS,KOSPI,부동산 임대 및 공급업,서울 영등포구 여의도 소재 하나금융투자 빌딩,2022-03-28,02월,서길석,http://koramcothe1.com,서울특별시,코람코더원리츠
코람코라이프인프라리츠,357120,357120.KS,KOSPI,부동산 임대 및 공급업,부동산 투자 및 관리,2020-08-31,11월,이성균,http://www.koramcoenergyplus.co.kr,서울특별시,코람코라이프인프라리츠
코렌텍,104540,104540.KQ,KOSDAQ,의료용 기기 제조업,"인공고관절, 인공슬관절 등",2013-03-05,12월,구본철,http://www.corentec.com,충청남도,코렌텍
코리아나,27050,027050.KQ,KOSDAQ,기타 화학제품 제조업,화장품,1999-12-10,12월,유학수,http://www.coreana.co.kr,충청남도,코리아나
코리아써키트,7810,007810.KS,KOSPI,전자부품 제조업,"인쇄회로기판,Module 제조/부동산(건물) 임대",1985-09-09,12월,장세준,http://www.kcg.co.kr,경기도,코리아써키트
코리아에셋투자증권,190650,190650.KQ,KOSDAQ,금융 지원 서비스업,"IB금융자문, 채권인수 및 매매, 투자중개, 펀드운용 등",2019-11-20,03월,"기동호, 김은섭",http://www.kasset.co.kr,서울특별시,코리아에셋투자증권
코리아에프티,123410,123410.KQ,KOSDAQ,자동차 신품 부품 제조업,"캐니스터,플라스틱필러넥,의장부품",2010-08-27,12월,"오원석, 김재산(각자 대표이사)",http://www.kftec.com,경기도,코리아에프티
코리안리,3690,003690.KS,KOSPI,재 보험업,금융보험/부동산 임대,1969-12-22,12월,원종규,http://www.koreanre.co.kr,서울특별시,코리안리
코맥스,36690,036690.KQ,KOSDAQ,통신 및 방송 장비 제조업,"홈네트워크시스템,CCTV 방송설비",2000-01-18,12월,변우석,http://www.commax.com,경기도,코맥스
코메론,49430,049430.KQ,KOSDAQ,"측정, 시험, 항해, 제어 및 기타 정밀기기 제조업; 광학기기 제외","줄자, 냉간압연",2001-01-16,12월,강동헌,http://www.komelon.co.kr,부산광역시,코메론
코미코,183300,183300.KQ,KOSDAQ GLOBAL,특수 목적용 기계 제조업,반도체 부품 세정 및 코팅,2017-03-23,12월,최용하,http://www.komico.com,경기도,코미코
코미팜,41960,041960.KQ,KOSDAQ,의약품 제조업,동물약품,2001-10-30,12월,"양경훈, 문성철(각자 대표이사)",http://www.komipharm.com,경기도,코미팜
코세스,89890,089890.KQ,KOSDAQ,특수 목적용 기계 제조업,반도체SolderBall부착장비등,2006-11-08,12월,박명순,http://www.koses.co.kr,경기도,코세스
코셈,360350,360350.KQ,KOSDAQ,"측정, 시험, 항해, 제어 및 기타 정밀기기 제조업; 광학기기 제외",주사전자현미경(SEM),2024-02-23,12월,이준희,http://www.coxem.com,대전광역시,코셈
코셋,189350,189350.KQ,KONEX,통신 및 방송 장비 제조업,광통신용 증폭기,2013-12-24,12월,"오치형, 황월연",http://coset.com,광주광역시,코셋
코스나인,82660,082660.KQ,KOSDAQ,기타 화학제품 제조업,화장품,2005-10-05,12월,김보형,http://cosnine.com,경기도,코스나인
코스맥스,192820,192820.KS,KOSPI,기타 화학제품 제조업,화장품,2014-04-07,12월,"최경, 이병만",http://www.cosmax.com,경기도,코스맥스
코스맥스비티아이,44820,044820.KS,KOSPI,기타 금융업,"화장품,의약부외품 제조,도매",2006-11-13,12월,"허민호, 이병주",http://www.cosmax.com,경기도,코스맥스비티아이
코스맥스엔비티,222040,222040.KQ,KOSDAQ,기타 식품 제조업,건강기능식품,2015-12-16,12월,김남중,http://www.cosmaxnbt.com,경기도,코스맥스엔비티
코스메카코리아,241710,241710.KQ,KOSDAQ,기타 화학제품 제조업,"화장품 OEM, ODM",2016-10-28,12월,"조임래, 박은희(각자대표)",http://www.cosmecca.com,충청북도,코스메카코리아
코스모신소재,5070,005070.KS,KOSPI,기타 화학제품 제조업,"이차전지양극활물질,기능성필름",1987-09-28,12월,홍동환,http://www.cosmoamt.com,충청북도,코스모신소재
코스모화학,5420,005420.KS,KOSPI,기타 화학제품 제조업,"이산화티타늄 및 부산물, 황산코발트 및 부산물",1987-07-23,12월,김두영,http://www.cosmochem.co.kr,서울특별시,코스모화학
코스텍시스,355150,355150.KQ,KOSDAQ,반도체 제조업,RF PKG. Spacer,2020-09-18,12월,한규진,http://www.kostec.net,인천광역시,코스텍시스
코스텍시스템,169670,169670.KQ,KONEX,특수 목적용 기계 제조업,"반도체 웨이퍼 이송장비, 본딩장비",2022-01-21,12월,배준호,http://www.kosteks.com,경기도,코스텍시스템
코아스,71950,071950.KS,KOSPI,가구 제조업,"사무용가구,금속가구 도매,제조",2005-08-04,12월,"민경중, 노병구(각자 대표이사)",http://www.ikoas.com,서울특별시,코아스
코아스템켐온,166480,166480.KQ,KOSDAQ,의약품 제조업,줄기세포 치료제,2015-06-26,12월,양길안,http://www.corestemchemon.com,경기도,코아스템켐온
코아시아,45970,045970.KQ,KOSDAQ,반도체 제조업,LED패키지,2000-08-03,12월,이희준 (단독대표),http://www.coasiacorp.co.kr,인천광역시,코아시아
코아시아씨엠,196450,196450.KQ,KOSDAQ,사진장비 및 광학기기 제조업,휴대폰용카메라렌즈모듈제조,2014-06-02,12월,"조병찬, 김창완 각자대표",http://www.coasiaoptics.com,경기도,코아시아씨엠
코어라인소프트,384470,384470.KQ,KOSDAQ,소프트웨어 개발 및 공급업,의료영상 진단보조 솔루션,2023-09-18,12월,김진국,http://www.corelinesoft.com,서울특별시,코어라인소프트
코엔텍,29960,029960.KQ,KOSDAQ,"증기, 냉·온수 및 공기조절 공급업",산업폐기물 소각/매립처리,2004-06-18,12월,이민석,http://www.koentec.co.kr,울산광역시,코엔텍
코오롱,2020,002020.KS,KOSPI,기타 금융업,지주회사,1975-06-23,12월,"안병덕, 이규호",http://www.kolon.com,경기도,코오롱
코오롱글로벌,3070,003070.KS,KOSPI,토목 건설업,"토목공사,일반건설,주택건설,해외건설,소각로설비공사/환경플랜트,폐처리기 제조",1978-09-15,12월,김정일,http://www.kolonglobal.com,경기도,코오롱글로벌
코오롱모빌리티그룹,450140,450140.KS,KOSPI,자동차 판매업,수입자동차 유통 및 정비업,2023-01-31,12월,"강이구, 최현석",http://www.kolonmobilitygroup.com,서울특별시,코오롱모빌리티그룹
코오롱생명과학,102940,102940.KQ,KOSDAQ,기초 의약물질 제조업,"항균제, 수처리제, 원료의약 등",2009-04-07,12월,김선진,http://www.kolonls.co.kr,서울특별시,코오롱생명과학
코오롱인더,120110,120110.KS,KOSPI,화학섬유 제조업,"산업자재, 화학, 필름",2010-02-01,12월,"허성, 유석진",http://www.kolonindustries.com,서울특별시,코오롱인더
코오롱티슈진,950160,950160.KQ,KOSDAQ,기초 의약물질 제조업,골관절염 치료제,2017-11-06,12월,"노문종, 전승호",http://tissuegene.com,미국,코오롱티슈진
코오롱ENP,138490,138490.KS,KOSPI,합성고무 및 플라스틱 물질 제조업,엔지니어링플라스틱,2011-06-15,12월,김영범,http://www.kolonenp.com,경상북도,"코오롱enp, 코오롱ENP"
코웨이,21240,021240.KS,KOSPI,그외 기타 개인 서비스업,"렌탈 서비스(정수기,비데, 필터교환 등), 가정용기기 도매,판매,제조,폐기물처리설비,수출(정수기,청정기)",2001-08-07,12월,서장원,http://company.coway.com,충청남도,코웨이
코웰패션,33290,033290.KQ,KOSDAQ,"섬유, 의복, 신발 및 가죽제품 소매업","의복, 잡화, 콘덴서",1997-10-13,12월,최용석,http://www.cowellfashion.co.kr,전북특별자치도,코웰패션
코위버,56360,056360.KQ,KOSDAQ,통신 및 방송 장비 제조업,"가입가계 가입자계 광단국장치,SONs-51,OMS-155M,OCSU,E2 가입자 전송장비,SDS-2500 등",2001-12-04,12월,황인환,http://www.coweaver.co.kr,서울특별시,코위버
코윈테크,282880,282880.KQ,KOSDAQ,특수 목적용 기계 제조업,"공정자동화설비(2차전지,석유화학,반도체,디스플레이)",2019-08-05,12월,"이재환, 최현순 각자 대표이사",http://www.cowintech.com,충청남도,코윈테크
코이즈,121850,121850.KQ,KOSDAQ,플라스틱제품 제조업,"보호필름, 도광판, 백코팅",2012-09-27,12월,조재형,http://www.koyj.co.kr,충청북도,코이즈
코츠테크놀로지,448710,448710.KQ,KOSDAQ,컴퓨터 및 주변장치 제조업,"싱글보드컴퓨터(SBC), 군용 전시기 등",2023-08-10,12월,조지원,http://www.cotstech.com,경기도,코츠테크놀로지
코칩,126730,126730.KQ,KOSDAQ,전자부품 제조업,소형 및 초소형 슈퍼커패시터,2024-05-07,12월,손진형,http://www.korchip.com,경기도,코칩
코콤,15710,015710.KQ,KOSDAQ,통신 및 방송 장비 제조업,비디오도어폰,1997-09-30,12월,고진호,http://www.kocom.com,서울특별시,코콤
코텍,52330,052330.KQ,KOSDAQ,영상 및 음향기기 제조업,산업용 모니터,2001-07-10,12월,김영달,http://www.kortek.co.kr,인천광역시,코텍
코퍼스코리아,322780,322780.KQ,KOSDAQ,"영화, 비디오물, 방송프로그램 제작 및 배급업",콘텐츠 배급 및 제작,2019-05-31,12월,오영섭,http://www.copus.co.kr,서울특별시,코퍼스코리아
콘텐트리중앙,36420,036420.KS,KOSPI,"영화, 비디오물, 방송프로그램 제작 및 배급업","영화 및 방송프로그램 제작, 유통, 광고",2019-10-18,12월,"이중원, 홍정인(각자대표)",http://www.jcontentree.com,서울특별시,콘텐트리중앙
콜마비앤에이치,200130,200130.KQ,KOSDAQ GLOBAL,기초 의약물질 제조업,건강기능식품,2014-07-23,12월,윤여원,http://www.kolmarbnh.co.kr,세종특별자치시,콜마비앤에이치
콜마홀딩스,24720,024720.KS,KOSPI,기타 금융업,"경영컨설팅,무역,과학및기술서비스업,도매",2002-04-09,12월,윤상현,http://www.kolmarholdings.co.kr,세종특별자치시,콜마홀딩스
콤텍시스템,31820,031820.KS,KOSPI,"컴퓨터 프로그래밍, 시스템 통합 및 관리업","시스템(네트웍) 구축/데이터통신장비(모뎀,먹스),종합네트워크시스템 제조,설치,유지보수",1997-02-12,12월,권창완,http://www.comtec.co.kr,경기도,콤텍시스템
쿠콘,294570,294570.KQ,KOSDAQ,소프트웨어 개발 및 공급업,"페이먼트서비스(65.2%), 데이터서비스(29.1%) 등",2021-04-28,12월,김종현,http://www.coocon.net,서울특별시,쿠콘
쿠쿠홀딩스,192400,192400.KS,KOSPI,기타 금융업,주방용 전기기기 제조업,2014-08-06,12월,구본학,http://www.cuckoo.co.kr,경상남도,쿠쿠홀딩스
쿠쿠홈시스,284740,284740.KS,KOSPI,개인 및 가정용품 임대업,"정수기, 공기청정기 등",2018-01-11,12월,구본학,"http://www,cuckoo.co.kr",경기도,쿠쿠홈시스
퀀타매트릭스,317690,317690.KQ,KOSDAQ,의료용 기기 제조업,신속항균제검사 장비 및 키트,2020-12-09,12월,권성훈,http://www.quantamatrix.com,서울특별시,퀀타매트릭스
퀀텀온,227100,227100.KQ,KOSDAQ,부동산 관련 서비스업,스마트 액세서리(보조배터리 등),2018-11-15,12월,"김준성, 서영효 (각자 대표이사)",http://quantumon.co.kr,서울특별시,퀀텀온
퀄리타스반도체,432720,432720.KQ,KOSDAQ,반도체 제조업,초고속 통신용 반도체 IP,2023-10-27,12월,김두호,http://q-semi.com,경기도,퀄리타스반도체
큐라켐,456190,456190.KQ,KONEX,의료용품 및 기타 의약 관련제품 제조업,방사성동위원소 표지화합물 합성,2023-05-18,12월,신숙정,http://www.curachem.com,충청북도,큐라켐
큐라클,365270,365270.KQ,KOSDAQ,자연과학 및 공학 연구개발업,혈관질환치료제 등,2021-07-22,12월,유재현,http://www.curacle.com,서울특별시,큐라클
큐라티스,348080,348080.KQ,KOSDAQ,자연과학 및 공학 연구개발업,"백신 및 면역증강제 개발제조업, CMO/CDMO",2023-06-15,12월,김성준,http://quratis.com,충청북도,큐라티스
큐러블,86460,086460.KQ,KONEX,자연과학 및 공학 연구개발업,유전체 분석 서비스,2013-07-01,12월,"김승일, 김진찬(각자대표)",http://www.curablent.com,경기도,큐러블
큐렉소,60280,060280.KQ,KOSDAQ,기타 상품 전문 소매업,"만화단행본, 정기간행물",2002-07-03,12월,이재준,http://www.curexo.com,서울특별시,큐렉소
큐로셀,372320,372320.KQ,KOSDAQ,자연과학 및 공학 연구개발업,CAR-T 세포치료제,2023-11-09,12월,김건수,http://curocellbtx.com,대전광역시,큐로셀
큐로홀딩스,51780,051780.KQ,KOSDAQ,음·식료품 및 담배 소매업,"DTIS, Probe Card, H.F PCB",2001-06-26,12월,조중기,http://www.curoholdings.com,서울특별시,큐로홀딩스
큐리언트,115180,115180.KQ,KOSDAQ,자연과학 및 공학 연구개발업,저분자 혁신신약,2016-02-29,12월,남기연,http://www.qurient.com,경기도,큐리언트
큐리옥스바이오시스템즈,445680,445680.KQ,KOSDAQ,의료용 기기 제조업,세포 전처리 자동화기기 등,2023-08-10,12월,김남용,http://curiox.co.kr,서울특별시,큐리옥스바이오시스템즈
큐브엔터,182360,182360.KQ,KOSDAQ,오디오물 출판 및 원판 녹음업,"음반음원, 콘서트, 아티스트매니지먼트",2013-11-21,12월,"강승곤, 안우형, 정철(공동대표)",http://www.cubeent.co.kr,서울특별시,큐브엔터
큐알티,405100,405100.KQ,KOSDAQ,"그외 기타 전문, 과학 및 기술 서비스업",반도체 신뢰성 검사 및 종합분석,2022-11-02,12월,김영부,http://qrtkr.com,경기도,큐알티
큐에스아이,66310,066310.KQ,KOSDAQ,반도체 제조업,레이저다이오드(LaserDiode),2006-11-24,12월,이청대,http://www.qsilaser.com,충청남도,큐에스아이
큐엠씨,136660,136660.KQ,KONEX,특수 목적용 기계 제조업,"반도체, LED, FPD 제조 및 검사 장비",2014-07-01,12월,유병소,http://www.iqmc.co.kr,경기도,큐엠씨
큐캐피탈,16600,016600.KQ,KOSDAQ,기타 금융업,"사모투자(PEF),벤처투자",1993-06-21,12월,황희연,http://www.qcapital.co.kr,서울특별시,큐캐피탈
크라우드웍스,355390,355390.KQ,KOSDAQ,소프트웨어 개발 및 공급업,인공지능 데이터 구축 서비스,2023-08-31,12월,김우승,http://www.crowdworks.kr,서울특별시,크라우드웍스
크라운제과,264900,264900.KS,KOSPI,"떡, 빵 및 과자류 제조업","비스킷, 스낵, 당과",2017-04-11,12월,윤석빈,http://www.crown.co.kr,서울특별시,크라운제과
크라운해태홀딩스,5740,005740.KS,KOSPI,기타 금융업,"비스켓,쵸코렛,사탕,웨이퍼 제조,도매",1976-06-30,12월,윤석빈,http://www.crown.co.kr,서울특별시,크라운해태홀딩스
크래프톤,259960,259960.KS,KOSPI,소프트웨어 개발 및 공급업,<배틀그라운드> 등 게임 소프트웨어,2021-08-10,12월,김창한,http://www.krafton.com,서울특별시,크래프톤
크레버스,96240,096240.KQ,KOSDAQ,일반 교습 학원,청담어학원,2008-06-27,12월,"이동훈, 김형준 (각자대표)",http://creverse.com,서울특별시,크레버스
크레오에스지,40350,040350.KQ,KOSDAQ,"컴퓨터 프로그래밍, 시스템 통합 및 관리업","시스템통합, 지능형교통시스템",2002-01-10,12월,이상균,http://www.curocom.com,서울특별시,크레오에스지
크로넥스,215570,215570.KQ,KONEX,자연과학 및 공학 연구개발업,CRO 및 생물종(미니피그),2015-12-28,12월,"이상철,김태호(공동대표)",http://www.cronex.co.kr,경기도,크로넥스
크리스에프앤씨,110790,110790.KQ,KOSDAQ,봉제의복 제조업,골프웨어,2018-10-01,12월,우진석 (단독대표),http://www.creas.co.kr,서울특별시,크리스에프앤씨
크리스탈신소재,900250,900250.KQ,KOSDAQ,기타 금융업,"합성운모 플레이크, 파우더, 테이프",2016-01-28,12월,다이중치우 (DAI ZHONG QIU),http://www.crystalnewmaterial.com,케이맨 제도,크리스탈신소재
크린앤사이언스,45520,045520.KQ,KOSDAQ,일반 목적용 기계 제조업,자동차용 여과지,2000-12-05,12월,곽규범,http://www.cands.co.kr,서울특별시,크린앤사이언스
클래시스,214150,214150.KQ,KOSDAQ GLOBAL,의료용 기기 제조업,미용의료기기,2015-04-03,12월,Seung Han Baek,http://classys.co.kr,서울특별시,클래시스
클로봇,466100,466100.KQ,KOSDAQ,소프트웨어 개발 및 공급업,"로봇 소프트웨어(카멜레온, 크롬스)",2024-10-28,12월,"각자 대표이사 김창구, 김경필",http://clobot.co.kr,경기도,클로봇
클리오,237880,237880.KQ,KOSDAQ,기타 화학제품 제조업,"색조화장품, 기초화장품",2016-11-09,12월,한현옥,http://www.clio.co.kr,서울특별시,클리오
키네마스터,139670,139670.KQ,KOSDAQ,소프트웨어 개발 및 공급업,"NexMFW, NexPlayer EMB",2011-12-02,12월,"홍기태, 송광은(공동대표)",http://www.kinemastercorp.com,서울특별시,키네마스터
키다리스튜디오,20120,020120.KS,KOSPI,"자료처리, 호스팅, 포털 및 기타 인터넷 정보매개 서비스업","웹툰,웹소설 플랫폼 서비스 및 출판, 영상콘텐츠 제작 및 유통",1996-07-03,12월,"허흥범, 박건원 (각자대표)",http://www.kidaristudio.com,서울특별시,키다리스튜디오
키움제10호스팩,487720,487720.KQ,KOSDAQ,금융 지원 서비스업,기업 인수합병,2024-12-20,12월,김대식,,서울특별시,키움제10호스팩
키움제11호스팩,489480,489480.KQ,KOSDAQ,금융 지원 서비스업,기업 인수합병,2024-12-11,12월,조선희,,서울특별시,키움제11호스팩
키움제8호스팩,446840,446840.KQ,KOSDAQ,금융 지원 서비스업,기업 인수합병,2023-05-17,12월,송현길,,서울특별시,키움제8호스팩
키움증권,39490,039490.KS,KOSPI,금융 지원 서비스업,"유가증권의 매매, 위탁, 인수, 주선",2009-08-03,12월,엄주성,http://www.kiwoom.com,서울특별시,키움증권
키이스트,54780,054780.KQ,KOSDAQ,"영화, 비디오물, 방송프로그램 제작 및 배급업",멀티미디어 SI,2003-11-14,12월,조지훈,http://www.keyeast.co.kr,서울특별시,키이스트
타스컴,336040,336040.KQ,KONEX,의료용 기기 제조업,당뇨질환 세포치료제 / 당뇨관리 의료기기,2019-12-02,12월,이인근,http://www.yidobio.com,경기도,타스컴
타이거일렉,219130,219130.KQ,KOSDAQ,전자부품 제조업,인쇄회로기판 제조업,2015-09-25,12월,허재정,http://www.tigerelec.com,인천광역시,타이거일렉
타이드,346010,346010.KQ,KONEX,전자부품 제조업,"PLC모뎀, DCU",2022-12-28,12월,조경종,http://www.tidekorea.com/kr,서울특별시,타이드
타임기술,318660,318660.KQ,KONEX,소프트웨어 개발 및 공급업,"ILS(종합군수지원), IETM(전자식기술교범), CBT(전자식교보재), 기술번역",2021-06-24,12월,주양효,http://timett.co.kr,경상남도,타임기술
타조엔터테인먼트,476710,476710.KQ,KONEX,창작 및 예술관련 서비스업,"공연기획, 방송·공연",2024-10-30,12월,이성호,http://tajoyent.com,서울특별시,타조엔터테인먼트
탈로스,434190,434190.KQ,KONEX,일차전지 및 이차전지 제조업,군용 리튬이온 이차전지,2022-10-24,12월,채재호,http://www.talos.or.kr,경기도,탈로스
탑런토탈솔루션,336680,336680.KQ,KOSDAQ,전자부품 제조업,전장디스플레이 및 pOLED 부품,2024-11-01,12월,"각 자 대표이사 박영근, 손종술",http://toprun.co.kr,경상북도,탑런토탈솔루션
탑머티리얼,360070,360070.KQ,KOSDAQ,일차전지 및 이차전지 제조업,"이차전지 시스템 엔지니어링, 전극소재, 양극소재",2022-10-18,12월,노환진,http://www.topmaterial.co.kr,경기도,탑머티리얼
탑선,180060,180060.KQ,KONEX,기타 전기장비 제조업,태양광 모듈,2017-10-27,12월,윤정택,http://topsun.kr,전라남도,탑선
탑엔지니어링,65130,065130.KQ,KOSDAQ,특수 목적용 기계 제조업,LCD Cell Line 자동화 장치,2003-01-29,12월,안만호,http://www.topengnet.com,경상북도,탑엔지니어링
탑코미디어,134580,134580.KQ,KOSDAQ,"자료처리, 호스팅, 포털 및 기타 인터넷 정보매개 서비스업",셋톱박스,2013-11-26,12월,유정석,http://www.topcomedia.co.kr,서울특별시,탑코미디어
태경비케이,14580,014580.KS,KOSPI,"시멘트, 석회, 플라스터 및 그 제품 제조업","생석회,소석회,석회비료 제조,판매/비금속광물 광업/산업폐기물 재생처리/휴게소 운영",1991-03-07,12월,"김민정, 정구일, 박충기 (각자 대표이사)",http://www.bkmp.co.kr,서울특별시,태경비케이
태경산업,15890,015890.KS,KOSPI,기초 화학물질 제조업,"제강용 정련제(프락스),카바이드,중질탈산칼슘 제조,판매/고속도로휴게소 운영",1996-01-30,12월,"김해련, 박충기, 김민정 (각자 대표이사)",http://www.taekyung.co.kr,서울특별시,태경산업
태경케미컬,6890,006890.KS,KOSPI,기초 화학물질 제조업,"드라이아이스,액체탄산,고체탄산 제조",2003-01-28,12월,박기환,http://www.taekyungchem.co.kr,서울특별시,태경케미컬
태광,23160,023160.KQ,KOSDAQ,1차 철강 제조업,"각종 배관자재, 관이음쇠류 제조 및 판매",1994-09-07,12월,"윤원식, 윤준식",http://www.tkbend.co.kr,부산광역시,태광
태광산업,3240,003240.KS,KOSPI,화학섬유 제조업,"석유화학제품(PTA,AN),화섬사,직물 등",1975-12-27,12월,"유태호, 오용근(공동 대표이사)",http://www.taekwang.co.kr,서울특별시,태광산업
태림포장,11280,011280.KS,KOSPI,"골판지, 종이 상자 및 종이용기 제조업","골판지,골판지상자,수출용박스 제조,도매/인쇄",1988-12-20,12월,이복진,http://www.tailim.com,경기도,태림포장
태성,323280,323280.KQ,KOSDAQ,특수 목적용 기계 제조업,PCB 자동화 설비,2019-06-24,12월,김종학,http://www.taesung2000.com,경기도,태성
태양,53620,053620.KQ,KOSDAQ,기타 금속 가공제품 제조업,"휴대용 부탄가스, 에어졸캔, 외주수탁품",2001-08-07,12월,현창수,http://sungroup.kr/taeyangsun,충청남도,태양
태양3C,52960,052960.KQ,KONEX,자동차 부품 및 내장품 판매업,"와이어링 하네스 커넥터, 초음파 프로브 케이블",2023-01-26,12월,황창순,http://www.tae-yang.co.kr,강원특별자치도,"태양3c, 태양3C"
태양금속공업,4100,004100.KS,KOSPI,자동차 신품 부품 제조업,"자동차용 강력볼트,너트,전기전자제품용 나사,자전거부품,전해동박,도금도장설비 제조",1976-05-25,12월,한우삼. 한하워드성(각자 대표이사),http://www.taeyangmetal.com,경기도,태양금속공업
태양기계,116100,116100.KQ,KONEX,자동차 신품 부품 제조업,엔진부품,2013-07-01,12월,박경희,http://www.sun-mc.co.kr,경기도,태양기계
태영건설,9410,009410.KS,KOSPI,토목 건설업,"종합건설업(토목공사,도로공사,건축공사,관급공사,환경공사,상하수도공사,하수종말처리공사)/부동산 임대,매매",1989-11-13,12월,"최금락, 최진국 (각자대표)",http://www.taeyoung.com,경기도,태영건설
태웅,44490,044490.KQ,KOSDAQ,기타 금속 가공제품 제조업,자유형단조품,2001-11-08,12월,장희상,http://www.taewoong.com,부산광역시,태웅
태웅로직스,124560,124560.KQ,KOSDAQ,기타 운송관련 서비스업,"3자물류주선 (복합운송, 프로젝트운송, CIS운송 등)",2019-12-10,12월,Han Jae dong and Cho Yong jun (individual representative directors),http://www.e-tgl.com,서울특별시,태웅로직스
태원물산,1420,001420.KS,KOSPI,자동차 신품 부품 제조업,"자동차부품,워터펌프,인산정제석고,건축자재(불연내장재), 제조,수출입",1975-06-24,12월,남기영,http://www.twms.co.kr,서울특별시,태원물산
테고사이언스,191420,191420.KQ,KOSDAQ,기초 의약물질 제조업,피부세포치료제,2014-11-06,12월,전세화,http://www.tegoscience.com,서울특별시,테고사이언스
테라사이언스,73640,073640.KQ,KOSDAQ,기타 금속 가공제품 제조업,유압용 관이음쇠,2004-01-06,12월,지서현,http://www.samwon-tech.com,경상남도,테라사이언스
테라젠이텍스,66700,066700.KQ,KOSDAQ,의약품 제조업,"Loading/Unloading System, PCB Bonding System",2004-05-27,12월,"고진업, 박시홍",http://www.thera-gen.com,경기도,테라젠이텍스
테스,95610,095610.KQ,KOSDAQ,특수 목적용 기계 제조업,반도체장비(화학증착장비),2008-05-20,12월,"주숭일, 이재호 (각자 대표이사)",http://www.hites.co.kr,경기도,테스
테이팩스,55490,055490.KS,KOSPI,플라스틱제품 제조업,"OCA, 2차전지용 테이프, 산업용 랩 등",2017-10-31,12월,허지행,http://tapex.co.kr,경기도,테이팩스
테크엔,308700,308700.KQ,KONEX,전구 및 조명장치 제조업,LED조명장치,2018-12-21,12월,박철,http://www.techen.co.kr,대구광역시,테크엔
테크엘,64520,064520.KQ,KOSDAQ,반도체 제조업,"메모리 카드, 스마트 카드 등",2002-12-04,12월,김재창,http://www.bec.co.kr,경기도,테크엘
테크윙,89030,089030.KQ,KOSDAQ,특수 목적용 기계 제조업,"반도체테스트핸들러,C.O.K(Change Over Kit)",2011-11-10,12월,"나윤성, 장 남 각자대표",http://techwing.co.kr,경기도,테크윙
테크트랜스,258050,258050.KQ,KONEX,기타 금속 가공제품 제조업,비철금속표면처리장비 및 솔루션,2018-07-13,12월,유재인,http://www.techtrans.co.kr,경상북도,테크트랜스
텔레칩스,54450,054450.KQ,KOSDAQ,반도체 제조업,"디지털미디어프로세서,발신자정보표시칩",2004-12-10,12월,이장규,http://www.telechips.com,경기도,텔레칩스
텔코웨어,78000,078000.KS,KOSPI,"자료처리, 호스팅, 포털 및 기타 인터넷 정보매개 서비스업","소프트웨어(핵심망솔루션,무선데이터솔루션,요소기술) 개발,유지보수,무역",2004-07-20,12월,"금한태, 배성 (각자 대표이사)",http://www.telcoware.com,서울특별시,텔코웨어
텔콘RF제약,200230,200230.KQ,KOSDAQ,의약품 제조업,"RF 통신부품(케이블 어셈블리, 커넥터 등)",2014-11-24,12월,김지훈,http://www.telcon.co.kr,경기도,"텔콘rf제약, 텔콘RF제약"
토니모리,214420,214420.KS,KOSPI,기타 화학제품 제조업,"스킨케어 베이직, 포인트 메이크업, 스킨케어 스페셜, 베이스 메이크업 등",2015-07-10,12월,김승철,http://www.tonysteet.com,서울특별시,토니모리
토마토시스템,393210,393210.KQ,KOSDAQ,소프트웨어 개발 및 공급업,"UI/UX솔루션, 대학정보화사업 SW",2023-04-27,12월,이상돈,http://tomatosystem.co.kr,서울특별시,토마토시스템
토모큐브,475960,475960.KQ,KOSDAQ,사진장비 및 광학기기 제조업,"홀로토모그래피 HT-X1, HT-2H",2024-11-07,12월,박용근,http://www.tomocube.com,대전광역시,토모큐브
토박스코리아,215480,215480.KQ,KOSDAQ,"섬유, 의복, 신발 및 가죽제품 소매업",유아동 신발,2015-05-13,12월,윤여준,http://toebox.com,서울특별시,토박스코리아
토비스,51360,051360.KQ,KOSDAQ,영상 및 음향기기 제조업,Gaming모니터,2004-11-19,12월,"김 용 범, 하 희 조",http://www.tovism.com,인천광역시,토비스
토탈소프트,45340,045340.KQ,KOSDAQ,소프트웨어 개발 및 공급업,해운물류소프트웨어 (CATOS 등),2002-07-19,12월,최장수,http://www.tsb.co.kr,부산광역시,토탈소프트
톱텍,108230,108230.KQ,KOSDAQ,특수 목적용 기계 제조업,디스플레이 자동화설비,2009-09-15,12월,정지용,http://toptec.co.kr,경상북도,톱텍
투비소프트,79970,079970.KQ,KOSDAQ,소프트웨어 개발 및 공급업,"MiPlatform, X Platform",2010-06-01,12월,김모란희 단독대표,http://www.tobesoft.com,서울특별시,투비소프트
툴젠,199800,199800.KQ,KOSDAQ,자연과학 및 공학 연구개발업,유전자교정 플랫폼 관련 제품,2021-12-10,12월,유종상,http://toolgen.com,서울특별시,툴젠
트루엔,417790,417790.KQ,KOSDAQ,영상 및 음향기기 제조업,"IP 카메라, 영상스트리밍솔루션, IoT기기 및 서비스",2023-05-17,12월,안재천,http://truen.co.kr,서울특별시,트루엔
트윔,290090,290090.KQ,KOSDAQ,소프트웨어 개발 및 공급업,AI 기반 스마트팩토리 검사 소프트웨어 및 설비,2021-11-17,12월,정한섭(단독대표),http://www.twim21.com,경기도,트윔
특수건설,26150,026150.KQ,KOSDAQ,토목 건설업,보링,1997-08-06,12월,"김중헌, 김도헌 (각자 대표이사)",http://www.tuksu.co.kr,서울특별시,특수건설
티디에스팜,464280,464280.KQ,KOSDAQ,의약품 제조업,"경피약물전달시스템(습포제, 첩부제)",2024-08-21,12월,김철준,http://www.tdspharm.com,경기도,티디에스팜
티로보틱스,117730,117730.KQ,KOSDAQ,특수 목적용 기계 제조업,"중대형 시스템, 중대형 로봇",2018-11-29,12월,안승욱,http://www.t-robotics.net,경기도,티로보틱스
티비씨,33830,033830.KQ,KOSDAQ,텔레비전 방송업,"텔레비젼 방송,문화서비스,광고/출판,음반 제작,도매",2010-11-29,12월,박석현,http://www.tbc.co.kr,대구광역시,티비씨
티비에이치글로벌,84870,084870.KS,KOSPI,봉제의복 제조업,"캐주얼의류,여성의류,남성의류 제조,도소매",2005-12-19,12월,우종완,http://www.tbhglobal.co.kr,서울특별시,티비에이치글로벌
티사이언티픽,57680,057680.KQ,KOSDAQ,소프트웨어 개발 및 공급업,모바일쿠폰,2002-06-18,12월,"김상우,유승재(각자대표)",http://www.tscientific.co.kr,서울특별시,티사이언티픽
티쓰리,204610,204610.KQ,KOSDAQ,소프트웨어 개발 및 공급업,온라인 및 모바일 게임 등,2022-11-17,12월,홍민균,http://www.t3.co.kr,서울특별시,티쓰리
티씨케이,64760,064760.KQ,KOSDAQ GLOBAL,기타 비금속 광물제품 제조업,반도체 제조공정용 고순도 흑연제품,2003-08-18,12월,"신 히데오, 오창민 (각자대표)",http://www.tck.co.kr,경기도,티씨케이
티앤알바이오팹,246710,246710.KQ,KOSDAQ,기초 의약물질 제조업,"생분해성 의료기기, 3D 바이오프린팅 시스템, 바이오잉크, 3D 오가노이드, 3D 세포치료제",2018-11-28,12월,윤원수,http://www.tnrbiofab.com,경기도,티앤알바이오팹
티앤엘,340570,340570.KQ,KOSDAQ,의료용품 및 기타 의약 관련제품 제조업,"창상치료재, 정형외과용 고정재",2020-11-20,12월,최윤소,http://www.tnl.co.kr,경기도,티앤엘
티에스넥스젠,43220,043220.KQ,KOSDAQ,특수 목적용 기계 제조업,"발전설비 Damper, 전력설비 Busway",2001-07-03,12월,김한국,http://www.hlbpower.com,서울특별시,티에스넥스젠
티에스아이,277880,277880.KQ,KOSDAQ,특수 목적용 기계 제조업,"2차전지 장비(믹싱시스템, 믹싱제작품, 믹싱 공사, 코터건조시스템)",2020-07-22,12월,표인식,http://taesungind.co.kr,경기도,티에스아이
티에스이,131290,131290.KQ,KOSDAQ,"측정, 시험, 항해, 제어 및 기타 정밀기기 제조업; 광학기기 제외","Probe Card, Test Interface Board, LED Test Equipment",2011-01-05,12월,"김철호, 김명진(각자 대표)",http://www.tse21.com,충청남도,티에스이
티에이치엔,19180,019180.KS,KOSPI,기타 전기장비 제조업,"자동차부품(전기배선장치류) 제조,도매",1996-07-31,12월,"이광연, 채승훈",http://www.th-net.co.kr,대구광역시,티에이치엔
티에프이,425420,425420.KQ,KOSDAQ,전자부품 제조업,"COK, Board, Test Socket",2022-11-17,12월,문성주,http://www.tfe.co.kr,경기도,티에프이
티엑스알로보틱스,484810,484810.KQ,KOSDAQ,일반 목적용 기계 제조업,"물류자동화, 로봇자동화, AMR/AGV",2025-03-20,12월,엄인섭,http://www.txr.kr,경기도,티엑스알로보틱스
티엔엔터테인먼트,131100,131100.KQ,KOSDAQ,"영화, 비디오물, 방송프로그램 제작 및 배급업","연예인 매니지먼트, 계육, 식음료",2011-06-14,12월,"김동준, 윤동현(각자대표이사)",http://chorokbaemenm.com,서울특별시,티엔엔터테인먼트
티엘비,356860,356860.KQ,KOSDAQ,전자부품 제조업,SSD Module / DRAM Module PCB,2020-12-14,12월,백성현,http://www.tlbpcb.com,경기도,티엘비
티엘엔지니어링,413300,413300.KQ,KONEX,"건축기술, 엔지니어링 및 관련 기술 서비스업",클린룸 설계 및 시공,2022-09-27,12월,서충옥,http://tleng.kr,경기도,티엘엔지니어링
티와이홀딩스,363280,363280.KS,KOSPI,기타 금융업,지주사업,2020-09-22,12월,오동헌,http://www.ty-holdings.co.kr,서울특별시,티와이홀딩스
티움바이오,321550,321550.KQ,KOSDAQ,자연과학 및 공학 연구개발업,"특발성폐섬유증 치료제, 면역항암제, 자궁내막증치료제, 혈우병치료제",2019-11-22,12월,김훈택,http://www.tiumbio.com,경기도,티움바이오
티웨이항공,91810,091810.KS,KOSPI,항공 여객 운송업,저가 항공운송,2018-08-01,12월,정홍근,http://www.twayair.com,대구광역시,티웨이항공
티웨이홀딩스,4870,004870.KS,KOSPI,"시멘트, 석회, 플라스터 및 그 제품 제조업","레미콘,콘크리트파일,완구 제조/미니어쳐테마파크 운영",1977-06-30,12월,황정현,http://www.twayholdings.com,서울특별시,티웨이홀딩스
티이엠씨,425040,425040.KQ,KOSDAQ,기초 화학물질 제조업,반도체용 특수가스,2023-01-19,12월,유원양,http://temc.co.kr,충청북도,티이엠씨
티이엠씨씨엔에스,241790,241790.KQ,KOSDAQ,특수 목적용 기계 제조업,"반도체 케미칼 및 특수가스, 반도체 장비",2016-12-01,12월,이동준,http://www.oceanbridge.co.kr,경기도,티이엠씨씨엔에스
티케이지휴켐스,69260,069260.KS,KOSPI,기타 화학제품 제조업,"화합물,화학제품 제조",2002-10-07,12월,김우찬,http://www.huchems.com,서울특별시,티케이지휴켐스
티케이케미칼,104480,104480.KQ,KOSDAQ,화학섬유 제조업,"수지, 폴리에스터, 스판덱스",2011-04-26,12월,이동수,http://www.tkchemi.co.kr,대구광역시,티케이케미칼
티플랙스,81150,081150.KQ,KOSDAQ,기타 금속 가공제품 제조업,"스텐레스봉,판(열간제품) 제조,도매",2009-04-23,12월,"김영국, 김태섭 각자대표이사",http://www.tplex.co.kr,경기도,티플랙스
티피씨글로벌,130740,130740.KQ,KOSDAQ,자동차 신품 부품 제조업,"정밀인발강관, 정밀강관, Water pipe, Filler Neck 등",2011-02-08,12월,이정훈,http://www.tc21.co.kr,경상북도,티피씨글로벌
틸론,217880,217880.KQ,KONEX,소프트웨어 개발 및 공급업,"가상화 솔루션(D,A,V,E,I,T Solution) 및 ecloud.com",2015-05-28,12월,최백준,http://www.tilon.com,서울특별시,틸론
팅크웨어,84730,084730.KQ,KOSDAQ,통신 및 방송 장비 제조업,"내비게이션,블랙박스,태블릿 및 위치정보서비스",2006-05-19,12월,이흥복,http://www.thinkware.co.kr,경기도,팅크웨어
파두,440110,440110.KQ,KOSDAQ,반도체 제조업,SSD 컨트롤러,2023-08-07,12월,"이지효,남이현",http://www.fadu.io,서울특별시,파두
파라다이스,34230,034230.KS,KOSPI,유원지 및 기타 오락관련 서비스업,"카지노, 호텔, 복합리조트",2024-06-24,12월,최종환,http://www.paradise.co.kr,서울특별시,파라다이스
파라텍,33540,033540.KQ,KOSDAQ,특수 목적용 기계 제조업,소방기기,1997-12-26,12월,박선기,http://www.paratech.co.kr,충청남도,파라텍
파로스아이바이오,388870,388870.KQ,KOSDAQ,자연과학 및 공학 연구개발업,PHI-101 급성골수성백혈병 치료제 및 재발성난소암 치료제,2023-07-27,12월,윤정혁,http://www.pharosibio.com,경기도,파로스아이바이오
파루,43200,043200.KQ,KOSDAQ,"전동기, 발전기 및 전기 변환 · 공급 · 제어 장치 제조업","온습도 조절기(에어쿨), 무인방제기(야호)",2000-07-19,12월,강문식,http://www.paru.co.kr,전라남도,파루
파마리서치,214450,214450.KQ,KOSDAQ GLOBAL,의료용품 및 기타 의약 관련제품 제조업,재생의약품,2015-07-24,12월,손지훈,http://pharmaresearch.co.kr,강원특별자치도,파마리서치
파마리서치바이오,217950,217950.KQ,KONEX,의약품 제조업,"메디컬 에스테틱, 생물학적 제재",2015-11-05,12월,"백승걸, 원치엽 (각자대표)",http://www.pr-bio.co.kr,강원특별자치도,파마리서치바이오
파멥신,208340,208340.KQ,KOSDAQ,의약품 제조업,항체치료제,2018-11-21,12월,심주엽,http://www.pharmabcine.com,대전광역시,파멥신
파미셀,5690,005690.KS,KOSPI,기초 의약물질 제조업,"줄기세포치료제,화장품",1988-05-20,12월,김현수,http://www.pharmicell.com,서울특별시,파미셀
파버나인,177830,177830.KQ,KOSDAQ,전자부품 제조업,"알루미늄 소재 TV 외관재(프레임, 스탠드)",2014-08-04,12월,이제훈,http://www.pavonine.net,인천광역시,파버나인
파세코,37070,037070.KQ,KOSDAQ,가정용 기기 제조업,"창문형에어컨,석유스토브",2000-01-04,12월,유일한,http://www.paseco.co.kr,경기도,파세코
파수,150900,150900.KQ,KOSDAQ,소프트웨어 개발 및 공급업,기업용 문서보안 솔루션,2013-10-18,12월,조규곤,http://www.fasoo.com,서울특별시,파수
파워넷,37030,037030.KQ,KOSDAQ,"전동기, 발전기 및 전기 변환 · 공급 · 제어 장치 제조업",전력변환장치,2018-06-07,12월,"김상우, 이돈주(각자대표)",http://www.gopowernet.com,서울특별시,파워넷
파워로직스,47310,047310.KQ,KOSDAQ,"전동기, 발전기 및 전기 변환 · 공급 · 제어 장치 제조업","2차전지 보호회로 및 배터리팩, 카메라모듈",2003-07-25,12월,장동훈,http://www.powerlogics.co.kr,충청북도,파워로직스
파워풀엑스,266870,266870.KQ,KONEX,기타 화학제품 제조업,플렉스파워 리커버리크림,2017-04-24,12월,박인철,http://www.flexpower.co.kr,서울특별시,파워풀엑스
파이버프로,368770,368770.KQ,KOSDAQ,"측정, 시험, 항해, 제어 및 기타 정밀기기 제조업; 광학기기 제외",광섬유 관성센서 및 관성 측정장치,2021-01-21,12월,고연완,http://www.fiberpro.com,대전광역시,파이버프로
파이오링크,170790,170790.KQ,KOSDAQ,통신 및 방송 장비 제조업,"ADC(서버부하 분산장치), 보안스위치, 웹방화벽",2013-08-01,12월,조영철,http://www.piolink.com,서울특별시,파이오링크
파인디앤씨,49120,049120.KQ,KOSDAQ,전자부품 제조업,"CHASSIS , 금형",2001-07-26,12월,"홍성천,김종찬(각자대표)",http://www.finednc.co.kr,충청남도,파인디앤씨
파인디지털,38950,038950.KQ,KOSDAQ,통신 및 방송 장비 제조업,"원격 RF 감시장치, 디지털 광 중계기, 노드분배기",2000-05-04,12월,김용훈,http://www.finedigital.com,경기도,파인디지털
파인메딕스,387570,387570.KQ,KOSDAQ,의료용 기기 제조업,"인젝터, 스네어, 나이프, 포셉 등 내시경용 시술기구",2024-12-26,12월,"전성우, 김성철",http://finemedix.com,대구광역시,파인메딕스
파인엠텍,441270,441270.KQ,KOSDAQ,전자부품 제조업,IT부품,2022-10-07,12월,이재규,http://www.finemtec.com,경기도,파인엠텍
파인테크닉스,106240,106240.KQ,KOSDAQ,전구 및 조명장치 제조업,LED조명기기,2009-03-16,12월,김근우,http://www.finetechnix.com,경기도,파인테크닉스
파인텍,131760,131760.KQ,KOSDAQ,특수 목적용 기계 제조업,OLED 제조장비,2015-08-17,12월,강원일,http://www.ifinetek.com,경기도,파인텍
파커스,65690,065690.KQ,KOSDAQ,고무제품 제조업,"프린터 부품, LED 조명기기,및 헬스케어 제품 제조업체",2002-07-16,12월,박창식,http://www.xleds.co.kr,충청남도,파커스
파크시스템스,140860,140860.KQ,KOSDAQ,"측정, 시험, 항해, 제어 및 기타 정밀기기 제조업; 광학기기 제외",연구용 및 산업용 원자현미경,2015-12-17,12월,박상일,http://www.parkafm.co.kr,경기도,파크시스템스
파트론,91700,091700.KQ,KOSDAQ GLOBAL,전자부품 제조업,"카메라모듈, 안테나, 센서류 등",2006-12-13,12월,"Kim Jong-koo, Kim Won-keun",http://www.partron.co.kr,경기도,파트론
판도라티비,202960,202960.KQ,KONEX,소프트웨어 개발 및 공급업,"판도라TV, KM 플레이어",2014-08-11,12월,김경익,http://www.pandora.tv,경기도,판도라티비
판타지오,32800,032800.KQ,KOSDAQ,창작 및 예술관련 서비스업,서비스,1997-06-26,06월,신영진,http://www.fantagio.kr,서울특별시,판타지오
팜스빌,318010,318010.KQ,KOSDAQ,기타 식품 제조업,다이어트 제품 및 건강기능 관련 제품,2019-10-22,12월,이병욱,http://www.pharmsville.com,서울특별시,팜스빌
팜스코,36580,036580.KS,KOSPI,"곡물가공품, 전분 및 전분제품 제조업","배합사료 제조,도매",1999-10-25,12월,김남욱,http://www.farmsco.com,경기도,팜스코
팜스토리,27710,027710.KQ,KOSDAQ,동물용 사료 및 조제식품 제조업,사료,1996-07-06,12월,"편명식, 배수한(각자대표)",http://www.dodrambnf.co.kr,서울특별시,팜스토리
팜젠사이언스,4720,004720.KS,KOSPI,의약품 제조업,의약품 외,1990-06-15,12월,김혜연 박희덕(각자),http://www.pharmgenscience.com,경기도,팜젠사이언스
팡스카이,266350,266350.KQ,KONEX,소프트웨어 개발 및 공급업,게임 개발 및 리퍼블리싱,2024-06-28,12월,이병진(단독대표이사),http://www.panggame.com,서울특별시,팡스카이
패션플랫폼,225590,225590.KQ,KOSDAQ,봉제의복 제조업,여성복,2015-10-05,12월,박원희,http://fashion-platform.co.kr,서울특별시,패션플랫폼
팬스타엔터프라이즈,54300,054300.KQ,KOSDAQ,일반 목적용 기계 제조업,자동차 정비용 리프트,2002-01-10,12월,"김현겸, 권재근",http://www.heshbon.com,부산광역시,팬스타엔터프라이즈
팬엔터테인먼트,68050,068050.KQ,KOSDAQ,"영화, 비디오물, 방송프로그램 제작 및 배급업","방송영상물,음반",2006-07-07,12월,박영석,http://www.thepan.co.kr,서울특별시,팬엔터테인먼트
팬오션,28670,028670.KS,KOSPI,해상 운송업,"해상화물운송(외항,운수보관)",2007-09-21,12월,"김홍국, 안중호(각자 대표이사)",http://www.panocean.com,서울특별시,팬오션
팬젠,222110,222110.KQ,KOSDAQ,의약품 제조업,"바이오시밀러 의약품 개발, 바이오의약품 개발 기술이전 서비스 등",2016-03-11,12월,윤재승,http://www.pangen.com,경기도,팬젠
팸텍,271830,271830.KQ,KOSDAQ,특수 목적용 기계 제조업,"카메라모듈 검사장비, 반도체 검사장비",2023-05-23,12월,김재웅,http://www.pamtek.com,경기도,팸텍
퍼스텍,10820,010820.KS,KOSPI,무기 및 총포탄 제조업,"방위산업제품,프린터,불소화합물,자동차용 매트 제조/얼굴인식시스템 개발",1989-05-10,12월,손경석,http://www.firsteccom.co.kr,경상남도,퍼스텍
퍼시스,16800,016800.KS,KOSPI,가구 제조업,"사무용 가구,의자,책상,캐비넷 제조",1996-12-24,12월,"배상돈,박광호",http://www.fursys.co.kr,서울특별시,퍼시스
펄어비스,263750,263750.KQ,KOSDAQ GLOBAL,소프트웨어 개발 및 공급업,온라인게임 개발 서비스(검은사막),2017-09-14,12월,허진영,http://www.pearlabyss.com,경기도,펄어비스
펌텍코리아,251970,251970.KQ,KOSDAQ,플라스틱제품 제조업,화장품 용기,2019-07-04,12월,"이재신, 이도훈",http://www.pum-tech.co.kr,인천광역시,펌텍코리아
페이퍼코리아,1020,001020.KS,KOSPI,"펄프, 종이 및 판지 제조업","제지(신문용지,중질지),합판 제조,건설,석유류 판매",1976-06-26,12월,권육상,http://www.papercorea.co.kr,전북특별자치도,페이퍼코리아
펨토바이오메드,327610,327610.KQ,KONEX,의료용 기기 제조업,CellShot 플랫폼 / CellShot 기반 항암백신치료 제품군 / CellShot 기반 자가면역질환치료 제품군 / CellShot 기반 바이오의약품 생산세포주 제품군,2019-07-10,12월,이상현 (단독대표),http://www.femtobiomed.com,경기도,펨토바이오메드
펨트론,168360,168360.KQ,KOSDAQ,특수 목적용 기계 제조업,3D 정밀측정 검사장비,2022-11-24,12월,유영웅,http://www.pemtron.com,서울특별시,펨트론
펩트론,87010,087010.KQ,KOSDAQ,기초 의약물질 제조업,약효지속성 의약품 및 펩타이드 소재,2015-07-22,12월,최호일,http://www.peptron.co.kr,대전광역시,펩트론
평화산업,90080,090080.KS,KOSPI,자동차 신품 부품 제조업,"자동차부품(방진고무,방류고무(COVER류,CUP류),호스류),장비시설용 부품 제조,판매",2006-06-02,12월,"황순용, 김주영",http://www.ph.co.kr,대구광역시,평화산업
평화홀딩스,10770,010770.KS,KOSPI,자동차 신품 부품 제조업,지주회사,1986-03-31,12월,"황순용, 김주영",http://www.phhc.co.kr,대구광역시,평화홀딩스
포니링크,64800,064800.KQ,KOSDAQ,"섬유, 의복, 신발 및 가죽제품 소매업",의류제품,2002-08-22,12월,"황정일, 남경필",http://www.gemvaxlink.com,서울특별시,포니링크
포메탈,119500,119500.KQ,KOSDAQ,기타 금속 가공제품 제조업,"자동차,풍력,방위산업,산업기계,농기계등의 단조부품",2010-09-17,12월,오호석,http://www.formetal.co.kr,충청남도,포메탈
포바이포,389140,389140.KQ,KOSDAQ,"영화, 비디오물, 방송프로그램 제작 및 배급업",광고영화 및 비디오물 제작업,2022-04-28,12월,윤준호,http://4by4inc.com,서울특별시,포바이포
포스뱅크,105760,105760.KQ,KOSDAQ,일반 목적용 기계 제조업,"POS 단말기, KIOSK 단말기",2024-01-29,12월,은동욱,http://www.posbank.com,서울특별시,포스뱅크
포스코스틸리온,58430,058430.KS,KOSPI,1차 철강 제조업,"용융아연도금강판,용융알루미늄도금강판,칼라도장강판,냉연강판 가공,제조,도매",2002-08-16,12월,대표이사 사장 천시열,http://www.poscocnc.com,경상북도,포스코스틸리온
포스코엠텍,9520,009520.KQ,KOSDAQ GLOBAL,1차 철강 제조업,철강포장용역 및 Al탈산제 생산,1997-11-10,12월,Kim Jin-bo,http://www.poscomtech.com,경상북도,포스코엠텍
포스코인터내셔널,47050,047050.KS,KOSPI,상품 중개업,"영업활동의 주요 품목으로 에너지 사업내 천연가스 발전, 태양력, 풍력, 수소 등이 있으며, 트레이딩 사업은 철강 및 철강원료, 이차전지소재, 곡물, 유지, 면방, 바이오플라스틱, 친환경차부품, 인프라 및 산업 플랜트 등이 있음.",2001-03-23,12월,대표이사 사장 이계인,http://www.poscointl.com,서울특별시,"POSCO Intl. Posco 인터내셔널, Posco International "
포스코퓨처엠,3670,003670.KS,KOSPI,일차전지 및 이차전지 제조업,"내화물, 생석회, 음극재 및 양극재",2019-05-29,12월,엄기천,http://www.poscofuturem.com,경상북도,포스코퓨처엠
포스코DX,22100,022100.KS,KOSPI,"건축기술, 엔지니어링 및 관련 기술 서비스업",EIC 자동화 엔지니어링 및 IT서비스,2024-01-02,12월,심민석,http://www.poscodx.com,경상북도,"포스코dx, 포스코DX"
포시에스,189690,189690.KQ,KOSDAQ,소프트웨어 개발 및 공급업,기업용 리포팅 소프트웨어 솔루션(OZ-Report 등),2015-02-11,06월,"박미경, 조종민",http://www.forcs.com,서울특별시,포시에스
포인트모바일,318020,318020.KQ,KOSDAQ,컴퓨터 및 주변장치 제조업,산업용 PDA,2020-12-03,12월,이철환,http://pointmobile.com,서울특별시,포인트모바일
포인트엔지니어링,256630,256630.KQ,KOSDAQ,기타 금속 가공제품 제조업,디스플레이 및 반도체 장비 부품,2017-05-02,12월,"안범모, 강대현",http://www.pointeng.co.kr,충청남도,포인트엔지니어링
포커스에이치엔에스,331380,331380.KQ,KOSDAQ,영상 및 음향기기 제조업,영상저장장치 및 카메라,2019-10-02,12월,"김대중, 박철웅 (각자 대표이사)",http://www.focushns.com,경기도,포커스에이치엔에스
폰드그룹,472850,472850.KQ,KOSDAQ,봉제의복 제조업,"의류(언더웨어, 의복, 잡화, 코스메틱 등)",2024-02-02,12월,임종민 / 김유진,http://www.pond-group.co.kr,서울특별시,폰드그룹
폴라리스세원,234100,234100.KQ,KOSDAQ,자동차 신품 부품 제조업,자동차 공조장치 부품,2017-10-20,12월,김영관,http://www.polaris-sewon.com,경기도,폴라리스세원
폴라리스오피스,41020,041020.KQ,KOSDAQ,소프트웨어 개발 및 공급업,시스템 소프트웨어,2005-10-28,12월,지준경,http://www.polarisofficecorp.com,서울특별시,폴라리스오피스
폴라리스우노,114630,114630.KQ,KOSDAQ,화학섬유 제조업,"PVC가발사, 난연고열사",2010-01-15,12월,최용성,http://www.unon.co.kr,전북특별자치도,폴라리스우노
폴라리스AI,39980,039980.KQ,KOSDAQ,"컴퓨터 프로그래밍, 시스템 통합 및 관리업","TRS통신, Kipling Bag외",2002-08-13,12월,지준경,http://www.polarisai.co.kr,서울특별시,"폴라리스ai, 폴라리스AI"
폴라리스AI파마,41910,041910.KQ,KOSDAQ,의약품 제조업,원료의약품,2004-02-06,12월,김영관,http://www.polarisaipharma.com,경기도,"폴라리스ai파마, 폴라리스AI파마"
푸드나무,290720,290720.KQ,KOSDAQ,무점포 소매업,,2018-10-04,12월,김도형,http://www.foodnamoo.com,서울특별시,푸드나무
푸드웰,5670,005670.KQ,KOSDAQ,"과실, 채소 가공 및 저장 처리업","깐밤, 통조림류, 딸기시럽류, 음료제품 등",1993-12-07,12월,"성민겸, 최영길(각자대표)",http://www.foodwell.com,대구광역시,푸드웰
푸른기술,94940,094940.KQ,KOSDAQ,컴퓨터 및 주변장치 제조업,"금융자동화기기모듈,역무자동화기기모듈,특수단말시스템",2007-09-14,12월,함현철,http://www.puloon.co.kr,서울특별시,푸른기술
푸른소나무,57880,057880.KQ,KOSDAQ,"섬유, 의복, 신발 및 가죽제품 소매업",의료기기,2003-12-29,12월,김은광,http://www.philosyshealthcare.co.kr,경기도,푸른소나무
푸른저축은행,7330,007330.KQ,KOSDAQ,은행 및 저축기관,대출이자,1993-12-07,12월,송명구 (단독대표),http://www.prsb.co.kr,서울특별시,푸른저축은행
풀무원,17810,017810.KS,KOSPI,기타 식품 제조업,"두부류,생면류,나물류,냉동류,조미류,김치류,묵류,녹즙,과채음료,건강보조식품 판매,제조,생식품 수출",1995-10-05,12월,이우봉,http://www.pulmuone.co.kr,충청북도,풀무원
풍강,93380,093380.KQ,KOSDAQ,기타 금속 가공제품 제조업,자동차용너트류,2007-06-01,08월,김진용,http://www.pungkang.co.kr,경기도,풍강
풍국주정,23900,023900.KQ,KOSDAQ,알코올음료 제조업,발효주정,1994-11-23,12월,"이한용, 김규호(각자 대표이사)",http://www.pungguk.com,대구광역시,풍국주정
풍산,103140,103140.KS,KOSPI,1차 비철금속 제조업,,2008-07-30,12월,"류진, 박우동",http://www.poongsan.co.kr,경기도,풍산
풍산홀딩스,5810,005810.KS,KOSPI,기타 금융업,"동판제,대,관,봉,선,소전,동파이프 제조,도매,무역",1988-07-28,12월,박우동,http://www.poongsanhc.co.kr,인천광역시,풍산홀딩스
풍원정밀,371950,371950.KQ,KOSDAQ,전자부품 제조업,OLED 증착용 Metal Mask,2022-02-28,12월,유명훈,http://poongwon.com,경기도,풍원정밀
퓨런티어,370090,370090.KQ,KOSDAQ,"측정, 시험, 항해, 제어 및 기타 정밀기기 제조업; 광학기기 제외","전장카메라모듈장비, 모바일카메라모듈장비, PC및 광원",2022-02-23,12월,오상근,http://www.furonteer.com,경기도,퓨런티어
퓨릿,445180,445180.KQ,KOSDAQ,기초 화학물질 제조업,"반도체용 케미컬, 디스플레이용 케미컬, 산업용 케미컬",2023-10-18,12월,김정수,http://purit.co.kr,경상북도,퓨릿
퓨처코어,151910,151910.KQ,KOSDAQ,전자부품 제조업,"Blue Filter, IR Filter, Camera Module",2012-08-02,12월,김배성,http://www.nanosm.com,경기도,퓨처코어
퓨쳐메디신,341170,341170.KQ,KONEX,자연과학 및 공학 연구개발업,뉴클레오사이드 유도체 기반 합성의약품,2022-07-27,12월,정낙신/정완석,http://www.futuremedicine.co.kr,경기도,퓨쳐메디신
퓨쳐켐,220100,220100.KQ,KOSDAQ,의약품 제조업,"PET 방사성의약품, 자동합성장치, 합성시약 및 전구체",2016-12-01,12월,지대윤,http://www.futurechem.co.kr,서울특별시,퓨쳐켐
프럼파스트,35200,035200.KQ,KOSDAQ,플라스틱제품 제조업,주택건설용 플라스틱 배관,2002-01-15,12월,원재희,http://www.plumbfast.co.kr,세종특별자치시,프럼파스트
프레스티지바이오로직스,334970,334970.KQ,KOSDAQ,의약품 제조업,바이오시밀러 제조,2021-03-11,06월,김진우,http://www.prestigebiologics.com,충청북도,프레스티지바이오로직스
프레스티지바이오파마,950210,950210.KS,KOSPI,자연과학 및 공학 연구개발업,바이오시밀러 및 항체의약품 신약,2021-02-05,06월,박소연,http://www.prestigebiopharma.com,싱가포르,프레스티지바이오파마
프로이천,321260,321260.KQ,KOSDAQ,반도체 제조업,합병,2019-05-31,12월,임이빈,http://pro-2000.co.kr,경기도,프로이천
프로젠,296160,296160.KQ,KONEX,자연과학 및 공학 연구개발업,바이오의약품,2023-11-15,12월,김종균,http://progen.co.kr,서울특별시,프로젠
프로텍,53610,053610.KQ,KOSDAQ,특수 목적용 기계 제조업,"Dispenser, Tray Feeder, 공압실린더",2001-08-17,12월,최승환,http://www.protec21.co.kr,경기도,프로텍
프로티아,303360,303360.KQ,KOSDAQ,의료용 기기 제조업,알레르기 진단 제품,2023-06-16,12월,임국진,http://www.protia.co.kr,서울특별시,프로티아
프롬바이오,377220,377220.KQ,KOSDAQ,기타 식품 제조업,개별인정형 건강기능식품,2021-09-28,12월,심태진,http://frombio-company.co.kr,경기도,프롬바이오
프리시젼바이오,335810,335810.KQ,KOSDAQ,의료용 기기 제조업,체외진단 기기 및 시약,2020-12-22,12월,김한신,http://precision-bio.com,대전광역시,프리시젼바이오
프리엠스,53160,053160.KQ,KOSDAQ,"전동기, 발전기 및 전기 변환 · 공급 · 제어 장치 제조업","건설장비용 전장품,제어기",2001-10-30,12월,"박흥식,주흥식",http://www.freems.co.kr,경기도,프리엠스
플라즈맵,405000,405000.KQ,KOSDAQ,의료용 기기 제조업,플라즈마 멸균기 및 표면처리기기,2022-10-21,12월,김형민(단독 대표이사),http://plasmapp.com,대전광역시,플라즈맵
플래스크,41590,041590.KQ,KOSDAQ,실내건축 및 건축마무리 공사업,실내건축 등,2002-11-01,12월,"이병재, 윤수아 (각자대표)",http://www.flask.global,서울특별시,플래스크
플래티어,367000,367000.KQ,KOSDAQ,소프트웨어 개발 및 공급업,E-Commerce Platform 구축,2021-08-12,12월,이상훈,http://www.plateer.com,서울특별시,플래티어
플랜티넷,75130,075130.KQ,KOSDAQ,"컴퓨터 프로그래밍, 시스템 통합 및 관리업",유해사이트차단서비스,2005-06-10,12월,김태주 (단독 대표이사),http://www.plantynet.com,경기도,플랜티넷
플럼라인생명과학,222670,222670.KQ,KONEX,자연과학 및 공학 연구개발업,"강아지암치료제,돼지DNA테라피",2015-07-28,12월,김앤토니경태,http://www.plsdna.com,서울특별시,플럼라인생명과학
플레이그램,9810,009810.KS,KOSPI,기타 전문 도매업,"MRO, 영상콘텐츠",1988-08-31,12월,"김재욱, 선영",http://www.playgram.co.kr,서울특별시,플레이그램
플레이디,237820,237820.KQ,KOSDAQ,광고업,온라인 광고 대행,2020-03-12,12월,이준용,http://www.playd.com,경기도,플레이디
플레이위드,23770,023770.KQ,KOSDAQ,소프트웨어 개발 및 공급업,게임소프트웨어,1994-11-07,12월,김학준,http://www.playwith.co.kr,서울특별시,플레이위드
플루토스,19570,019570.KQ,KOSDAQ,신탁업 및 집합투자업,금융투자,1989-03-14,12월,엄원진,http://www.geminivc.co.kr,서울특별시,플루토스
플리토,300080,300080.KQ,KOSDAQ,"자료처리, 호스팅, 포털 및 기타 인터넷 정보매개 서비스업",언어 데이터 구축 및 판매,2019-07-17,12월,이정수,http://www.flitto.com,서울특별시,플리토
피노,33790,033790.KQ,KOSDAQ,소프트웨어 개발 및 공급업,무선통신시스템용 중계기,2001-06-26,12월,리빈,http://www.finoes.co.kr,경기도,피노
피델릭스,32580,032580.KQ,KOSDAQ,반도체 제조업,PSRAM 및 LPSDRAM,1997-04-22,12월,"안승한, 리메이링(Li Meiling)",http://www.fidelix.co.kr,경기도,피델릭스
피씨디렉트,51380,051380.KQ,KOSDAQ,기계장비 및 관련 물품 도매업,"스토리지(HDD), 프로세서(CPU), Memory, Monitor등",2002-02-15,12월,서대식,http://www.pcdirect.co.kr,서울특별시,피씨디렉트
피씨엘,241820,241820.KQ,KOSDAQ,의료용품 및 기타 의약 관련제품 제조업,"다중 체외진단 제품, 플랫폼서비스",2017-02-23,12월,김소연,http://www.pclchip.com,서울특별시,피씨엘
피아이이,452450,452450.KQ,KOSDAQ,특수 목적용 기계 제조업,AI 비전 솔루션 및 스마트팩토리 솔루션,2025-02-04,12월,"최정일, 김현준",http://piegroup.co.kr,경기도,피아이이
피앤씨테크,237750,237750.KQ,KOSDAQ,"전동기, 발전기 및 전기 변환 · 공급 · 제어 장치 제조업",배전자동화단말장치,2016-07-04,12월,조광식,http://www.pnctech.co.kr,경기도,피앤씨테크
피앤에스미캐닉스,460940,460940.KQ,KOSDAQ,의료용 기기 제조업,보행재활로봇 시스템,2024-07-31,12월,박광훈,http://walkbot.co.kr,서울특별시,피앤에스미캐닉스
피에스케이,319660,319660.KQ,KOSDAQ GLOBAL,특수 목적용 기계 제조업,"드라이스트립, 드라이클리닝",2019-05-10,12월,이경일,http://www.pskinc.com,경기도,피에스케이
피에스케이홀딩스,31980,031980.KQ,KOSDAQ,특수 목적용 기계 제조업,"Descum, Reflow",1997-01-07,12월,박경수,http://www.pskholding.com,경기도,피에스케이홀딩스
피에스텍,2230,002230.KQ,KOSDAQ,"측정, 시험, 항해, 제어 및 기타 정밀기기 제조업; 광학기기 제외","적산계기, 전기차충전기, 신재생에너지 발전소 설치",1991-01-04,12월,황재용,http://www.pstec.co.kr,서울특별시,피에스텍
피에이치에이,43370,043370.KQ,KOSDAQ,자동차 신품 부품 제조업,"자동차용 도어랫치, 도어힌지",2001-12-13,12월,허승현,http://www.phauto.co.kr,대구광역시,피에이치에이
피엔에이치테크,239890,239890.KQ,KOSDAQ,기초 화학물질 제조업,OLED 소재,2021-02-16,12월,현서용,http://www.phtech.co.kr,경기도,피엔에이치테크
피엔케이피부임상연구센타,347740,347740.KQ,KOSDAQ,"그외 기타 전문, 과학 및 기술 서비스업",피부인체적용시험,2020-09-09,12월,"박진오, 이해광(각자대표)",http://www.pnkskin.com,서울특별시,피엔케이피부임상연구센타
피엔티,137400,137400.KQ,KOSDAQ GLOBAL,특수 목적용 기계 제조업,2차전지 및 전자소재용 Roll-to-Roll 장비,2012-07-06,12월,김준섭,http://www.epnt.co.kr,경상북도,피엔티
피엔티엠에스,257370,257370.KQ,KOSDAQ,특수 목적용 기계 제조업,"2차전지 분리막 제조설비, 디스플레이용 생산설비",2018-09-13,12월,김준섭,http://www.ms-mc.co.kr,대구광역시,피엔티엠에스
피엠티,147760,147760.KQ,KOSDAQ,"측정, 시험, 항해, 제어 및 기타 정밀기기 제조업; 광학기기 제외",반도체 검사용 프로브카드,2016-12-12,12월,조용호,http://pmt23.com,충청남도,피엠티
피제이메탈,128660,128660.KQ,KOSDAQ,1차 비철금속 제조업,"탈산제, 조재제",2010-12-13,12월,하경식,http://www.pjmetal.co.kr,서울특별시,피제이메탈
피제이전자,6140,006140.KQ,KOSDAQ,의료용 기기 제조업,EMS Business(의료용기기제조외),1993-12-07,12월,이응구,http://www.pjems.co.kr,경기도,피제이전자
피코그램,376180,376180.KQ,KOSDAQ,그외 기타 제품 제조업,"정수기, 정수기 필터",2021-11-03,12월,최석림,http://www.picogram.com,인천광역시,피코그램
피플바이오,304840,304840.KQ,KOSDAQ,의료용품 및 기타 의약 관련제품 제조업,올리고머화 베타-아밀로이드 검사제품(알츠하이머병 진단),2020-10-19,12월,강성민,http://www.peoplebio.net/kr/index.php,경기도,피플바이오
픽셀플러스,87600,087600.KQ,KOSDAQ,전자부품 제조업,CMOS 이미지센서 및 칩셋,2015-06-12,12월,이서규,http://www.pixelplus.com,경기도,픽셀플러스
핀텔,291810,291810.KQ,KOSDAQ,소프트웨어 개발 및 공급업,AI 영상 분석 솔루션 및 소프트웨어,2022-10-20,12월,김동기,http://www.pintel.co.kr,경기도,핀텔
필에너지,378340,378340.KQ,KOSDAQ,특수 목적용 기계 제조업,2차전지 제조장비,2023-07-14,12월,김광일,http://philenergy.co.kr,경기도,필에너지
필옵틱스,161580,161580.KQ,KOSDAQ,특수 목적용 기계 제조업,디스플레이 및 반도체 제조공정용 제작,2017-06-01,12월,한기수,http://www.philoptics.com,경기도,필옵틱스
핌스,347770,347770.KQ,KOSDAQ,전자부품 제조업,OLED Metal Mask,2020-09-18,12월,김민용,http://pimskorea.com,인천광역시,핌스
핑거,163730,163730.KQ,KOSDAQ,소프트웨어 개발 및 공급업,"스마트 금융 플랫폼, 핀테크 금융 솔루션",2021-01-29,12월,안인주,http://www.finger.co.kr,서울특별시,핑거
핑거스토리,417180,417180.KQ,KOSDAQ,기타 정보 서비스업,"웹툰, 디지털 만화, 웹소설",2022-12-08,12월,라현성,http://www.mootoon.co.kr,서울특별시,핑거스토리
하나26호스팩,446750,446750.KQ,KOSDAQ,금융 지원 서비스업,기업인수합병,2023-03-07,12월,김상규,,서울특별시,하나26호스팩
하나27호스팩,448370,448370.KQ,KOSDAQ,금융 지원 서비스업,기업인수합병,2023-04-06,12월,김철우,,서울특별시,하나27호스팩
하나28호스팩,454750,454750.KQ,KOSDAQ,금융 지원 서비스업,기업인수합병,2023-08-10,12월,오동호,,서울특별시,하나28호스팩
하나29호스팩,454640,454640.KQ,KOSDAQ,금융 지원 서비스업,기업인수합병,2023-06-28,12월,윤경순,,서울특별시,하나29호스팩
하나30호스팩,469880,469880.KQ,KOSDAQ,금융 지원 서비스업,기업인수합병,2023-12-22,12월,전신웅,,서울특별시,하나30호스팩
하나31호스팩,469900,469900.KQ,KOSDAQ,금융 지원 서비스업,기업인수합병,2024-03-05,12월,한규정,,서울특별시,하나31호스팩
하나32호스팩,475240,475240.KQ,KOSDAQ,금융 지원 서비스업,기업인수합병,2024-03-27,12월,박종찬,,서울특별시,하나32호스팩
하나33호스팩,475250,475250.KQ,KOSDAQ,금융 지원 서비스업,기업인수합병,2024-04-24,12월,박태한,,서울특별시,하나33호스팩
하나34호스팩,484130,484130.KQ,KOSDAQ,금융 지원 서비스업,기업인수목적,2024-11-19,12월,송하용,,서울특별시,하나34호스팩
하나금융25호스팩,435620,435620.KQ,KOSDAQ,금융 지원 서비스업,기업인수합병,2022-10-20,12월,남강욱,,서울특별시,하나금융25호스팩
하나금융지주,86790,086790.KS,KOSPI,기타 금융업,기타 금융,2005-12-12,12월,함영주,http://www.hanafn.com,서울특별시,하나금융지주
하나기술,299030,299030.KQ,KOSDAQ,특수 목적용 기계 제조업,이차전지 양산 자동화 설비 제조,2020-11-25,12월,오태봉,http://www.hn-tech.co.kr,경기도,하나기술
하나마이크론,67310,067310.KQ,KOSDAQ,반도체 제조업,"반도체패키징,IOT",2005-10-11,12월,이동철,http://www.hanamicron.co.kr,충청남도,하나마이크론
하나머티리얼즈,166090,166090.KQ,KOSDAQ GLOBAL,반도체 제조업,"실리콘부품, 세라믹부품, 특수가스",2017-04-28,12월,김현주,http://hanamts.com,충청남도,하나머티리얼즈
하나제약,293480,293480.KS,KOSPI,의약품 제조업,완제의약품,2018-10-02,12월,최태홍,http://www.hanaph.co.kr,경기도,하나제약
하나투어,39130,039130.KS,KOSPI,여행사 및 기타 여행보조 서비스업,"일반여행알선,컴퓨터프로그램 개발,보급,통신판매",2011-11-01,12월,송미선,http://www.hanatour.com,서울특별시,하나투어
하림,136480,136480.KQ,KOSDAQ,"도축, 육류 가공 및 저장 처리업","육계, 육계가공식품",2011-05-02,12월,"김홍국, 정호석(각자대표)",http://www.harim.com,전북특별자치도,하림
하림지주,3380,003380.KQ,KOSDAQ GLOBAL,기타 금융업,지주사업,2017-06-30,12월,김홍국,http://www.harimholdings.co.kr,전북특별자치도,하림지주
하스,450330,450330.KQ,KOSDAQ,의료용품 및 기타 의약 관련제품 제조업,"리튬디실리케이트 수복소재(Amber block, Amber Ingot 등), 지르코니아 유치관",2024-07-03,12월,김용수,http://www.hassbio.com,강원특별자치도,하스
하이드로리튬,101670,101670.KQ,KOSDAQ,"구조용 금속제품, 탱크 및 증기발생기 제조업","영구앵커,교량용케이블,타이케이블",2008-07-15,12월,전 웅,http://www.hydroli.co.kr,경기도,하이드로리튬
하이딥,365590,365590.KQ,KOSDAQ,반도체 제조업,UIUX Solution,2020-12-21,12월,고범규,http://www.hideep.com,경기도,하이딥
하이로닉,149980,149980.KQ,KOSDAQ,의료용 기기 제조업,피부미용 의료기기,2014-12-17,12월,이진우,http://www.hironic.com,경기도,하이로닉
하이록코리아,13030,013030.KQ,KOSDAQ,1차 철강 제조업,관이음쇠,1989-12-15,12월,"문휴건, 문창환 각자대표이사",http://www.hy-lok.com,부산광역시,하이록코리아
하이브,352820,352820.KS,KOSPI,오디오물 출판 및 원판 녹음업,"음악 기획/제작, 퍼블리싱, 아티스트 매니지먼트",2020-10-15,12월,이재상,http://hybecorp.com,서울특별시,"HYBE, 하이브"
하이비젼시스템,126700,126700.KQ,KOSDAQ,사진장비 및 광학기기 제조업,카메라모듈 제조검사용 장비,2010-09-10,12월,최 두 원,http://www.hyvision.co.kr,경기도,하이비젼시스템
하이스틸,71090,071090.KS,KOSPI,1차 철강 제조업,"강관 제조,도매",2003-02-17,12월,엄정근,http://www.histeel.co.kr,충청남도,하이스틸
하이제8호스팩,450050,450050.KQ,KOSDAQ,금융 지원 서비스업,기업인수합병,2023-06-22,12월,정우주,,서울특별시,하이제8호스팩
하이젠알앤엠,160190,160190.KQ,KOSDAQ,"전동기, 발전기 및 전기 변환 · 공급 · 제어 장치 제조업","전동기 및 발전기 (범용모터, 서보모터)",2024-06-27,12월,김재학,http://higenrnm.com,경상남도,하이젠알앤엠
하이즈항공,221840,221840.KQ,KOSDAQ,"항공기,우주선 및 부품 제조업",B787 날개구조물 등,2015-11-25,12월,하상헌,http://www.hizeaero.com,경상남도,하이즈항공
하이텍팜,106190,106190.KQ,KOSDAQ,기초 의약물질 제조업,주사제용 무균 원료의약품(Sterile Imipenem 외),2010-07-28,12월,김정수,http://www.htpharm.com,충청북도,하이텍팜
하이트진로,80,000080.KS,KOSPI,알코올음료 제조업,"맥주, 소주",2009-10-19,12월,김인규,http://www.hitejinro.com,서울특별시,하이트진로
하이트진로홀딩스,140,000140.KS,KOSPI,기타 금융업,지주회사,1973-09-19,12월,김인규,http://www.hitejinroholdings.com,서울특별시,하이트진로홀딩스
하이퍼코퍼레이션,65650,065650.KQ,KOSDAQ,기계장비 및 관련 물품 도매업,음반재킷 제작,2003-01-21,12월,이상석,http://medifon.com,서울특별시,하이퍼코퍼레이션
하츠,66130,066130.KQ,KOSDAQ,가정용 기기 제조업,"레인지후드, 빌트인 기기 등",2003-02-11,12월,김성식,http://www.haatz.com,경기도,하츠
한국가구,4590,004590.KQ,KOSDAQ,기타 상품 전문 소매업,소파,1993-06-03,12월,최훈학,http://www.koreafurniture.co.kr,서울특별시,한국가구
한국가스공사,36460,036460.KS,KOSPI,연료용 가스 제조 및 배관공급업,"액화천연가스 공급,제조,도매,개발",1999-12-15,12월,최연혜,http://www.kogas.or.kr,대구광역시,한국가스공사
한국경제TV,39340,039340.KQ,KOSDAQ,텔레비전 방송업,"광고수입, 협찬수입",2004-07-30,12월,현승윤,http://www.wownet.co.kr,서울특별시,"한국경제tv, 한국경제TV"
한국공항,5430,005430.KS,KOSPI,기타 운송관련 서비스업,"항공기 지상조업,항공화물 상하역,장비대여,항공용역사업,항공기급유,항공화물 취급,보관,부정기헬기운송,여행알선,광업,먹는샘물 제조,농축산업",1976-12-28,12월,이수근,http://www.kas.co.kr,서울특별시,한국공항
한국금융지주,71050,071050.KS,KOSPI,기타 금융업,금융지주회사,2003-07-21,12월,김남구,http://www.koreaholdings.com,서울특별시,한국금융지주
한국기업평가,34950,034950.KQ,KOSDAQ,기타 사업지원 서비스업,"신용평가, 컨설팅, 위험관리솔루션",2002-02-07,12월,김기범,http://www.korearatings.com,서울특별시,한국기업평가
한국내화,10040,010040.KS,KOSPI,"내화, 비내화 요업제품 제조업","내화벽돌,내화몰탈,축로등 제조,판매",2000-10-16,12월,변성희,http://www.fskrc.co.kr,충청남도,한국내화
한국단자공업,25540,025540.KS,KOSPI,"전동기, 발전기 및 전기 변환 · 공급 · 제어 장치 제조업","전기변환장치(광커넥터,통신용콘넥터,정밀압착단자설계) 제조,무역(수출)",1996-10-16,12월,"이창원,이원준",http://www.ket.com,인천광역시,한국단자공업
한국맥널티,222980,222980.KQ,KOSDAQ,기타 식품 제조업,커피 및 의약품,2015-12-23,12월,이은정,http://www.mcnultykorea.co.kr,충청남도,한국맥널티
한국무브넥스,10100,010100.KS,KOSPI,자동차 신품 부품 제조업,"자동차부품(제동,구동장치),프랜지(관이음쇠),철구조물,산업기계 제조",1987-10-02,12월,이현덕,http://www.koreamovenex.com,울산광역시,한국무브넥스
한국미라클피플사,331660,331660.KQ,KONEX,기타 화학제품 제조업,"은나노스텝, 닥터오렌지 등",2019-10-28,12월,이호경,http://www.kmpc.co.kr,경기도,한국미라클피플사
한국비엔씨,256840,256840.KQ,KOSDAQ,기초 의약물질 제조업,필러 등 생체재료의료물질 개발,2016-12-28,12월,최완규,http://www.bnckorea.co.kr,대구광역시,한국비엔씨
한국비티비,219750,219750.KQ,KOSDAQ,의료용 기기 제조업,의료기기 및 미용기기,2018-09-21,12월,최완규,http://www.gtgwellness.co.kr,경기도,한국비티비
한국석유공업,4090,004090.KS,KOSPI,기타 비금속 광물제품 제조업,"석유류제품(솔벤트,부로운아스팔트,방수시트몰터프라스,메타놀,빙초산) 제조,도소매/부동산 임대",1977-06-25,12월,"강승모,송상호(각자 대표이사)",http://www.koreapetroleum.com,서울특별시,한국석유공업
한국선재,25550,025550.KQ,KOSDAQ,1차 철강 제조업,철강선재류,1995-06-19,12월,"대표이사 회장 이제훈, 대표이사 사장 이정훈 (각자대표)",http://www.ehansun.co.kr,부산광역시,한국선재
한국수출포장공업,2200,002200.KS,KOSPI,"골판지, 종이 상자 및 종이용기 제조업","골판지상자,골판지원지 제조,판매",1974-06-28,12월,대표이사 회장 허용삼 대표이사 사장 허정훈(각자대표이사),http://www.keppack.co.kr,서울특별시,한국수출포장공업
한국쉘석유,2960,002960.KS,KOSPI,석유 정제품 제조업,"윤활유,그리스 제조,도매",1988-08-10,12월,이승봉,http://www.shell.co.kr,부산광역시,한국쉘석유
한국알콜,17890,017890.KQ,KOSDAQ,기타 화학제품 제조업,주정,1992-08-04,12월,"지용석, 김정수, 배재범 (각자대표)",http://www.ka.co.kr,경기도,한국알콜
한국앤컴퍼니,240,000240.KS,KOSPI,기타 금융업,비금융지주회사,1968-12-27,12월,"조현범, 박종호(각자 대표이사)",http://www.hankook-technologygroup.com,경기도,한국앤컴퍼니
한국유니온제약,80720,080720.KQ,KOSDAQ,의약품 제조업,"항생제, 순환기계, 근골격계, 소화기계류 완제의약품",2018-07-26,12월,정근호,http://www.ukp.co.kr,강원특별자치도,한국유니온제약
한국자산신탁,123890,123890.KS,KOSPI,신탁업 및 집합투자업,"부동산 신탁 서비스, REITs",2016-07-13,12월,김규철,http://www.kait.com,서울특별시,한국자산신탁
한국전력공사,15760,015760.KS,KOSPI,전기업,"전력자원개발,발전,송전,전력용기자재확보",1989-08-10,12월,김동철,http://www.kepco.co.kr,전라남도,한국전력공사
한국전자금융,63570,063570.KQ,KOSDAQ,기타 사업지원 서비스업,"ATM관리사업,CD-VAN사업",2006-07-14,12월,이현석,http://www.nicetcm.co.kr,서울특별시,한국전자금융
한국전자인증,41460,041460.KQ,KOSDAQ,소프트웨어 개발 및 공급업,"개인용이메일 보안,인증업무,전자상거래관련 인증서비스/기업용 인증솔루션 제공",2010-11-19,12월,신홍식,http://www.crosscert.com,서울특별시,한국전자인증
한국전자홀딩스,6200,006200.KS,KOSPI,기타 금융업,"시장조사,경영컨설팅",1979-11-30,12월,박 명 덕,http://www.kecholdings.co.kr,서울특별시,한국전자홀딩스
한국정밀기계,101680,101680.KQ,KOSDAQ,특수 목적용 기계 제조업,"금속절삭가공기계(수치제어식 수평보링머신,오면가공기,수직선반,플로우보링머신),산업기계(전용기,공작기계부품) 제조,판매",2009-05-19,12월,하종식,http://www.hnkkorea.com,경상남도,한국정밀기계
한국정보공학,39740,039740.KQ,KOSDAQ,기타 전문 도매업,"그룹웨어, 자료관리시스템",2000-07-06,12월,"유용석, 황봉남(각자 대표이사)",http://www.kies.co.kr,경기도,한국정보공학
한국정보인증,53300,053300.KQ,KOSDAQ,소프트웨어 개발 및 공급업,"공인인증서, PKI솔루션 등",2014-02-04,12월,조태묵,http://www.signgate.com,경기도,한국정보인증
한국정보통신,25770,025770.KQ,KOSDAQ,전기 통신업,"신용카드부가통신업(VAN),전자지급결제대행업(PG)",1998-01-20,12월,임명수,http://www.kicc.co.kr,서울특별시,한국정보통신
한국제12호스팩,458610,458610.KQ,KOSDAQ,금융 지원 서비스업,기업인수합병,2023-08-30,12월,이연경,,서울특별시,한국제12호스팩
한국제13호스팩,464440,464440.KQ,KOSDAQ,금융 지원 서비스업,기업인수합병,2023-11-13,12월,김장하,,서울특별시,한국제13호스팩
한국제14호스팩,477530,477530.KQ,KOSDAQ,금융 지원 서비스업,기업인수합병,2024-06-19,12월,변성환,,서울특별시,한국제14호스팩
한국제15호스팩,479880,479880.KQ,KOSDAQ,금융 지원 서비스업,기업인수합병,2024-06-26,12월,유한,,서울특별시,한국제15호스팩
한국제지,27970,027970.KS,KOSPI,"펄프, 종이 및 판지 제조업","백판지,마니라판지,지류,하수처리기계 제조/상하수도설비공사,수질오염방지시설공사",1996-07-03,12월,안재호,http://www.seha.co.kr,울산광역시,한국제지
한국종합기술,23350,023350.KS,KOSPI,"건축기술, 엔지니어링 및 관련 기술 서비스업","토목설계,건축설계,감리,측량/토목건축공사",2011-04-28,12월,김한영,http://www.kecc.co.kr,경기도,한국종합기술
한국주강,25890,025890.KS,KOSPI,특수 목적용 기계 제조업,"주강,주물 제조,도매",1997-07-18,12월,하만규,http://www.hascokorea.co.kr,경상남도,한국주강
한국주철관공업,970,000970.KS,KOSPI,1차 철강 제조업,"수도용주철관,강관 제조",1969-12-12,12월,"김태형, 이창훈, 김영훈 (각자대표제)",http://www.kcip.co.kr,부산광역시,한국주철관공업
한국철강,104700,104700.KS,KOSPI,1차 철강 제조업,철근. 단조강. 파이프,2008-09-29,12월,"문종인, 이수하 (각자대표)",http://www.kisco.co.kr,경상남도,한국철강
한국첨단소재,62970,062970.KQ,KOSDAQ,통신 및 방송 장비 제조업,"데이터센터용 AWG, 통신용 AWG, 스플리터, 계측기 등",2019-12-26,12월,조헌정,http://www.ppitek.com,광주광역시,한국첨단소재
한국카본,17960,017960.KS,KOSPI,"구조용 금속제품, 탱크 및 증기발생기 제조업","탄소섬유(카본프리프레그(낚시대,테니스라켓,골프 Shaft,스포츠레저용품)),합성수지,글라스페이퍼,LNG선박용 단열판넬 제조,도매",1995-07-08,12월,"조문수, 이명화 공동대표이사",http://www.hcarbon.com,경상남도,한국카본
한국캐피탈,23760,023760.KQ,KOSDAQ,기타 금융업,리스수수료,1994-11-07,12월,정상철,http://www.hkcapital.co.kr,대전광역시,한국캐피탈
한국컴퓨터,54040,054040.KQ,KOSDAQ,전자부품 제조업,PCB Assembly (PBA),2002-01-15,12월,강창귀,http://www.kci.co.kr,경상북도,한국컴퓨터
한국콜마,161890,161890.KS,KOSPI,기타 화학제품 제조업,"화장품, 의약품",2012-10-19,12월,최현규,https://www.kolmar.co.kr,세종특별자치시,한국콜마
한국큐빅,21650,021650.KQ,KOSDAQ,플라스틱제품 제조업,Curl Fit(표면처리사업),2003-01-24,12월,오봉균,http://www.cubic.co.kr,경기도,한국큐빅
한국타이어앤테크놀로지,161390,161390.KS,KOSPI,고무제품 제조업,타이어 제조,2012-10-04,12월,"안종선, 이상훈(공동대표이사)",http://www.hankooktire.com,경기도,한국타이어앤테크놀로지
한국토지신탁,34830,034830.KS,KOSPI,신탁업 및 집합투자업,부동산신탁 등,2016-07-11,12월,"최윤성, 김성진",http://www.koreit.co.kr,서울특별시,한국토지신탁
한국특강,7280,007280.KS,KOSPI,1차 철강 제조업,"철강압연제품(앵글,이형형강,평철,환봉) 제조,판매",1989-11-13,12월,박성우,http://www.ekosco.com,경상남도,한국특강
한국파마,32300,032300.KQ,KOSDAQ,의약품 제조업,"완제의약품(정신신경계, 소화기계, 순환기계, 항생항균, 기타)",2020-08-10,12월,박은희,http://koreapharma.co.kr,경기도,한국파마
한국팩키지,37230,037230.KQ,KOSDAQ,"골판지, 종이 상자 및 종이용기 제조업","카톤팩, 골판지 상자",1999-12-21,12월,강준석,http://www.hkpak.co.kr,경상남도,한국팩키지
한국피아이엠,448900,448900.KQ,KOSDAQ,자동차 신품 부품 제조업,"내연기관 부품(터보차저, DCT변속기), IT 부품(스마트워치/스마트링), 자율주행 부품(카메라 모듈 케이스)",2025-04-04,12월,송준호,http://www.pimkorea.com,대구광역시,한국피아이엠
한국항공우주,47810,047810.KS,KOSPI,"항공기,우주선 및 부품 제조업","정부방산 및 완제기 수출(T-50계열, KUH계열, KT-1계열 등), 기체부품",2011-06-30,12월,강구영,http://www.koreaaero.com,경상남도,한국항공우주
한국화장품,123690,123690.KS,KOSPI,생활용품 도매업,화장품,2010-06-01,12월,이용준,http://www.ihkcos.co.kr,서울특별시,한국화장품
한국화장품제조,3350,003350.KS,KOSPI,기타 화학제품 제조업,"화장품(OEM,ODM)",1978-02-06,12월,이용준,http://www.hkcosm.com,서울특별시,한국화장품제조
한국ANKOR유전,152550,152550.KS,KOSPI,신탁업 및 집합투자업,,2012-03-08,03월,한국투자리얼에셋운용,,서울특별시,"한국ankor유전, 한국ANKOR유전"
한글과컴퓨터,30520,030520.KQ,KOSDAQ,소프트웨어 개발 및 공급업,오피스소프트웨어,1996-09-24,12월,"변성준, 김연수 (각자대표)",http://www.hancom.com,경기도,한글과컴퓨터
한네트,52600,052600.KQ,KOSDAQ,전기 통신업,"현금서비스, 예금인출",2001-07-10,12월,김선종,http://www.hannet.net,서울특별시,한네트
한농화성,11500,011500.KS,KOSPI,기타 화학제품 제조업,"계면활성제,글리콜에테르 제조,판매",2003-01-09,12월,"김응상, 경상호 (각자대표)",http://hannong.koreasme.com,전북특별자치도,한농화성
한독,2390,002390.KS,KOSPI,의약품 제조업,"의약품(소화제,크라포란,라식스)제조,도매,부동산 임대",1976-06-30,12월,"김영진, 백진기",http://www.handok.co.kr,서울특별시,한독
한독크린텍,256150,256150.KQ,KOSDAQ,일반 목적용 기계 제조업,정수기 필터,2019-09-05,12월,"고인선, 이광규",http://hdctech.co.kr,대전광역시,한독크린텍
한라IMS,92460,092460.KQ,KOSDAQ,선박 및 보트 건조업,"선용원격자동측정시스템,선용원격자동경보시스템",2007-05-22,12월,"지석준(공동대표), 김영구(공동대표), 차민수(각자대표)",http://www.hanlalevel.co.kr,부산광역시,"한라ims, 한라IMS"
한미글로벌,53690,053690.KS,KOSPI,"건축기술, 엔지니어링 및 관련 기술 서비스업","건축 설계,감리/건축공사,토목공사,설비공사,전기공사,안전공사",2009-06-23,12월,"윤요현, 박서영",http://www.hanmiparsons.com,서울특별시,한미글로벌
한미반도체,42700,042700.KS,KOSPI,특수 목적용 기계 제조업,"반도체 후공정장비,반도체금형 제조/부동산 매매,임대",2005-07-22,12월,곽동신,http://www.hanmisemi.com,인천광역시,"HANMI Semiconductor,Hanmi semi."
한미사이언스,8930,008930.KS,KOSPI,기타 금융업,"항생제(세포탁심,세포트리악손),유산균정장제(메디락비타,메디락베베),위장관운동조절개선제(설프라이드),고혈압치료제(유니바스크),원료의약품,식품 제조,판매",1988-06-20,12월,김재교,http://www.hanmiscience.co.kr,경기도,한미사이언스
한미약품,128940,128940.KS,KOSPI,의약품 제조업,의약품,2010-07-30,12월,박재현,http://www.hanmi.co.kr,경기도,한미약품
한빛레이저,452190,452190.KQ,KOSDAQ,특수 목적용 기계 제조업,산업용 레이저 가공장비,2024-01-04,12월,김정묵,http://www.hblaser.co.kr,대전광역시,한빛레이저
한빛소프트,47080,047080.KQ,KOSDAQ,소프트웨어 개발 및 공급업,"게임(스타크래프트 등), 교육, 솔루션",2002-01-10,12월,이승현,http://www.hanbitsoft.co.kr,서울특별시,한빛소프트
한샘,9240,009240.KS,KOSPI,생활용품 도매업,"주방가구(씽크대),인테리어가구 판매,제조/주택신축판매",2002-07-16,12월,김유진(대표집행임원),http://company.hanssem.com,경기도,한샘
한선엔지니어링,452280,452280.KQ,KOSDAQ,기타 금속 가공제품 제조업,"계장용 피팅 및 밸브, 모듈",2023-11-24,12월,이제훈,http://www.slok.co.kr,부산광역시,한선엔지니어링
한섬,20000,020000.KS,KOSPI,봉제의복 제조업,"여성의류,금속 액세서리,신발,가방,선글라스 제조,판매",1996-07-03,12월,김민덕,http://www.handsome.co.kr,서울특별시,한섬
한성기업,3680,003680.KS,KOSPI,수산물 가공 및 저장 처리업,"냉동식품,햄제품 제조,도매,보관/원양어업",1989-01-26,12월,"임우근,임준호(각자대표)",http://www.hsep.com,부산광역시,한성기업
한성크린텍,66980,066980.KQ,KOSDAQ,"건축기술, 엔지니어링 및 관련 기술 서비스업",수처리설비EPC,2003-01-17,12월,"오태석, 정진학(각자 대표이사)",http://www.hscleantech.com,서울특별시,한성크린텍
한세실업,105630,105630.KS,KOSPI,봉제의복 제조업,의류 완제품,2009-03-20,12월,"김익환, 김경",http://www.hansae.com,서울특별시,한세실업
한세엠케이,69640,069640.KS,KOSPI,"섬유, 의복, 신발 및 가죽제품 소매업","케주얼웨어(BUCKAROO, TBJ 등)",2011-06-21,12월,"김지원, 임동환(각자 대표이사)",http://www.mktrend.co.kr,서울특별시,한세엠케이
한세예스24홀딩스,16450,016450.KS,KOSPI,봉제의복 제조업,"의류(니트) 제조,도소매,원단 제조,부동산 임대",2000-01-06,12월,"김동녕, 김석환(각자 대표이사)",http://www.hansaeyes24.com,서울특별시,한세예스24홀딩스
한솔로지스틱스,9180,009180.KS,KOSPI,기타 운송관련 서비스업,"지류펄프 보관창고 운영/화물취급,화물운송알선,물류컨설팅/종합쇼핑몰운영,통신판매,인터넷백화점",1989-11-13,12월,고정한,http://www.hansollogistics.com,서울특별시,한솔로지스틱스
한솔아이원스,114810,114810.KQ,KOSDAQ,특수 목적용 기계 제조업,"반도체 장비 부품 제조 및 세정, LCD 장비 부품 제조",2013-02-07,12월,박인래,http://www.hansoliones.com,경기도,한솔아이원스
한솔인티큐브,70590,070590.KQ,KOSDAQ,"컴퓨터 프로그래밍, 시스템 통합 및 관리업",기업통신 및 무선인터넷,2004-01-08,12월,김형준,http://www.hansolinticube.com,서울특별시,한솔인티큐브
한솔제지,213500,213500.KS,KOSPI,"펄프, 종이 및 판지 제조업","인쇄용지, 산업용지, 특수지 제조 및 판매",2015-01-26,12월,한경록,http://www.hansolpaper.co.kr,서울특별시,한솔제지
한솔케미칼,14680,014680.KS,KOSPI,기초 화학물질 제조업,"과산화수소,라텍스,요소수지,수소액화탄산,차아황산소다 제조,판매,디지털카메라용 인화필름 제조,수출",1989-05-20,12월,박원환,http://www.hansolchemical.com,서울특별시,한솔케미칼
한솔테크닉스,4710,004710.KS,KOSPI,전자부품 제조업,"백라이트유닛,인버터,폴리바리콘,모니터,통신장비 제조",1988-07-06,12월,유경준,http://www.hansoltechnics.com,서울특별시,한솔테크닉스
한솔피엔에스,10420,010420.KS,KOSPI,기타 전문 도매업,"정보시스템구축 및 유지보수, 포장재제조 및 가공, 지류가공 및 판매",1989-05-31,12월,"홍성민, 김형준(각자대표)",http://www.hansolpns.com,서울특별시,한솔피엔에스
한솔홀딩스,4150,004150.KS,KOSPI,기타 금융업,"지주회사,경영자문컨설팅",1972-05-17,12월,이명길,http://www.hansol.com,서울특별시,한솔홀딩스
한솔홈데코,25750,025750.KS,KOSPI,제재 및 목재 가공업,"PB,MDF,바닥재,강화,재생목재,LPM,제재목 제조,도소매,무역/임업,벌목관련 사업",2003-11-04,12월,김경록,http://www.hansolhomedeco.co.kr,서울특별시,한솔홈데코
한송네오텍,226440,226440.KQ,KOSDAQ,특수 목적용 기계 제조업,OLED FMM 인장기,2015-10-06,12월,최진규,http://hsneotech.com,경상북도,한송네오텍
한스바이오메드,42520,042520.KQ,KOSDAQ,의료용품 및 기타 의약 관련제품 제조업,"인체이식용조직(인조피부,인조뼈),의료용시술재료(가슴보형물)",2009-10-09,09월,김근영,http://hansbiomed.com,서울특별시,한스바이오메드
한신공영,4960,004960.KS,KOSPI,건물 건설업,"토목공사,건축공사,주택건설,유통업(백화점),문화교실,주차장",1976-07-07,12월,"최문규,전재식(각자 대표이사)",http://www.hanshinc.com,경기도,한신공영
한신기계공업,11700,011700.KS,KOSPI,일반 목적용 기계 제조업,"공기압축기,공구류 제조,판매/오파",1987-07-24,12월,최영민,http://www.hanshin.co.kr,경기도,한신기계공업
한싹,430690,430690.KQ,KOSDAQ,소프트웨어 개발 및 공급업,망간자료전송,2023-10-04,12월,이주도,http://www.hanssak.co.kr,서울특별시,한싹
한양디지텍,78350,078350.KQ,KOSDAQ,반도체 제조업,메모리 모듈,2004-05-14,12월,김형육/김윤상 각자대표,http://www.hanyangdgt.com,경기도,한양디지텍
한양이엔지,45100,045100.KQ,KOSDAQ,"건축기술, 엔지니어링 및 관련 기술 서비스업",반도체배관설비,2000-08-31,12월,"김윤상, 이종근(공동 대표이사)",http://www.hanyangkorea.com,경기도,한양이엔지
한양증권,1750,001750.KS,KOSPI,금융 지원 서비스업,증권업,1988-03-04,12월,임재택,http://www.hygood.co.kr,서울특별시,한양증권
한온시스템,18880,018880.KS,KOSPI,일반 목적용 기계 제조업,"자동차용부품(라디에이터,히터,에어콘,압축기,콘덴서,컴퓨레사) 제조,도매",1996-07-31,12월,대표이사 이수일,http://www.hanonsystems.com,대전광역시,한온시스템
한올바이오파마,9420,009420.KS,KOSPI,의약품 제조업,"의약품 제조,도매/부동산 임대",1989-12-18,12월,"정승원,박수진(공동대표이사)",http://www.hanall.co.kr,대전광역시,한올바이오파마
한울반도체,320000,320000.KQ,KOSDAQ,특수 목적용 기계 제조업,비전검사장비,2019-09-18,12월,김백산,http://www.wintec.co.kr,경기도,한울반도체
한울소재과학,91440,091440.KQ,KOSDAQ,통신 및 방송 장비 제조업,광전송장비,2008-02-01,12월,신규철(단독 대표이사),http://www.hanwoolms.com,경기도,한울소재과학
한익스프레스,14130,014130.KS,KOSPI,도로 화물 운송업,"특수화물 운송(유류,화학류,벌크제품 등),냉동차,탱크로리운송,복합운송 주선,임대,택배/특장차,중기 제조,판매",1989-07-25,12월,유인철,http://www.hanex.co.kr,경기도,한익스프레스
한일단조,24740,024740.KQ,KOSDAQ,자동차 신품 부품 제조업,단조품,1996-11-29,12월,박정영,http://www.hifg.co.kr,충청북도,한일단조
한일사료,5860,005860.KQ,KOSDAQ,동물용 사료 및 조제식품 제조업,배합사료,1994-11-07,12월,차상협,http://www.hanilfeed.com,경기도,한일사료
한일시멘트,300720,300720.KS,KOSPI,"시멘트, 석회, 플라스터 및 그 제품 제조업","시멘트, 레미콘, 레미탈",2018-08-06,12월,"전근식, 오해근",http://www.hanilcement.com,서울특별시,한일시멘트
한일철강,2220,002220.KS,KOSPI,1차 철강 제조업,"강관류,철판류,금속관류,건축자재,자동차부품 제조,도매",1988-10-07,12월,엄정헌,http://www.hanilsteel.co.kr,서울특별시,한일철강
한일현대시멘트,6390,006390.KS,KOSPI,"시멘트, 석회, 플라스터 및 그 제품 제조업","시멘트,시멘트반제품 제조,판매/콘도미니엄,스키장,종합레저관광산업,체육진흥사업,사업서비스",1975-12-26,12월,"전근식, 오해근",http://WWW.HANILHDCEMENT.COM,서울특별시,한일현대시멘트
한일홀딩스,3300,003300.KS,KOSPI,"시멘트, 석회, 플라스터 및 그 제품 제조업",지주사업,1969-11-20,12월,"허기호, 박지훈",http://www.hanil.com,서울특별시,한일홀딩스
한일화학,7770,007770.KQ,KOSDAQ,기초 화학물질 제조업,산화아연,1992-09-07,12월,대표이사 사장 윤성진,http://www.hanzinc.com,충청남도,한일화학
한전기술,52690,052690.KS,KOSPI,"건축기술, 엔지니어링 및 관련 기술 서비스업",원자력발전소 설계 등,2009-12-14,12월,김성암,http://www.kepco-enc.com,경상북도,한전기술
한전산업,130660,130660.KS,KOSPI,"건축기술, 엔지니어링 및 관련 기술 서비스업","발전설비 운전·정비, 전기검침",2010-12-16,12월,함흥규,http://www.kepid.co.kr,서울특별시,한전산업
한전KPS,51600,051600.KS,KOSPI,전기 및 통신 공사업,"일반전기공사,발전설비정비공사,점검,수리,엔지니어링",2007-12-14,12월,김홍연,http://www.kps.co.kr,전라남도,"한전kps, 한전KPS"
한주라이트메탈,198940,198940.KQ,KOSDAQ,1차 비철금속 제조업,알루미늄 기반 경량화 자동차 부품,2023-01-19,12월,이용진,http://www.hanjoolightmetal.com,울산광역시,한주라이트메탈
한주에이알티,58450,058450.KQ,KOSDAQ,플라스틱제품 제조업,"컴퓨터, 복사기 등의 부품",2002-01-17,12월,윤정호,http://www.ilya.co.kr,서울특별시,한주에이알티
한중엔시에스,107640,107640.KQ,KOSDAQ,"전동기, 발전기 및 전기 변환 · 공급 · 제어 장치 제조업","수냉식 냉각시스템 ESS Parts, 공랭식 ESS Module Parts, EV Module 및 내연기관 Parts",2024-06-24,12월,김환식,http://www.hjncs.com,경상북도,한중엔시에스
한진,2320,002320.KS,KOSPI,도로 화물 운송업,"포장화물,택배산업,항만하역,고속버스사업,운수보관",1974-08-12,12월,노삼석,http://www.hanjin.com,서울특별시,한진
한진중공업홀딩스,3480,003480.KS,KOSPI,연료용 가스 제조 및 배관공급업,지주회사,1956-03-03,12월,조원국,http://www.hhic-holdings.com,경기도,한진중공업홀딩스
한진칼,180640,180640.KS,KOSPI,기타 금융업,"지주사업, 경영자문 및 컨설팅",2013-09-16,12월,"조원태, 류경표",http://www.hanjinkal.co.kr,서울특별시,한진칼
한창,5110,005110.KS,KOSPI,기계장비 및 관련 물품 도매업,"소화기, 통신장비 유통",1976-06-01,12월,이동우,http://www.hanchang.co.kr,부산광역시,한창
한창산업,79170,079170.KQ,KOSDAQ,1차 비철금속 제조업,"아연말,리튬브로마이드,산화망간,인산아연",2005-02-01,12월,"강호익, 강상균(각자대표)",http://www.hanchem.com,경기도,한창산업
한창제지,9460,009460.KS,KOSPI,"펄프, 종이 및 판지 제조업","마닐라판지,고급백판지(ALL PULP) 제조,판매,수출입",1987-12-23,12월,"KIM JOONYOUNG, 이상무 각자대표",http://www.hcpaper.co.kr,경상남도,한창제지
한컴라이프케어,372910,372910.KS,KOSPI,의료용 기기 제조업,"공기호흡기, 방독면, 보호복 등",2021-08-17,12월,김선영,http://www.hancomlifecare.com,경기도,한컴라이프케어
한컴위드,54920,054920.KQ,KOSDAQ,소프트웨어 개발 및 공급업,전자상거래 보안 솔루션,2001-11-01,12월,송상엽,http://www.hsecure.co.kr,경기도,한컴위드
한켐,457370,457370.KQ,KOSDAQ,기초 화학물질 제조업,OLED 발광층 소재 등,2024-10-22,12월,이상조,http://www.hanchem.net,대전광역시,한켐
한탑,2680,002680.KQ,KOSDAQ,"곡물가공품, 전분 및 전분제품 제조업","소맥분(밀가루),배합사료",1995-07-07,12월,하상경,http://www.hantop.com,부산광역시,한탑
한텍,98070,098070.KQ,KOSDAQ,일반 목적용 기계 제조업,"열교환기 등 화공기기, 저장용 탱크",2025-03-20,12월,김강식,http://hantechltd.com,울산광역시,한텍
한화,880,000880.KS,KOSPI,기타 화학제품 제조업,"화약,화공품,자동선반류,공작기계 제조,전자교환기,건설,정보통신,종합무역/임직원 및 개인대상 교육,세미나 및 워크샵 중계,동영상광고",1976-06-24,12월,"김동관, 김승모, 양기원",http://www.hanwhacorp.co.kr,서울특별시,한화
한화갤러리아,452260,452260.KS,KOSPI,종합 소매업,백화점,2023-03-31,12월,김영훈,http://www.hanwhagalleria.co.kr,서울특별시,한화갤러리아
한화리츠,451800,451800.KS,KOSPI,부동산 임대 및 공급업,부동산투자,2023-03-27,04월,한화자산운용,http://www.hanwhareit.com,서울특별시,한화리츠
한화비전,489790,489790.KS,KOSPI,기타 금융업,비금융지주회사,2024-09-27,12월,안순홍,http://www.hanwhavision.com,경기도,한화비전
한화생명,88350,088350.KS,KOSPI,보험업,생명보험,2010-03-17,12월,여승주,http://www.hanwhalife.com,서울특별시,한화생명
한화손해보험,370,000370.KS,KOSPI,보험업,손해보험,1975-06-30,12월,나채범,http://www.hwgeneralins.com,서울특별시,한화손해보험
한화솔루션,9830,009830.KS,KOSPI,기초 화학물질 제조업,"합성수지,유화부문(LDPE,LLDPE)제품 제조,플라스틱가공품(PVC),CA,무기화학제품,부동산업",1974-06-19,12월,"남정운, 홍정권, 김동관",http://hcc.hanwha.co.kr,서울특별시,한화솔루션
한화시스템,272210,272210.KS,KOSPI,전자부품 제조업,"정밀기기(육해공군관련전자제어시스템,열영상감시장비,탐지추적장치,전투지휘체계시스템) 제조",2019-11-13,12월,손재일,http://hanwhasystems.com,경상북도,한화시스템
한화에어로스페이스,12450,012450.KS,KOSPI,"항공기,우주선 및 부품 제조업","항공기엔진,특수방산장비 제조/정비사업",1987-05-27,12월,"김동관, 손재일, Michael Coulter",http://www.hanwhaaerospace.co.kr,경상남도,한화에어로스페이스
한화엔진,82740,082740.KS,KOSPI,일반 목적용 기계 제조업,"대형선박용엔진,내연발전엔진",2011-01-04,12월,유문기,http://www.hanwha-engine.com,경상남도,한화엔진
한화오션,42660,042660.KS,KOSPI,선박 및 보트 건조업,선박 제조,2001-02-02,12월,김희철,http://www.hanwhaocean.com/pub/main/index.do,경상남도,한화오션
한화투자증권,3530,003530.KS,KOSPI,금융 지원 서비스업,"유가증권 위탁매매,자기매매,인수주선",1986-11-25,12월,한두희,http://www.koreastock.co.kr,서울특별시,한화투자증권
한화플러스제4호스팩,455310,455310.KQ,KOSDAQ,금융 지원 서비스업,-,2023-09-07,12월,김민철,http://hanwha-plus-no4spac.com,서울특별시,한화플러스제4호스팩
한화플러스제5호스팩,498390,498390.KQ,KOSDAQ,금융 지원 서비스업,-,2025-03-20,12월,김광후,,서울특별시,한화플러스제5호스팩
해성디에스,195870,195870.KS,KOSPI,전자부품 제조업,반도체 패키지용 Substrate,2016-06-24,12월,최영식,http://www.haesungds.com,경상남도,해성디에스
해성산업,34810,034810.KQ,KOSDAQ,기타 금융업,시설관리 용역 및 부동산 임대,1999-04-16,12월,조성래,http://www.haesungind.co.kr,서울특별시,해성산업
해성에어로보틱스,59270,059270.KQ,KOSDAQ,기타 금속 가공제품 제조업,기어 및 동력전달장치,2021-04-21,12월,"이건복,이정훈(각자 대표)",http://www.haisung.co.kr,인천광역시,해성에어로보틱스
해성옵틱스,76610,076610.KQ,KOSDAQ,사진장비 및 광학기기 제조업,휴대폰용 렌즈모듈 및 카메라모듈,2013-11-06,12월,조 철,http://www.hso.co.kr,경기도,해성옵틱스
해태제과식품,101530,101530.KS,KOSPI,기타 식품 제조업,"홈런볼, 오예스, 맛동산, 부라보콘 등",2016-05-11,12월,"신정훈, 이상진(각자대표)",http://www.ht.co.kr,충청남도,해태제과식품
핸디소프트,220180,220180.KQ,KOSDAQ,소프트웨어 개발 및 공급업,"EKP, BPM, 네트워크장비",2016-11-24,12월,이준희,http://www.handysoft.co.kr,경기도,핸디소프트
핸즈코퍼레이션,143210,143210.KS,KOSPI,자동차 신품 부품 제조업,자동차 알루미늄 휠,2016-12-02,12월,승현창,http://www.handscorp.co.kr,인천광역시,핸즈코퍼레이션
헝셩그룹,900270,900270.KQ,KOSDAQ,기타 금융업,자회사 제품 : 아동용 완구 및 아동복 등,2016-08-18,12월,후이만킷,http://www.hengsheng.co.kr,홍콩,헝셩그룹
헥토이노베이션,214180,214180.KQ,KOSDAQ,기타 정보 서비스업,휴대폰부가서비스,2015-06-30,12월,이현철,http://www.hectoinnovation.co.kr,서울특별시,헥토이노베이션
헥토파이낸셜,234340,234340.KQ,KOSDAQ,기타 정보 서비스업,"가상계좌중계, 간편현금결제",2019-07-12,12월,최종원,http://hectofinancial.co.kr,서울특별시,헥토파이낸셜
헬릭스미스,84990,084990.KQ,KOSDAQ,자연과학 및 공학 연구개발업,"바이오신약, 천연물신약 연구개발",2005-12-29,12월,장송선,http://helixmith.com,서울특별시,헬릭스미스
현대건설,720,000720.KS,KOSPI,토목 건설업,"공사수입,주택분양,건설산업부문 설계,감리 등 엔지니어링서비스",1984-12-22,12월,이한우,http://www.hdec.kr,서울특별시,현대건설
현대공업,170030,170030.KQ,KOSDAQ,자동차 신품 부품 제조업,"시트패드, 암레스트, 헤드레스트",2013-12-04,12월,"강현석, 백상열",http://www.hdi21.co.kr,울산광역시,현대공업
현대그린푸드,453340,453340.KS,KOSPI,종합 소매업,"푸드서비스(단체급식), 식자재유통서비스, 공산품/생식품 유통서비스",2023-04-10,12월,박홍진,http://hyundaigreenfood.com,경기도,현대그린푸드
현대글로비스,86280,086280.KS,KOSPI,기타 운송관련 서비스업,"화물운송주선,화물포장,자동차 수리/산업용 기계장비 임대",2005-12-26,12월,이규복,http://www.glovis.net,서울특별시,현대글로비스
현대로템,64350,064350.KS,KOSPI,철도장비 제조업,"철도차량, 특수중기, 산업기계",2013-10-30,12월,이용배,http://www.hyundai-rotem.co.kr,경상남도,현대로템
현대리바트,79430,079430.KS,KOSPI,가구 제조업,"일반목재가구(책상,침실가구),주방가구,목창호,사무용가구,선실가구 제조",2005-11-22,12월,윤기철,http://www.hyundailivart.co.kr,경기도,현대리바트
현대모비스,12330,012330.KS,KOSPI,자동차 신품 부품 제조업,"자동차A/S용 부품,컨테이너,특수중기,산업기계제품 생산,판매,부품모듈화,부품수출사업,환경/플랜트사업,특수중기부문(컨테이너)",1989-09-05,12월,"정의선, 이규석",http://www.mobis.com,서울특별시,현대모비스
현대무벡스,319400,319400.KQ,KOSDAQ,일반 목적용 기계 제조업,"물류자동화, IT서비스",2019-05-08,12월,도익한,http://www.hyundaimovex.com,서울특별시,현대무벡스
현대바이오,48410,048410.KQ,KOSDAQ,기타 화학제품 제조업,화장품 및 화장품원료,2002-08-08,12월,진근우,http://www.hyundaibioscience.com,경상북도,현대바이오
현대바이오랜드,52260,052260.KQ,KOSDAQ,기타 화학제품 제조업,"천연물질 추출물, 미생물 배양제품",2001-05-17,12월,이희준,http://www.hyundaibioland.co.kr,충청북도,현대바이오랜드
현대백화점,69960,069960.KS,KOSPI,종합 소매업,백화점,2002-11-25,12월,"정지선, 정지영 (각자대표)",http://home.e-hyundai.com,서울특별시,현대백화점
현대비앤지스틸,4560,004560.KS,KOSPI,1차 철강 제조업,"스텐레스냉연강판,특수강 제조",1987-03-24,12월,"대표이사 사장 정일선, 대표이사 전무 김성문(각자 대표이사)",http://www.hyundai-bngsteel.com,경상남도,현대비앤지스틸
현대사료,16790,016790.KQ,KOSDAQ,동물용 사료 및 조제식품 제조업,"양계, 양돈 배합사료",2018-06-01,12월,한 도,http://www.hdfeed.co.kr,충청남도,현대사료
현대약품,4310,004310.KS,KOSPI,의약품 제조업,"타코실, 마이녹실, 테놀민, 미에로화이바 등",1978-06-28,11월,이상준,http://www.hyundaipharm.co.kr,충청남도,현대약품
현대에버다임,41440,041440.KQ,KOSDAQ,특수 목적용 기계 제조업,"콘크리트펌프트럭, 중장비개량사업",2003-11-14,12월,임명진,http://www.hyundaieverdigm.com,충청북도,현대에버다임
현대에이치티,39010,039010.KQ,KOSDAQ,통신 및 방송 장비 제조업,스마트홈 제조,2000-07-20,12월,이건구,http://www.hyundaiht.co.kr,서울특별시,현대에이치티
현대엘리베이터,17800,017800.KS,KOSPI,일반 목적용 기계 제조업,"엘리베이터,에스컬레이터,공항,공정,크린룸,병원 물류시스템,수,배송센터,고속소팅시스템,주차설비 제조,판매,보수",1996-07-03,12월,조재천,http://www.hyundaielevator.co.kr,충청북도,현대엘리베이터
현대오토에버,307950,307950.KS,KOSPI,소프트웨어 개발 및 공급업,"전산실운영, 시스템구축, 전산장비 납품, SOC/건축 사업",2019-03-28,12월,김윤구,http://www.hyundai-autoever.com,서울특별시,현대오토에버
현대위아,11210,011210.KS,KOSPI,자동차 신품 부품 제조업,"자동차부품, 공작기계 등",2011-02-21,12월,정재욱,http://www.hyundai-wia.com,경상남도,현대위아
현대이지웰,90850,090850.KQ,KOSDAQ,소프트웨어 개발 및 공급업,선택적복리후생서비스,2013-12-27,12월,박종선,http://www.hyundaiezwel.com,서울특별시,현대이지웰
현대자동차,5380,005380.KS,KOSPI,자동차용 엔진 및 자동차 제조업,"자동차(승용차,버스,트럭,특장차),자동차부품,자동차전착도료 제조,차량정비사업",1974-06-28,12월,"정의선, 이동석, 무뇨스 바르셀로 호세 안토니오(각자 대표이사)",http://www.hyundai.com,서울특별시,현대자동차
현대제철,4020,004020.KS,KOSPI,1차 철강 제조업,"H형강,제철,제강,철근,압연,스테인레스,주강,시트파일 제조,수출입,중기부품(탱크바퀴)제조,판매",1987-05-23,12월,서강현,http://www.hyundai-steel.com,인천광역시,현대제철
현대지에프홀딩스,5440,005440.KS,KOSPI,기타 금융업,"백화점,여행알선,숙박,음식점/부동산 임대",1989-08-22,12월,"정지선, 장호진 (각자 대표이사)",https://www.hyundaigfholdings.co.kr,서울특별시,현대지에프홀딩스
현대차증권,1500,001500.KS,KOSPI,금융 지원 서비스업,"유가증권의매매,위탁매매,유가증권의 중개,대리/부동산 임대",1990-06-09,12월,배형근,http://hmsec.com,서울특별시,현대차증권
현대코퍼레이션,11760,011760.KS,KOSPI,상품 종합 도매업,"자동차,철강,기계,선박,플랜트,컴퓨터,전자제품 수출,수출입대행/자원(탄광,유전) 개발",1977-12-01,12월,"정몽혁, 김원갑, 장안석(각자대표이사)",http://www.hyundaicorp.co.kr,서울특별시,현대코퍼레이션
현대코퍼레이션홀딩스,227840,227840.KS,KOSPI,음·식료품 및 담배 도매업,"브랜드사업, 육류유통",2015-10-23,12월,"정몽혁, 김원갑, 권철호",http://www.hyundaicorpholdings.com,서울특별시,현대코퍼레이션홀딩스
현대퓨처넷,126560,126560.KS,KOSPI,전기 통신업,"디지털 사이니지, 기업 메시징 등",2010-12-23,12월,김성일,http://www.hyundaifuturenet.com,서울특별시,현대퓨처넷
현대해상,1450,001450.KS,KOSPI,보험업,손해보험(자동차보험),1989-08-25,12월,이석현,http://www.hi.co.kr,서울특별시,현대해상
현대홈쇼핑,57050,057050.KS,KOSPI,무점포 소매업,TV홈쇼핑 도소매/홈쇼핑프로그램 제작,2010-09-13,12월,"정교선, 한광영(각자 대표이사)",http://www.hmall.com,서울특별시,현대홈쇼핑
현대힘스,460930,460930.KQ,KOSDAQ,선박 및 보트 건조업,"선박기자재 (선박 블록, 보강재, 도장 등)",2024-01-26,12월,최지용,http://www.hyms.kr,울산광역시,현대힘스
현대ADM,187660,187660.KQ,KOSDAQ,자연과학 및 공학 연구개발업,임상 CRO 서비스,2021-06-03,12월,"김택성, 김광희(공동 대표이사)",http://hdadmbio.com,서울특별시,"현대adm, 현대ADM"
현우산업,92300,092300.KQ,KOSDAQ,전자부품 제조업,인쇄회로판(PCB),2007-10-24,12월,"문병선, 문인식 (각자대표)",http://www.hyunwoopcb.com,인천광역시,현우산업
협진,138360,138360.KQ,KOSDAQ,특수 목적용 기계 제조업,기계제조,2013-11-08,12월,김종서,http://www.hjfm.co.kr,경기도,협진
형지글로벌,308100,308100.KQ,KOSDAQ,"섬유, 의복, 신발 및 가죽제품 소매업",골프의류 및 골프잡화,2019-06-10,12월,최준호,http://www.castelbajac.com,인천광역시,형지글로벌
형지엘리트,93240,093240.KS,KOSPI,봉제의복 제조업,"학생복,스포츠의류,작업복 제조,도매",2009-09-28,06월,최준호,http://www.hyungji-elite.com,인천광역시,형지엘리트
형지I&C,11080,011080.KQ,KOSDAQ,봉제의복 제조업,"의복, 악세사리",2004-07-02,12월,최혜원,http://www.hyungjiinc.com,인천광역시,"형지i&c, 형지I&C"
혜인,3010,003010.KS,KOSPI,기계장비 및 관련 물품 도매업,"건설기계,산업용 기계장비(진공흡인차,세정차),스테거크레인,비상용발전기,해상용엔진 도소매/창고",1988-09-20,12월,원경희,http://www.haein.com,서울특별시,혜인
호전실업,111110,111110.KS,KOSPI,봉제의복 제조업,스포츠웨어 및 아웃도어 웨어 OEM,2017-02-02,12월,박용철 박진호,http://www.hojeon.com,서울특별시,호전실업
호텔신라,8770,008770.KS,KOSPI,기타 상품 전문 소매업,"면세판매,관광숙박,외식사업,예식업",1991-03-12,12월,이부진,http://www.hotelshilla.net,서울특별시,호텔신라
홈센타홀딩스,60560,060560.KQ,KOSDAQ,기타 전문 도매업,"건축자재,레미콘",2002-07-11,12월,박 병 윤,http://www.home-center.co.kr,대구광역시,홈센타홀딩스
홈캐스트,64240,064240.KQ,KOSDAQ,기타 전문 도매업,디지털 셋톱박스,2003-06-11,12월,권영철,http://www.homecast.net,서울특별시,홈캐스트
화성밸브,39610,039610.KQ,KOSDAQ,일반 목적용 기계 제조업,"가스밸브, 매몰용접용 볼밸브, 온수분배기",2000-03-16,12월,"장원규, 장성필(각자대표)",http://www.hsvalve.co.kr,대구광역시,화성밸브
화승알앤에이,378850,378850.KS,KOSPI,자동차 신품 부품 제조업,자동차용 고무제품,2021-03-15,12월,김형진,http://www.hsrna.com,경상남도,화승알앤에이
화승엔터프라이즈,241590,241590.KS,KOSPI,신발 및 신발 부분품 제조업,,2016-10-04,12월,이계영,http://www.hsenterprise.co.kr,부산광역시,화승엔터프라이즈
화승인더스트리,6060,006060.KS,KOSPI,플라스틱제품 제조업,"포장용 합성수지 제조/신발,필름 판매/부동산 임대",1991-02-04,12월,대표이사 현석호,http://www.hsi.co.kr,부산광역시,화승인더스트리
화승코퍼레이션,13520,013520.KS,KOSPI,자동차 신품 부품 제조업,"산업용 고무제품(호스시트,벨트,펜더 등) 제조, 판매",1991-02-22,12월,"허성룡,현지호",http://www.hscorp.com,부산광역시,화승코퍼레이션
화신,10690,010690.KS,KOSPI,자동차 신품 부품 제조업,"자동차엔진부품(ARM류,C/MBR류),자동차부품 제조",1994-01-14,12월,"정서진, 장의호",http://www.hwashin.co.kr,경상북도,화신
화신정공,126640,126640.KQ,KOSDAQ,자동차 신품 부품 제조업,자동차부품,2010-08-31,12월,정 서 진,http://hsp.hwashin.co.kr,경상북도,화신정공
화인베스틸,133820,133820.KS,KOSPI,1차 철강 제조업,"조선용 형강(부등변 부등후 앵글, 부등호 앵글, 등변앵글 평철 등)",2014-07-22,12월,장재훈,http://www.finebesteel.com,경상남도,화인베스틸
화인써키트,127980,127980.KQ,KOSDAQ,전자부품 제조업,인쇄회로기판(PCB),2023-02-17,12월,유수권,http://finecircuit.co.kr,인천광역시,화인써키트
화일약품,61250,061250.KQ,KOSDAQ,의약품 제조업,의약품 원료,2002-04-18,12월,"조경숙, 서생규(각자대표)",http://www.hwail.com,경기도,화일약품
화천기계,10660,010660.KS,KOSPI,특수 목적용 기계 제조업,"선반,밀링,연삭기,CNC선반,CNC밀링,머시닝센타 제조,판매/자동차부품(실린더블럭) 제조",1988-12-12,12월,"권형석, 권형운 (공동대표이사)",http://www.hwacheon.co.kr,서울특별시,화천기계
화천기공,850,000850.KS,KOSPI,특수 목적용 기계 제조업,"CNC선반,CNC밀링,연마기(금속공작기계),MC공작기계,COPY밀링기계,주방품 제조,도매",1999-11-18,12월,"권형석, 권형도(공동대표이사)",http://www.hwacheon.com,광주광역시,화천기공
환인제약,16580,016580.KS,KOSPI,의약품 제조업,"의약품(신경정신질환치료제,소화기관용약제,연고) 제조,도매",1996-07-03,12월,"이광식, 이원범(각자 대표이사)",http://www.whanin.co.kr,서울특별시,환인제약
황금에스티,32560,032560.KS,KOSPI,1차 비철금속 제조업,"스테인레스 냉연, 열연",2009-10-29,12월,김종현,http://www.hwangkum.com,경기도,황금에스티
효성,4800,004800.KS,KOSPI,기타 금융업,"스판덱스,합성원사,나일론,폴리에스터,타이어코드지,PET병,수지제품,중전기제품(변압기,차단기),사무용기계,컴퓨터 제조/건축공사",1973-06-30,12월,"조현준, 황윤언",http://www.hyosung.com,서울특별시,효성
효성 ITX,94280,094280.KS,KOSPI,기타 사업지원 서비스업,"컨택센터서비스, Cloud솔루션, CDN, 프로젝터판매",2007-10-25,12월,"남경환, 홍혜진(각자대표이사)",http://www.hyosungitx.com,서울특별시,"효성 itx, 효성 ITX"
효성오앤비,97870,097870.KQ,KOSDAQ,"비료, 농약 및 살균, 살충제 제조업","혼합유박비료,유기복합비료,혼합유기질비료",2008-04-08,06월,"박태헌,김방식,박문현",http://www.hsonb.com,충청남도,효성오앤비
효성중공업,298040,298040.KS,KOSPI,"전동기, 발전기 및 전기 변환 · 공급 · 제어 장치 제조업",-,2018-07-13,12월,우태희,http://www.hyosungheavyindustries.com,서울특별시,효성중공업
효성티앤씨,298020,298020.KS,KOSPI,화학섬유 제조업,"섬유, 산업자재, 화학, 중공업, 건설, 무역,금융 등",2018-07-13,12월,김치형,http://www.hyosungtnc.com,서울특별시,효성티앤씨
효성화학,298000,298000.KS,KOSPI,기초 화학물질 제조업,-,2018-07-13,12월,이건종,http://www.hyosungchemical.com,서울특별시,효성화학
후성,93370,093370.KS,KOSPI,기초 화학물질 제조업,"불소화물 제조,도매",2006-12-22,12월,김용민,http://www.foosungchem.com,경기도,후성
휠라홀딩스,81660,081660.KS,KOSPI,생활용품 도매업,"스포츠의류,신발,가방,시계,골프장비,화장품,가죽제품(지갑,키홀더) 도매,수출입",2010-09-28,12월,윤근창,http://www.filaholdings.com/kr/main/index.asp,서울특별시,휠라홀딩스
휴네시온,290270,290270.KQ,KOSDAQ,소프트웨어 개발 및 공급업,망간자료전송(i-oneNet),2018-08-02,12월,정동섭,http://www.hunesion.com,서울특별시,휴네시온
휴니드테크놀러지스,5870,005870.KS,KOSPI,통신 및 방송 장비 제조업,"무선통신기기,군납용무전기,위성방송수신기 제조",1991-09-03,12월,김유진,http://www.huneed.com,인천광역시,휴니드테크놀러지스
휴럼,353190,353190.KQ,KOSDAQ,기타 식품 제조업,금융지원 서비스,2020-06-17,12월,김진석,http://hurumcorp.com,서울특별시,휴럼
휴림로봇,90710,090710.KQ,KOSDAQ,특수 목적용 기계 제조업,제조업용로봇및서비스로봇,2006-12-05,12월,김봉관,http://www.dstrobot.com,충청남도,휴림로봇
휴림에이텍,78590,078590.KQ,KOSDAQ,자동차 신품 부품 제조업,자동차내장카페트,2005-10-27,12월,설정호,http://www.hyulimatech.co.kr,경상남도,휴림에이텍
휴마시스,205470,205470.KQ,KOSDAQ,의료용품 및 기타 의약 관련제품 제조업,체외진단키트,2014-12-01,12월,김성곤,http://www.humasis.com,경기도,휴마시스
휴맥스,115160,115160.KQ,KOSDAQ,영상 및 음향기기 제조업,셋톱박스,2009-11-16,12월,정성민,http://kr.humaxdigital.com,경기도,휴맥스
휴맥스홀딩스,28080,028080.KQ,KOSDAQ,"컴퓨터 프로그래밍, 시스템 통합 및 관리업","지주사업, IT서비스사업",1997-04-16,12월,변대규,http://holdings.humaxdigital.com,경기도,휴맥스홀딩스
휴먼테크놀로지,175140,175140.KQ,KOSDAQ,통신 및 방송 장비 제조업,"웨어러블 디바이스, 모바일 라우터",2015-09-23,12월,김종수,http://www.infomark.co.kr,경기도,휴먼테크놀로지
휴메딕스,200670,200670.KQ,KOSDAQ,의약품 제조업,"히알루론산 관절염치료제, 히알루론산 더말필러",2014-12-26,12월,강민종,http://www.humedix.com,경기도,휴메딕스
휴비스,79980,079980.KS,KOSPI,화학섬유 제조업,"합성섬유(폴리에스테르원사,원면),재생섬유,폴리에스텔 원사,원면,고상칩 제조,도소매",2012-02-23,12월,김석현,http://www.huvis.com,서울특별시,휴비스
휴비츠,65510,065510.KQ,KOSDAQ,의료용 기기 제조업,"자동검안기, 자동렌즈미터",2003-10-31,12월,김현수,http://www.huvitz.com,경기도,휴비츠
휴센텍,215090,215090.KQ,KOSDAQ,"측정, 시험, 항해, 제어 및 기타 정밀기기 제조업; 광학기기 제외",■ 회로카드조립체(프로세서보드용),2015-04-28,12월,이병경,http://www.hucentech.com,경기도,휴센텍
휴스틸,5010,005010.KS,KOSPI,1차 철강 제조업,"강관(배관용,구조용,유정용) 제조,도매",1973-06-29,12월,"박훈, 윤형원(각자 대표이사)",http://www.husteel.com,서울특별시,휴스틸
휴엠앤씨,263920,263920.KQ,KOSDAQ,그외 기타 제품 제조업,"유리용기, 화장용 스펀지, 퍼프",2017-09-28,12월,김준철,http://humnc.com,인천광역시,휴엠앤씨
휴온스,243070,243070.KQ,KOSDAQ GLOBAL,의약품 제조업,"전문의약품, 일반의약품",2016-06-03,12월,Song Soo-young,http://www.huons.com,경기도,휴온스
휴온스글로벌,84110,084110.KQ,KOSDAQ,의약품 제조업,의약품제조업,2006-12-19,12월,"Song Soo-young, Yoon Sung-Tae (Independent representation)",http://www.huonsglobal.com,경기도,휴온스글로벌
휴젤,145020,145020.KQ,KOSDAQ GLOBAL,기초 의약물질 제조업,"보툴리눔톡신, 필러",2015-12-24,12월,"문형진, 박철민 (각자 대표집행임원)",http://www.hugel.co.kr,강원특별자치도,휴젤
흥구석유,24060,024060.KQ,KOSDAQ,기타 전문 도매업,휘발유등,1994-12-07,12월,김상우,http://www.hunggu.kr,대구광역시,흥구석유
흥국,10240,010240.KQ,KOSDAQ,특수 목적용 기계 제조업,굴삭기 Roller 및 형단조품,2009-05-12,12월,류명준,http://www.heungkuk.co.kr,충청남도,흥국
흥국에프엔비,189980,189980.KQ,KOSDAQ,비알코올음료 및 얼음 제조업,"과일음료(에이드베이스, 스무디, 착즙쥬스 등)",2015-08-07,12월,"박철범, 오길영",http://www.hyungkuk.com,서울특별시,흥국에프엔비
흥국화재,540,000540.KS,KOSPI,보험업,손해보험,1974-12-05,12월,송윤상,http://www.insurance.co.kr,서울특별시,흥국화재
흥아해운,3280,003280.KS,KOSPI,해상 운송업,외항화물운송업(케미컬탱커),1976-06-29,12월,이환구,http://www.heung-a.com,서울특별시,흥아해운
희림,37440,037440.KQ,KOSDAQ,"건축기술, 엔지니어링 및 관련 기술 서비스업",설계 및 감리용역,2000-02-03,12월,"정영균, 권기재 (각자대표)",http://www.heerim.com,서울특별시,희림
힘스,238490,238490.KQ,KOSDAQ,특수 목적용 기계 제조업,"OLED Mask 인장기, OLED Mask 검사기 등",2017-07-20,12월,김주환,http://www.hims.co.kr,인천광역시,힘스
AJ네트웍스,95570,095570.KS,KOSPI,산업용 기계 및 장비 임대업,"렌탈(파렛트, OA장비, 건설장비)",2015-08-21,12월,곽정호,http://www.ajnet.co.kr,서울특별시,"aj네트웍스, AJ네트웍스"
AK홀딩스,6840,006840.KS,KOSPI,기타 금융업,지주사업,1999-08-11,12월,"고준, 채형석 (각자 대표이사)",http://www.aekyunggroup.co.kr,서울특별시,"ak홀딩스, AK홀딩스"
AP시스템,265520,265520.KQ,KOSDAQ,특수 목적용 기계 제조업,디스플레이 제조 장비,2017-04-07,12월,Yoo Ho Sun,http://www.apsystems.co.kr,경기도,"ap시스템, AP시스템"
AP위성,211270,211270.KQ,KOSDAQ,"항공기,우주선 및 부품 제조업",위성통신 단말기,2016-03-04,12월,이성희,http://www.apsi.co.kr,서울특별시,"ap위성, AP위성"
AP헬스케어,109960,109960.KQ,KOSDAQ,기타 전문 도매업,"모바일게임 퍼블리싱, 바이오의약품 연구개발업 및 판매, 생산설비 및 연구장비의 대여 및 판매",2009-11-13,12월,김정출,http://www.aprogen-hng.com,경기도,"ap헬스케어, AP헬스케어"
APS,54620,054620.KQ,KOSDAQ,기타 금융업,인터넷 트래픽 솔루션,2001-12-04,12월,정기로,http://www.apsholdings.co.kr,경기도,"aps, APS"
BF랩스,139050,139050.KQ,KOSDAQ,"컴퓨터 프로그래밍, 시스템 통합 및 관리업","용역서비스(ITS,BIS,ATMS,BRT)",2011-07-29,12월,"한상우, 조영중 (공동대표이사)",http://www.citylabs.co.kr,경기도,"bf랩스, BF랩스"
BGF,27410,027410.KS,KOSPI,기타 금융업,지주회사,2014-05-19,12월,홍정국,http://www.bgf.co.kr,서울특별시,"bgf, BGF"
BGF리테일,282330,282330.KS,KOSPI,종합 소매업,체인화 편의점,2017-12-08,12월,민승배,http://www.bgfretail.com,서울특별시,"bgf리테일, BGF리테일"
BGF에코머티리얼즈,126600,126600.KQ,KOSDAQ,합성고무 및 플라스틱 물질 제조업,엔지니어링 플라스틱 칩,2010-11-12,12월,홍정혁,http://www.bgfecomaterials.com,경기도,"bgf에코머티리얼즈, BGF에코머티리얼즈"
BNK금융지주,138930,138930.KS,KOSPI,기타 금융업,금융지주회사,2011-03-30,12월,빈대인,http://www.bnkfg.com,부산광역시,"bnk금융지주, BNK금융지주"
BYC,1460,001460.KS,KOSPI,봉제의복 제조업,"메리야스,란제리 제조,도매/건축공사/부동산 임대,분양,공급",1975-06-02,12월,김 대 환,http://home.byc.co.kr,서울특별시,"byc, BYC"
CBI,13720,013720.KQ,KOSDAQ,자동차 신품 부품 제조업,엔진부품,1993-12-29,12월,오경원,http://www.cheongbo.co.kr,인천광역시,"cbi, CBI"
CG인바이츠,83790,083790.KQ,KOSDAQ,자연과학 및 공학 연구개발업,아셀렉스,2006-01-06,12월,"오수연, 이호영(공동대표이사)",http://www.cginvites.com,서울특별시,"cg인바이츠, CG인바이츠"
CJ,1040,001040.KS,KOSPI,기타 금융업,지주회사,1973-06-29,12월,"손경식, 김홍기",http://www.cj.net,서울특별시,"cj, CJ"
CJ 바이오사이언스,311690,311690.KQ,KOSDAQ,자연과학 및 공학 연구개발업,"생명정보 플랫폼, 마이크로바이옴 분석 서비스",2019-12-26,12월,천종식,http://www.cjbioscience.com,서울특별시,"cj 바이오사이언스, CJ 바이오사이언스"
CJ CGV,79160,079160.KS,KOSPI,"영화, 비디오물, 방송프로그램 제작 및 배급업","영화상영,영화관 운영",2004-12-24,12월,정종민,http://www.cgv.co.kr,서울특별시,"cj cgv, CJ CGV"
CJ ENM,35760,035760.KQ,KOSDAQ GLOBAL,텔레비전 방송업,"의류, 생활주방, 가전제품, 보석, 기타",1999-11-23,12월,윤상현,http://www.cjmall.com,서울특별시,"cj enm, CJ ENM"
CJ대한통운,120,000120.KS,KOSPI,도로 화물 운송업,"Contract Logistics, 포워딩, 항만하역, 해운, 택배국제특송, SCM Consulting",1956-07-02,12월,"신영수, 민영학 (각자 대표)",http://www.cjlogistics.com,서울특별시,"cj대한통운, CJ대한통운"
CJ씨푸드,11150,011150.KS,KOSPI,기타 식품 제조업,"수산물(어묵,맛살)가공품 도매,원양수산업,수출입",1988-11-26,12월,임항순,http://www.cjseafood.net,경기도,"cj씨푸드, CJ씨푸드"
CJ제일제당,97950,097950.KS,KOSPI,기타 식품 제조업,"설탕,소맥분,조미식품,육가공식품(돈육,돼지비계,돼지식용설육),대두가공식품,사료,의약품,생활화학제품 제조,도매,무역/통신판매",2007-09-28,12월,"손경식,강신호(각자 대표이사)",http://www.cj.co.kr,서울특별시,"cj제일제당, CJ제일제당"
CJ프레시웨이,51500,051500.KQ,KOSDAQ,음·식료품 및 담배 도매업,"식자재유통, 단체급식",2001-07-26,12월,이건일,http://www.cjfreshway.com,경기도,"cj프레시웨이, CJ프레시웨이"
CMG제약,58820,058820.KQ,KOSDAQ,의약품 제조업,의약품,2001-08-31,12월,이주형,http://www.cmgpharma.co.kr,서울특별시,"cmg제약, CMG제약"
CNH,23460,023460.KQ,KOSDAQ,기타 금융업,투자자문,1994-10-07,12월,김양수(단독대표이사),http://www.cnhcap.co.kr,경기도,"cnh, CNH"
CNT85,56730,056730.KQ,KOSDAQ,건물 건설업,산업설비 제조외,2002-01-04,12월,김윤호,http://www.cnt85.com,경기도,"cnt85, CNT85"
CS,65770,065770.KQ,KOSDAQ,통신 및 방송 장비 제조업,"이동통신중계기, 위성방송(DMB)중계기(Gap-Filler)",2004-06-04,12월,최규훈,http://www.cs-holdings.co.kr,경기도,"cs, CS"
CS홀딩스,590,000590.KS,KOSPI,기타 금융업,"브랜드 수익, 자회사 배당",1975-12-22,12월,장원영,http://www.chosunwelding.com,경상북도,"cs홀딩스, CS홀딩스"
CSA 코스믹,83660,083660.KQ,KOSDAQ,기타 화학제품 제조업,화장품 제조 및 판매,2006-07-25,12월,"오영철,조성아 (공동대표)",http://www.csacosmic.com,서울특별시,"csa 코스믹, CSA 코스믹"
DB,12030,012030.KS,KOSPI,"컴퓨터 프로그래밍, 시스템 통합 및 관리업","컴퓨터 프로그래밍, 시스템 통합 및 관리",1993-01-06,12월,"문덕식,강운식 (각자 대표이사)",http://www.dbinc.co.kr,서울특별시,"db, DB"
DB금융스팩11호,456440,456440.KQ,KOSDAQ,기타 금융업,기업인수목적,2023-07-12,12월,김동식,,서울특별시,"db금융스팩11호, DB금융스팩11호"
DB금융투자,16610,016610.KS,KOSPI,금융 지원 서비스업,"유가증권,위탁매매,인수,자기매매",1988-06-27,12월,곽봉석,http://db-fi.com,서울특별시,"db금융투자, DB금융투자"
DB손해보험,5830,005830.KS,KOSPI,보험업,"자동차보험,화재보험,해상보험,특종보험,장기보험",1973-06-28,12월,"김정남, 정종표",http://www.idbins.com,서울특별시,"db손해보험, DB손해보험"
DB하이텍,990,000990.KS,KOSPI,반도체 제조업,반도체 제조,1975-12-12,12월,조기석,http://www.dbhitek.co.kr,경기도,"db하이텍, DB하이텍"
DGB금융지주,139130,139130.KS,KOSPI,기타 금융업,지주회사,2011-06-07,12월,황병우,http://www.dgbfg.co.kr,대구광역시,"dgb금융지주, DGB금융지주"
DGI,99520,099520.KQ,KOSDAQ,영상 및 음향기기 제조업,"DVR,유선통신기기 제조,무역/소프트웨어 자문,연구개발,기술용역",2009-12-22,12월,"박상열,박근식 (각자 대표이사)",http://www.itxai.com,서울특별시,"dgi, DGI"
DGP,60900,060900.KQ,KOSDAQ,전기업,풍력 및 태양광 발전업,2002-09-17,12월,오경원,http://www.daehangreenpower.com,전라남도,"dgp, DGP"
DH오토넥스,300,000300.KS,KOSPI,통신 및 방송 장비 제조업,"유,무선 통신장비",1975-06-09,12월,최준용,http://www.dayouplus.co.kr,전북특별자치도,"dh오토넥스, DH오토넥스"
DH오토리드,290120,290120.KQ,KOSDAQ,자동차 신품 부품 제조업,자동차 스티어링휠,2018-12-07,12월,이석근,http://www.dayouap.co.kr,전북특별자치도,"dh오토리드, DH오토리드"
DH오토웨어,25440,025440.KQ,KOSDAQ,영상 및 음향기기 제조업,카멀티미디어 및 TFT-LCD 부품제조..,1995-05-22,12월,"김진우, 지태수",http://www.dseltec.co.kr,광주광역시,"dh오토웨어, DH오토웨어"
DL,210,000210.KS,KOSPI,기초 화학물질 제조업,지주회사,1976-02-02,12월,김종현,http://www.dlholdings.co.kr,서울특별시,"dl, DL"
DL이앤씨,375500,375500.KS,KOSPI,토목 건설업,토목 건설 사업,2021-01-25,12월,박상신,http://www.dlenc.co.kr,서울특별시,"dl이앤씨, DL이앤씨"
DMS,68790,068790.KQ,KOSDAQ,특수 목적용 기계 제조업,LCD 제조장비,2004-10-01,12월,이석화,http://www.dms21.co.kr,경기도,"dms, DMS"
DN오토모티브,7340,007340.KS,KOSPI,일차전지 및 이차전지 제조업,자동차용 밧데리,1988-09-24,12월,김상헌 김인환,http://www.dnautomotive.com,경상남도,"dn오토모티브, DN오토모티브"
DRB동일,4840,004840.KS,KOSPI,고무제품 제조업,"고무벨트(V벨트,콘베이어벨트,평벨트),프라스틱제품 제조,판매",1976-05-21,12월,류영식,http://www.drbworld.com,부산광역시,"drb동일, DRB동일"
DS단석,17860,017860.KS,KOSPI,기타 화학제품 제조업,바이오에너지,2023-12-22,12월,한승욱,http://dsdansuk.com,경기도,"ds단석, DS단석"
DSC인베스트먼트,241520,241520.KQ,KOSDAQ,신탁업 및 집합투자업,투자조합 결성 및 투자,2016-12-19,12월,윤건수,http://www.dscinvestment.com,서울특별시,"dsc인베스트먼트, DSC인베스트먼트"
DSR,155660,155660.KS,KOSPI,1차 비철금속 제조업,합섬섬유로프,2013-05-15,12월,홍석빈,http://www.dsr.com,부산광역시,"dsr, DSR"
DSR제강,69730,069730.KS,KOSPI,1차 철강 제조업,"와이어로프,각종 경강선,철선제품,PC강선,아연도 강연선 제조",2003-01-28,12월,"홍하종, 홍석빈 (각자 대표이사)",http://www.dsrcorp.com,전라남도,"dsr제강, DSR제강"
DXVX,180400,180400.KQ,KOSDAQ,기타 과학기술 서비스업,BAC DNA CHIP,2015-11-20,12월,"이용구, 권규찬 (각자 대표이사)",http://www.dxvx.com,서울특별시,"dxvx, DXVX"
E1,17940,017940.KS,KOSPI,기타 전문 도매업,"LPG(프로판,부탄가스),가스기기판매",1997-08-27,12월,"구자용, 천정식 (각자 대표이사)",http://www.e1.co.kr,서울특별시,"e1, E1"
EDGC,245620,245620.KQ,KOSDAQ,자연과학 및 공학 연구개발업,유전체 분석 진단 서비스,2018-06-26,12월,대표이사 이민섭,http://www.edgc.com,인천광역시,"edgc, EDGC"
EG,37370,037370.KQ,KOSDAQ,기초 화학물질 제조업,"산화철, 대기수처리방지시설, 무역",2000-01-11,12월,박지만,http://www.egcorp.co.kr,전라남도,"eg, EG"
EMB,278990,278990.KQ,KONEX,"전동기, 발전기 및 전기 변환 · 공급 · 제어 장치 제조업","태양광ESS,휴대폰 액세서리",2017-10-31,12월,홍지태,http://www.fineemtech.co.kr,경기도,"emb, EMB"
ES큐브,50120,050120.KQ,KOSDAQ,생활용품 도매업,"텐트, 원 ·부자재",2002-04-25,12월,우인선,http://www.escube.co.kr,서울특별시,"es큐브, ES큐브"
ESR켄달스퀘어리츠,365550,365550.KS,KOSPI,부동산 임대 및 공급업,부동산투자,2020-12-23,05월,조주현,http://www.esrks-reit.com,서울특별시,"esr켄달스퀘어리츠, ESR켄달스퀘어리츠"
F&F,383220,383220.KS,KOSPI,봉제의복 제조업,"MLB, MLB KIDS, DISCOVERY 등 패션의류제품",2021-05-21,12월,김창수,http://www.fnf.co.kr,서울특별시,"f&f, F&F"
F&F 홀딩스,7700,007700.KS,KOSPI,기타 금융업,지주회사,1984-10-04,12월,박의헌,http://www.fnfholdings.com,서울특별시,"f&f 홀딩스, F&F 홀딩스"
FSN,214270,214270.KQ,KOSDAQ,소프트웨어 개발 및 공급업,카울리,2015-03-25,12월,"서정교, 박태순(공동대표이사)",http://fsn.co.kr,서울특별시,"fsn, FSN"
GH신소재,130500,130500.KQ,KOSDAQ,기타 섬유제품 제조업,"자동차용 부직포, 폴리우레탄 폼",2013-08-02,12월,우희구,http://www.ghglobal.co.kr,경상북도,"gh신소재, GH신소재"
GKL,114090,114090.KS,KOSPI,유원지 및 기타 오락관련 서비스업,카지노,2009-11-19,12월,윤두현,http://www.grandkorea.com,서울특별시,"gkl, GKL"
GRT,900290,900290.KQ,KOSDAQ,기타 금융업,"광학필름, 포장필름",2016-10-25,06월,주영남,http://www.grt-tongli.co.kr,홍콩,"grt, GRT"
GS,78930,078930.KS,KOSPI,기타 금융업,지주회사/부동산 임대,2004-08-05,12월,"허태수, 홍순기 (각자 대표이사)",http://www.gs.co.kr,서울특별시,"gs, GS"
GS건설,6360,006360.KS,KOSPI,건물 건설업,"토목공사,건축공사,주택공사,산업플랜트공사,리모델링공사,시설물유지관리공사/산업설비설계,감리 용역,수출입/에너지관리 진단,연구개발",1981-08-03,12월,"허창수, 허윤홍(각자 대표이사)",http://www.gsconst.co.kr,서울특별시,"gs건설, GS건설"
GS글로벌,1250,001250.KS,KOSPI,상품 종합 도매업,"수출입업(시멘트,철강금속,전기전자,섬유,기계화학),상품중개,광업,채석업/하수처리 서비스/부동산 임대",1976-06-26,12월,이영환,http://www.gsgcorp.com,서울특별시,"gs글로벌, GS글로벌"
GS리테일,7070,007070.KS,KOSPI,종합 소매업,"체인화 편의점,슈퍼마켓,마트,전자상거래/부동산(빌딩) 임대",2011-12-23,12월,허서홍,http://www.gsretail.com,서울특별시,"gs리테일, GS리테일"
GS피앤엘,499790,499790.KS,KOSPI,기타 금융업,지주회사,2024-12-23,12월,김원식,http://www.gspnl.com,서울특별시,"gs피앤엘, GS피앤엘"
GST,83450,083450.KQ,KOSDAQ,특수 목적용 기계 제조업,"GasScrubber,Chiller",2006-02-01,12월,"석종욱, 문승보(각자대표)",http://www.gst-in.com,경기도,"gst, GST"
HB솔루션,297890,297890.KQ,KOSDAQ,특수 목적용 기계 제조업,"디스플레이 제조용 장비(도포기, 조립기, 검사기)",2020-06-22,12월,이재원,http://www.hb-solution.co.kr,충청남도,"hb솔루션, HB솔루션"
HB인베스트먼트,440290,440290.KQ,KOSDAQ,기타 금융업,벤처투자조합 등 조합 결성 및 운영,2024-01-25,12월,황유선,http://www.hbvc.co.kr,서울특별시,"hb인베스트먼트, HB인베스트먼트"
HB테크놀러지,78150,078150.KQ,KOSDAQ,특수 목적용 기계 제조업,TFT-LCD검사장비,2004-12-08,12월,문성준,http://www.ncbnet.co.kr,충청남도,"hb테크놀러지, HB테크놀러지"
HD한국조선해양,9540,009540.KS,KOSPI,기타 금융업,"선박,해양구조물,엔진,펌프 전동기,중전기,중장비 제조/자동창고,물류시스템",1999-08-24,12월,"정기선, 김성준 (각자 대표이사)",http://www.ksoe.co.kr,경기도,"hd한국조선해양, HD한국조선해양"
HD현대,267250,267250.KS,KOSPI,기타 금융업,지주회사,2017-05-10,12월,"권오갑, 정기선",http://www.hd.com,경기도,"hd현대, HD현대"
HD현대건설기계,267270,267270.KS,KOSPI,일반 목적용 기계 제조업,"굴삭기, 지게차, 휠로더 등",2017-05-10,12월,최철곤,http://www.hd-hyundaice.com,경기도,"hd현대건설기계, HD현대건설기계"
HD현대마린솔루션,443060,443060.KS,KOSPI,"건축기술, 엔지니어링 및 관련 기술 서비스업","AM(After Market) 솔루션, 친환경 Retrofit, 디지털 제어",2024-05-08,12월,이기동,http://www.hd-marinesolution.com,경기도,"hd현대마린솔루션, HD현대마린솔루션"
HD현대마린엔진,71970,071970.KS,KOSPI,일반 목적용 기계 제조업,"조선기자재, 기계부품",2009-05-15,12월,강영,http://www.hd-marineengine.com,경상남도,"hd현대마린엔진, HD현대마린엔진"
HD현대미포,10620,010620.KS,KOSPI,선박 및 보트 건조업,"선박수리,선박개조,선박신조",1983-12-20,12월,김형관,http://www.hd-hmd.com,울산광역시,"hd현대미포, HD현대미포"
HD현대에너지솔루션,322000,322000.KS,KOSPI,반도체 제조업,"태양광 셀·모듈, PV시스템, ESS",2019-11-19,12월,박종환,http://www.hd-hyundaies.co.kr,경기도,"hd현대에너지솔루션, HD현대에너지솔루션"
HD현대인프라코어,42670,042670.KS,KOSPI,특수 목적용 기계 제조업,"굴착기,엔진 제조,도소매",2001-02-02,12월,"조영철, 오승현",http://www.hd-infracore.com,인천광역시,"hd현대인프라코어, HD현대인프라코어"
HD현대일렉트릭,267260,267260.KS,KOSPI,"전동기, 발전기 및 전기 변환 · 공급 · 제어 장치 제조업","변압기, 고압차단기, 회전기, 배전반 등",2017-05-10,12월,김영기,http://www.hd-hyundaielectric.com,경기도,"hd현대일렉트릭, HD현대일렉트릭"
HD현대중공업,329180,329180.KS,KOSPI,선박 및 보트 건조업,"선박, 해양플랜트 및 엔진기계 등",2021-09-17,12월,"이상균, 노진율 (각자 대표이사)",http://www.hhi.co.kr,울산광역시,"hd현대중공업, HD현대중공업"
HDC,12630,012630.KS,KOSPI,기타 금융업,지주회사,1996-10-16,12월,"정몽규, 김회언 (각자 대표이사)",http://www.hdc-holdings.com,서울특별시,"hdc, HDC"
HDC랩스,39570,039570.KS,KOSPI,전기 및 통신 공사업,"기계설비공사, 스마트홈, 지능형 빌딩, SOC, 인테리어, 조경, 시설관리",2015-09-24,12월,김성은,http://www.hdc-labs.com,서울특별시,"hdc랩스, HDC랩스"
HDC현대산업개발,294870,294870.KS,KOSPI,건물 건설업,"외주주택, 자체공사, 일반건축, 토목 등",2018-06-12,12월,"정경구, 조태제(각자 대표이사)",http://www.hdc-dvp.com,서울특별시,"hdc현대산업개발, HDC현대산업개발"
HDC현대EP,89470,089470.KS,KOSPI,기타 화학제품 제조업,"합성수지(PP컴파운딩가공,자동차범퍼,내장제) 제조,도소매",2006-09-25,12월,정 원 섭,http://www.hdc-hyundaiep.com,충청남도,"hdc현대ep, HDC현대EP"
HJ중공업,97230,097230.KS,KOSPI,토목 건설업,"선박건조,기계플랜트 제조/토목공사,건축공사,조경공사,전기공사,가스공사,준설공사,기계설비공사",2007-08-31,12월,"김완석, 유상철",http://www.hjsc.co.kr,부산광역시,"hj중공업, HJ중공업"
HK이노엔,195940,195940.KQ,KOSDAQ GLOBAL,의약품 제조업,"전문의약품, 숙취해소음료",2021-08-09,12월,곽달원,http://www.inno-n.com,충청북도,"hk이노엔, HK이노엔"
HL D&I,14790,014790.KS,KOSPI,토목 건설업,"토목,건축,전기,환경사업,준설공사,포장공사,주택,중기임대",1994-08-12,12월,홍석화,http://www.halla.co.kr,서울특별시,"hl d&i, HL D&I"
HL만도,204320,204320.KS,KOSPI,자동차 신품 부품 제조업,"제동장치, 조향장치, 현가장치",2014-10-06,12월,"조성현, 김현욱 (각자대표)",http://www.mando.com,경기도,"hl만도, HL만도"
HL홀딩스,60980,060980.KS,KOSPI,기타 금융업,지주회사 및 경영컨설팅 서비스업,2010-05-19,12월,"김광헌, 김준범",http://hlholdings.co.kr,경기도,"hl홀딩스, HL홀딩스"
HLB,28300,028300.KQ,KOSDAQ,의료용품 및 기타 의약 관련제품 제조업,"의료기기, 의약외품 등",1996-07-27,12월,"진양곤, 백윤기 (각자대표)",http://hlbbio.co.kr,세종특별자치시,"hlb, HLB"
HLB글로벌,3580,003580.KS,KOSPI,종합 소매업,"모래 및 자갈 채취업,콤부차,그린월,화장품,신약개발 등",1990-03-23,12월,김광재,http://www.hlbglobal.co.kr,강원특별자치도,"hlb글로벌, HLB글로벌"
HLB바이오스텝,278650,278650.KQ,KOSDAQ,자연과학 및 공학 연구개발업,비임상실험 유효성(약리)평가,2019-11-27,12월,백성진,http://www.knotus.co.kr,인천광역시,"hlb바이오스텝, HLB바이오스텝"
HLB사이언스,343090,343090.KQ,KONEX,의료용품 및 기타 의약 관련제품 제조업,"패혈증 치료제, 면역항암제 전달기술 등",2020-04-24,12월,윤종선,http://www.hlbscience.com,서울특별시,"hlb사이언스, HLB사이언스"
HLB생명과학,67630,067630.KQ,KOSDAQ,의료용품 및 기타 의약 관련제품 제조업,"ESCO 사업, 신재생에너지 사업",2008-11-25,12월,"남상우, 한용해(각자대표)",http://www.hlb-ls.com,경기도,"hlb생명과학, HLB생명과학"
HLB이노베이션,24850,024850.KQ,KOSDAQ,전자부품 제조업,리드프레임,2001-01-18,12월,"김홍철, BRYANBYONGJIN.KIM(각자 대표)",http://hlbinno.com,경기도,"hlb이노베이션, HLB이노베이션"
HLB제넥스,187420,187420.KQ,KOSDAQ,기초 의약물질 제조업,산업용 효소,2015-05-29,12월,"김의중, 김도연 (각자 대표이사)",http://www.genofocus.com,대전광역시,"hlb제넥스, HLB제넥스"
HLB제약,47920,047920.KQ,KOSDAQ,자연과학 및 공학 연구개발업,"씨트리시메티딘정, 로자틴정",2015-12-21,12월,박재형,http://www.hlbpharma.co.kr,경기도,"hlb제약, HLB제약"
HLB테라퓨틱스,115450,115450.KQ,KOSDAQ,기타 전문 도매업,"임베디드 GUI 미들웨어 FXUI-2D, FXUI-3D",2010-03-26,12월,안기홍,http://hlbtherapeutics.com,경기도,"hlb테라퓨틱스, HLB테라퓨틱스"
HLB파나진,46210,046210.KQ,KOSDAQ,의료용품 및 기타 의약 관련제품 제조업,의료용품및 기타 의약관련 제품 제조업,2000-08-16,12월,장인근,http://www.hlbpanagene.com,대전광역시,"hlb파나진, HLB파나진"
HMM,11200,011200.KS,KOSPI,해상 운송업,"정기,부정기,전용선,콘테이너선,자동차선,LNG선 해운",1995-10-05,12월,최원혁,http://www.hmm21.com,서울특별시,"hmm, HMM"
HPSP,403870,403870.KQ,KOSDAQ GLOBAL,특수 목적용 기계 제조업,고압 수소 어닐링 장비,2022-07-15,12월,김용운,http://www.thehpsp.com,경기도,"hpsp, HPSP"
HRS,36640,036640.KQ,KOSDAQ,합성고무 및 플라스틱 물질 제조업,실리콘 컴파운드제품 제조,2000-05-30,12월,김진성,http://www.hrssilicone.com,경기도,"hrs, HRS"
HS애드,35000,035000.KS,KOSPI,광고업,광고,1999-08-11,12월,박애리,http://www.hsad.co.kr/kor/main,서울특별시,"hs애드, HS애드"
HS화성,2460,002460.KS,KOSPI,건물 건설업,아파트 건설,1988-09-29,12월,"이종원,임기영",http://www.hwasung.com,대구광역시,"hs화성, HS화성"
HS효성,487570,487570.KS,KOSPI,기타 금융업,지주사업,2024-07-29,12월,"조현상, 안성훈",http://www.hshyosung.com,서울특별시,"hs효성, HS효성"
HS효성첨단소재,298050,298050.KS,KOSPI,화학섬유 제조업,PET타이어코드,2018-07-13,12월,"임진달, 성낙양(각자 대표이사)",http://www.hyosungadvancedmaterials.com,서울특별시,"hs효성첨단소재, HS효성첨단소재"
IBKS제20호스팩,439730,439730.KQ,KOSDAQ,금융 지원 서비스업,기업인수 및 합병,2022-10-28,12월,최규원,http://ibks.com,서울특별시,"ibks제20호스팩, IBKS제20호스팩"
IBKS제21호스팩,442770,442770.KQ,KOSDAQ,금융 지원 서비스업,기업인수 및 합병,2022-12-16,12월,김태우,http://ibks.com,서울특별시,"ibks제21호스팩, IBKS제21호스팩"
IBKS제22호스팩,448760,448760.KQ,KOSDAQ,금융 지원 서비스업,기업인수 및 합병,2023-04-06,12월,윤별수,,서울특별시,"ibks제22호스팩, IBKS제22호스팩"
IBKS제23호스팩,467930,467930.KQ,KOSDAQ,금융 지원 서비스업,기업인수 및 합병,2023-12-22,12월,최상규,http://www.ibks.com,서울특별시,"ibks제23호스팩, IBKS제23호스팩"
IBKS제24호스팩,469480,469480.KQ,KOSDAQ,금융 지원 서비스업,금융 지원 서비스업,2024-02-01,12월,김강민,http://www.ibks.com,서울특별시,"ibks제24호스팩, IBKS제24호스팩"
iMBC,52220,052220.KQ,KOSDAQ,영상·오디오물 제공 서비스업,"디지털콘텐츠,웹에이젼시",2005-01-21,12월,이선태,http://corp.imbc.com,서울특별시,"imbc, IMBC"
INVENI,15360,015360.KS,KOSPI,회사 본부 및 경영 컨설팅 서비스업,지주사업,1996-12-24,12월,"구본혁, 이창우",http://www.inveni.com,서울특별시,"inveni, INVENI"
ISC,95340,095340.KQ,KOSDAQ,기계장비 및 관련 물품 도매업,반도체테스트소켓,2007-10-01,12월,"김정렬, 유지한(공동 대표이사)",http://isc21.kr,경기도,"isc, ISC"
JB금융지주,175330,175330.KS,KOSPI,기타 금융업,금융지주 회사,2013-07-18,12월,김기홍,http://www.jbfg.com,전북특별자치도,"jb금융지주, JB금융지주"
JTC,950170,950170.KQ,KOSDAQ,종합 소매업,"식품류, 생활용품류, 화장품류 (사후면세업)",2018-04-06,02월,"구철모, 야마모토 후미야",http://www.groupjtc.com/korean,일본,"jtc, JTC"
JW생명과학,234080,234080.KS,KOSPI,의약품 제조업,"기초수액, TPN, 특수수액, HEMO, 영양수액 등",2016-10-27,12월,노정열,http://www.jw-lifescience.co.kr,충청남도,"jw생명과학, JW생명과학"
JW신약,67290,067290.KQ,KOSDAQ,의약품 제조업,"매니큐어세트, 손톱깎이",2003-02-11,12월,김용관,http://www.jw-shinyak.co.kr,경기도,"jw신약, JW신약"
JW중외제약,1060,001060.KS,KOSPI,의약품 제조업,"수액제,이상지질혈증치료제,혈우병치료제,소화기궤양치료제,항생제,도매",1976-06-14,12월,대표이사 신영섭,http://www.jw-pharma.co.kr,경기도,"jw중외제약, JW중외제약"
JW홀딩스,96760,096760.KS,KOSPI,기타 금융업,의약품 수출입업,2007-07-31,12월,"이경하, 차성남",http://jw-holdings.co.kr,경기도,"jw홀딩스, JW홀딩스"
JYP Ent.,35900,035900.KQ,KOSDAQ GLOBAL,오디오물 출판 및 원판 녹음업,오디오물 출판 및 원판 녹음 관련 제품,2001-08-30,12월,정욱,http://www.jype.com,서울특별시,"jyp ent., JYP ENT."
KB금융,105560,105560.KS,KOSPI,기타 금융업,-,2008-10-10,12월,양종희,http://www.kbfg.com,서울특별시,"kb금융, KB금융"
KB발해인프라,415640,415640.KS,KOSPI,신탁업 및 집합투자업,,2024-11-29,12월,법인이사 케이비자산운용(주),,서울특별시,"kb발해인프라, KB발해인프라"
KB스타리츠,432320,432320.KS,KOSPI,부동산 임대 및 공급업,"벨기에 North Galaxy Towers, 영국 Samsung Europe HQ",2022-10-06,01월,신명재,http://www.kbstarreit.com,서울특별시,"kb스타리츠, KB스타리츠"
KB오토시스,24120,024120.KQ,KOSDAQ,자동차 신품 부품 제조업,브레이크패드,1994-12-07,12월,김신완,http://www.kbautosys.com,충청남도,"kb오토시스, KB오토시스"
KB제25호스팩,455250,455250.KQ,KOSDAQ,금융 지원 서비스업,기업인수합병,2023-06-23,12월,전현식,,서울특별시,"kb제25호스팩, KB제25호스팩"
KB제27호스팩,464680,464680.KQ,KOSDAQ,금융 지원 서비스업,기업인수합병,2023-11-03,12월,이태영,,서울특별시,"kb제27호스팩, KB제27호스팩"
KB제28호스팩,476470,476470.KQ,KOSDAQ,금융 지원 서비스업,기업인수합병,2024-05-17,12월,고광범,,서울특별시,"kb제28호스팩, KB제28호스팩"
KB제29호스팩,478390,478390.KQ,KOSDAQ,금융 지원 서비스업,기업인수합병,2024-06-21,12월,서영화,,서울특별시,"kb제29호스팩, KB제29호스팩"
KB제30호스팩,486630,486630.KQ,KOSDAQ,금융 지원 서비스업,기업인수합병,2024-09-25,12월,박홍진,,서울특별시,"kb제30호스팩, KB제30호스팩"
KB제31호스팩,492220,492220.KQ,KOSDAQ,금융 지원 서비스업,기업인수합병,2024-12-12,12월,김형철,,서울특별시,"kb제31호스팩, KB제31호스팩"
KBG,318000,318000.KQ,KOSDAQ,합성고무 및 플라스틱 물질 제조업,"실리콘 소재(실란 모노머, 실리콘 레진&폴리머, 실리콘 융합소재)",2019-08-01,12월,부삼열,http://www.kbgtech.co.kr,충청남도,"kbg, KBG"
KBI메탈,24840,024840.KQ,KOSDAQ,1차 비철금속 제조업,"동ROD, 모터코어",1994-12-29,12월,"김병제,김재충 각자대표이사",http://www.kbimetal.co.kr,대구광역시,"kbi메탈, KBI메탈"
KC그린홀딩스,9440,009440.KS,KOSPI,기타 금융업,기타금융업,1994-11-05,12월,이태영,http://www.kcgreenholdings.com,서울특별시,"kc그린홀딩스, KC그린홀딩스"
KC산업,112190,112190.KQ,KONEX,"시멘트, 석회, 플라스터 및 그 제품 제조업",철강보강콘크리트제품,2016-05-31,12월,"이홍재, 최경침(각자대표)",http://www.kccond.co.kr,경기도,"kc산업, KC산업"
KC코트렐,119650,119650.KS,KOSPI,일반 목적용 기계 제조업,전기집진기 등,2010-01-29,12월,박기서,http://www.kc-cottrell.com,서울특별시,"kc코트렐, KC코트렐"
KCC건설,21320,021320.KQ,KOSDAQ,건물 건설업,"토목 건축공사, 분양공사",2001-08-21,12월,"정몽열,심광주",http://www.kccworld.net,서울특별시,"kcc건설, KCC건설"
KD,44180,044180.KQ,KOSDAQ,건물 건설업,건설사업(완성건물),2000-11-16,12월,안태일,http://kdcon.co.kr,경기도,"kd, KD"
KEC,92220,092220.KS,KOSPI,반도체 제조업,반도체 제조,2006-10-16,12월,배석홍,http://www.kec.co.kr,서울특별시,"kec, KEC"
KG모빌리언스,46440,046440.KQ,KOSDAQ,소프트웨어 개발 및 공급업,유무선전화결제서비스,2004-12-14,12월,유승용,http://www.mobilians.co.kr,서울특별시,"kg모빌리언스, KG모빌리언스"
KG모빌리티,3620,003620.KS,KOSPI,자동차용 엔진 및 자동차 제조업,"자동차,자동차부품,차륜,정비 제조/도소매",1975-05-29,12월,"곽재선, 황기영, 박장호(각자대표이사)",http://www.kg-mobility.com,경기도,"kg모빌리티, KG모빌리티"
KG스틸,16380,016380.KS,KOSPI,1차 철강 제조업,"철강재(냉연강판,아연도강판,칼라강판,석도강판,선재류,강관,형강,봉강),비철금속 제조,도매",1986-02-03,12월,박성희,http://kg-steel.co.kr,서울특별시,"kg스틸, KG스틸"
KG에코솔루션,151860,151860.KQ,KOSDAQ,기타 화학제품 제조업,"집단에너지(스팀), 산화동, 폐기물 소각",2013-07-24,12월,엄기민,http://www.kgets.co.kr,경기도,"kg에코솔루션, KG에코솔루션"
KG이니시스,35600,035600.KQ,KOSDAQ,소프트웨어 개발 및 공급업,전자지불서비스,2002-11-22,12월,이선재,http://www.inicis.com,서울특별시,"kg이니시스, KG이니시스"
KG케미칼,1390,001390.KS,KOSPI,기초 화학물질 제조업,"콘크리트혼화제, 비료, 친환경농자재, 수처리제",1989-08-25,12월,"곽정현, 김재익",http://www.kgchem.co.kr,울산광역시,"kg케미칼, KG케미칼"
KH 건설,226360,226360.KQ,KOSDAQ,토목 건설업,기업인수합병,2015-10-22,12월,권혁범(권한대행),http://www.khconst.co.kr,서울특별시,"kh 건설, KH 건설"
KH 미래물산,111870,111870.KQ,KOSDAQ,영상 및 음향기기 제조업,"이어폰,헤드폰,키패드",2010-11-05,12월,박정훈,http://www.esambon.com,경기도,"kh 미래물산, KH 미래물산"
KH 필룩스,33180,033180.KS,KOSPI,전자부품 제조업,"전자부품(페라이트코아,트랜스포머,데코램프) 제조/온라인정보 제공/부동산 임대",2001-12-26,12월,배보성,http://www.feelux.com,경기도,"kh 필룩스, KH 필룩스"
KH바텍,60720,060720.KQ,KOSDAQ,전자부품 제조업,"휴대폰부품(SHIELD, BRACKET)",2002-05-21,12월,남광희,http://www.khvatec.com,경상북도,"kh바텍, KH바텍"
KIB플러그에너지,15590,015590.KS,KOSPI,일반 목적용 기계 제조업,"열교환기,압력용기,저장탱크,산업용보일러 제조",1989-05-27,12월,"김선기, 백승륜",http://www.kibplugenergy.com,울산광역시,"kib플러그에너지, KIB플러그에너지"
KISCO홀딩스,1940,001940.KS,KOSPI,1차 철강 제조업,지주사업,1989-11-13,12월,"장세홍, 이병제 (각자대표)",http://www.kiscoholdings.co.kr,경상남도,"kisco홀딩스, KISCO홀딩스"
KNN,58400,058400.KQ,KOSDAQ,텔레비전 방송업,방송프로그램 제작 및 송출,2010-11-03,12월,이오상,http://www.knn.co.kr,부산광역시,"knn, KNN"
KPX케미칼,25000,025000.KS,KOSPI,기초 화학물질 제조업,"PPG,PU RESIN,우레탄수지,대향막박리재,반도체 CM PAD,Polyether Polyol,산업용기초화학제품,화공약품 제조,판매",1994-12-27,12월,"양준영, 박승구, 이찬수(각자대표이사)",http://www.kpxchemical.com,서울특별시,"kpx케미칼, KPX케미칼"
KPX홀딩스,92230,092230.KS,KOSPI,기초 화학물질 제조업,지주회사,2006-10-12,12월,양준영,http://www.kpxholdings.com,서울특별시,"kpx홀딩스, KPX홀딩스"
KR모터스,40,000040.KS,KOSPI,그외 기타 운송장비 제조업,"이륜차(오토바이) 제조,도매",1976-05-25,12월,노성석,http://www.krmotors.com,경상남도,"kr모터스, KR모터스"
KS인더스트리,101000,101000.KQ,KOSDAQ,특수 목적용 기계 제조업,"선박용 크레인,선박구성부품,선박의장품,철구조물 제조/철판 도매/부동산 임대",2009-11-06,12월,"구창현, 민봉기 (각자 대표이사)",http://ks-industry.co.kr,경상남도,"ks인더스트리, KS인더스트리"
KSS해운,44450,044450.KS,KOSPI,해상 운송업,"특수화물해상운송(액화가스,LPG,암모니아,VCM,석유화학제품 등), 선박대여",2007-10-26,12월,박찬도,http://www.kssline.com,서울특별시,"kss해운, KSS해운"
KT&G,33780,033780.KS,KOSPI,담배 제조업,"담배, 인삼, 건강식품 등",1999-10-08,12월,방경만,http://www.ktng.com,대전광역시,"kt&g, KT&G"
KTcs,58850,058850.KS,KOSPI,기타 정보 서비스업,전화번호검색 데이타제공/콜센터 운영,2010-09-16,12월,지정용,http://www.ktcs.co.kr,대전광역시,"ktcs, KTCS"
KTis,58860,058860.KS,KOSPI,기타 정보 서비스업,"114전화번호안내, 고객센터",2010-12-17,12월,이선주,http://www.ktis.co.kr,서울특별시,"ktis, KTIS"
KX,122450,122450.KQ,KOSDAQ,텔레비전 방송업,방송채널사업 및 방송송출서비스,2011-05-25,12월,이강봉,http://www.kxgroup.co.kr,서울특별시,"kx, KX"
KX하이텍,52900,052900.KQ,KOSDAQ,플라스틱제품 제조업,TRAY(반도체Packing재료),2005-01-18,12월,강천석,http://www.kxhitech.com,충청남도,"kx하이텍, KX하이텍"
KZ정밀,36560,036560.KQ,KOSDAQ,일반 목적용 기계 제조업,"펌프, 밸브, 주물",1999-12-28,12월,"최창규, 이한성(각자대표)",http://www.kzpc.co.kr,서울특별시,"kz정밀, KZ정밀"
LB세미콘,61970,061970.KQ,KOSDAQ,반도체 제조업,"골드범핑, 솔더범핑 등",2011-01-31,12월,김남석,http://www.lbsemicon.com,경기도,"lb세미콘, LB세미콘"
LB인베스트먼트,309960,309960.KQ,KOSDAQ,기타 금융업,중소기업 창업투자,2023-03-29,12월,박기호,http://lbinvestment.com,서울특별시,"lb인베스트먼트, LB인베스트먼트"
LF,93050,093050.KS,KOSPI,봉제의복 제조업,"기성복, 의류, 잡화, 제조",2006-12-01,12월,"오규식, 김상균 (각자 대표이사)",http://www.lfcorp.com,서울특별시,"lf, LF"
LG,3550,003550.KS,KOSPI,기타 금융업,지주회사,1970-02-13,12월,"구광모, 권봉석",http://www.lg.co.kr,서울특별시,"lg, LG"
LG디스플레이,34220,034220.KS,KOSPI,전자부품 제조업,액정표시장치(TFT-LCD) 제조,2004-07-23,12월,정철동,http://www.lgdisplay.com,서울특별시,"lg디스플레이, LG Display"
LG생활건강,51900,051900.KS,KOSPI,기타 화학제품 제조업,"화장품,생활용품 제조,도매",2001-04-25,12월,이정애,http://www.lghnh.com,서울특별시,"lg생활건강, LG생활건강"
LG씨엔에스,64400,064400.KS,KOSPI,"컴퓨터 프로그래밍, 시스템 통합 및 관리업","컨설팅, 시스템 구축/운영, 토탈 아웃소싱 및 AI, 클라우드·스마트팩토리 등 IT신기술 기반의 DX사업",2025-02-05,12월,현신균,http://www.lgcns.com,서울특별시,"lg씨엔에스, LG씨엔에스"
LG에너지솔루션,373220,373220.KS,KOSPI,일차전지 및 이차전지 제조업,"2차전지 (소형,ESS,자동차전지)",2022-01-27,12월,김동명,http://www.lgensol.com,서울특별시,"lg에너지솔루션, LG에너지솔루션"
LG유플러스,32640,032640.KS,KOSPI,전기 통신업,"개인휴대통신서비스,음성서비스,데이터서비스,부가통신/단말기 도소매/프로그램 개발,자료제공",2008-04-21,12월,홍범식,http://www.uplus.co.kr,서울특별시,"lg유플러스, LG유플러스"
LG이노텍,11070,011070.KS,KOSPI,전자부품 제조업,기타 전자부품 제조업,2008-07-24,12월,문혁수,http://www.lginnotek.co.kr,서울특별시,"lg이노텍, LG이노텍"
LG전자,66570,066570.KS,KOSPI,통신 및 방송 장비 제조업,"이동통신단말기,C-TV,V.C.R.,컴퓨터,완전평면 TV,플라즈마 디스플레이 패널 TV,전자제품(세탁기외),CDMA(코드분할다중접속)이동통신,전자교환기,전송기기",2002-04-22,12월,조주완,http://www.lge.co.kr,서울특별시,"엘지전자, lg전자, LG Elec."
LG헬로비전,37560,037560.KS,KOSPI,텔레비전 방송업,"케이블TV, 인터넷서비스 등",2012-11-09,12월,송구영,http://www.lghellovision.net,서울특별시,"lg헬로비전, LG헬로비전"
LG화학,51910,051910.KS,KOSPI,기초 화학물질 제조업,"유화/기능/합성수지,재생섬유소,산업재,리튬이온전지,평광판,PVC 제조,도매",2001-04-25,12월,신학철,http://www.lgchem.com,서울특별시,"lg화학, LG화학"
LIG넥스원,79550,079550.KS,KOSPI,무기 및 총포탄 제조업,정밀유도무기 등,2015-10-02,12월,신익현,http://www.lignex1.com,경기도,"lig넥스원, LIG넥스원"
LK삼양,225190,225190.KQ,KOSDAQ,사진장비 및 광학기기 제조업,디지털 카메라용 교환렌즈,2017-06-02,12월,"구본욱, 신승열 (각자 대표이사)",http://www.syopt.co.kr,경상남도,"lk삼양, LK삼양"
LS,6260,006260.KS,KOSPI,기타 금융업,"전력용전선,일반전선,통신케이블,동선,알루미늄선,공조기,프라스틱사출성형기 제조,도매",1977-06-30,12월,명노현,http://www.lsholdings.co.kr,서울특별시,"ls, LS"
LS네트웍스,680,000680.KS,KOSPI,상품 종합 도매업,"혁화,의류,등산용품 도매,제조/부동산 임대",1973-11-15,12월,문성준,http://www.lsnetworks.co.kr,경상남도,"ls네트웍스, LS네트웍스"
LS마린솔루션,60370,060370.KQ,KOSDAQ,전기 및 통신 공사업,해저케이블등의 건설 및 유지보수 업무,2002-02-15,12월,"구본규, 김병옥(각자대표)",http://lsmarinesolution.co.kr,부산광역시,"ls마린솔루션, LS마린솔루션"
LS머트리얼즈,417200,417200.KQ,KOSDAQ,전자부품 제조업,울트라커패시터(셀 및 모듈),2023-12-12,12월,홍영호,http://www.lsmaterials.co.kr,경기도,"ls머트리얼즈, LS머트리얼즈"
LS에코에너지,229640,229640.KS,KOSPI,기타 금융업,,2016-09-22,12월,이상호,http://www.lsecoenergy.com,강원특별자치도,"ls에코에너지, LS에코에너지"
LS증권,78020,078020.KQ,KOSDAQ,금융 지원 서비스업,유가증권위탁매매,2007-02-21,12월,김원규,http://www.ls-sec.co.kr,서울특별시,"ls증권, LS증권"
LS티라유텍,322180,322180.KQ,KOSDAQ,소프트웨어 개발 및 공급업,스마트팩토리 솔루션,2019-10-31,12월,김정하,http://thirautech.com,서울특별시,"ls티라유텍, LS티라유텍"
LX세미콘,108320,108320.KS,KOSPI,반도체 제조업,Display Driver IC,2022-11-03,12월,이윤태,http://www.lxsemicon.com,대전광역시,"lx세미콘, LX세미콘"
LX인터내셔널,1120,001120.KS,KOSPI,상품 중개업,"전자,기계,화공,유류.금속,의류 수출입,도소매",1976-01-30,12월,윤춘성,http://www.lxinternational.co.kr,서울특별시,"lx인터내셔널, LX인터내셔널"
LX하우시스,108670,108670.KS,KOSPI,플라스틱제품 제조업,"창호재, 자동차부품 등",2009-04-20,12월,"노진서, 한주우",http://www.lxhausys.com,서울특별시,"lx하우시스, LX하우시스"
LX홀딩스,383800,383800.KS,KOSPI,기타 금융업,지주회사,2021-05-27,12월,"구본준, 노진서",http://www.lxholdings.co.kr,서울특별시,"lx홀딩스, LX홀딩스"
M83,476080,476080.KQ,KOSDAQ,"영화, 비디오물, 방송프로그램 제작 및 배급업",VFX,2024-08-22,12월,정성진,http://m83.co.kr,서울특별시,"m83, M83"
MDS테크,86960,086960.KQ,KOSDAQ,소프트웨어 개발 및 공급업,"임베디드개발솔루션,임베디드소프트웨어",2006-09-26,12월,"이창열, 이정승",http://www.mdstech.co.kr,경기도,"mds테크, MDS테크"
MH에탄올,23150,023150.KS,KOSPI,알코올음료 제조업,"주정,탄산가스 제조",1996-12-24,12월,"최동호, 김일환",http://www.mhethanol.com,경상남도,"mh에탄올, MH에탄올"
NAVER,35420,035420.KS,KOSPI,"자료처리, 호스팅, 포털 및 기타 인터넷 정보매개 서비스업",포털 서비스 및 온라인 광고,2008-11-28,12월,최수연,http://www.navercorp.com,경기도,"네이버,naver "
NE능률,53290,053290.KQ,KOSDAQ,"서적, 잡지 및 기타 인쇄물 출판업",영어학습교재,2002-12-10,12월,주민홍,http://www.neungyule.com,서울특별시,"ne능률, NE능률"
NEW,160550,160550.KQ,KOSDAQ,"영화, 비디오물, 방송프로그램 제작 및 배급업",영화 투자 및 배급,2014-12-23,12월,김우택,http://www.its-new.co.kr,서울특별시,"new, NEW"
NH올원리츠,400760,400760.KS,KOSPI,부동산 임대 및 공급업,부동산투자,2021-11-18,12월,소선호,http://nhallonereit.com,서울특별시,"nh올원리츠, NH올원리츠"
NH투자증권,5940,005940.KS,KOSPI,금융 지원 서비스업,"증권업,종합금융",1975-09-30,12월,윤병운,http://www.nhqv.com,서울특별시,"nh투자증권, NH투자증권"
NH프라임리츠,338100,338100.KS,KOSPI,부동산 임대 및 공급업,부동산 투자,2019-12-05,11월,소선호,http://www.nhreits.com,서울특별시,"nh프라임리츠, NH프라임리츠"
NHN KCP,60250,060250.KQ,KOSDAQ GLOBAL,금융 지원 서비스업,전자결제서비스업,2002-01-08,12월,박준석,http://www.kcp.co.kr,서울특별시,"nhn kcp, NHN KCP"
NHN벅스,104200,104200.KQ,KOSDAQ,소프트웨어 개발 및 공급업,"디지털음원유통, 온라인음악서비스",2009-10-06,12월,왕문주,http://www.bugs.co.kr,서울특별시,"nhn벅스, NHN벅스"
NI스틸,8260,008260.KS,KOSPI,1차 철강 제조업,"스틸파이프,철강재임가공 제조,도매",1975-06-28,12월,이창환,http://www.hcr4u.com,서울특별시,"ni스틸, NI스틸"
NICE,34310,034310.KS,KOSPI,회사 본부 및 경영 컨설팅 서비스업,"기업신용분석,유가증권등급평정,기업정보,긍융정보,경제정보,소비자신용정보 제공,시장조사,사회여론조사,점외 CD/ATM사업",2004-02-04,12월,조대민,http://www.nice.co.kr,서울특별시,"nice, NICE"
NICE평가정보,30190,030190.KS,KOSPI,기타 정보 서비스업,"개인 및 기업정보, 솔루션",2023-08-08,12월,김종윤,https://www.niceinfo.co.kr,서울특별시,"nice평가정보, NICE평가정보"
NPX,222160,222160.KQ,KOSDAQ,특수 목적용 기계 제조업,인쇄회로기판(PCB) 전기검사기,2021-11-18,12월,사무엘황,http://www.bioptro.co.kr,경기도,"npx, NPX"
OCI,456040,456040.KS,KOSPI,기초 화학물질 제조업,"폴리실리콘,타르제품,카본블랙,무수프탈산,농약원제,석탄화학제품,정밀화학제품,플라스틱창호재 제조,판매",2023-05-30,12월,"김유신, 김원현(2인, 각자 대표이사)",http://www.oci.co.kr,서울특별시,"oci, OCI"
OCI홀딩스,10060,010060.KS,KOSPI,기타 금융업,"타르제품,카본블랙,무수프탈산,농약원제,석탄화학제품,정밀화학제품,플라스틱창호재 제조,판매",1985-07-09,12월,"이우현, 김택중, 이수미(3인, 각자 대표이사)",http://www.oci-holdings.co.kr,서울특별시,"oci홀딩스, OCI홀딩스"
PI첨단소재,178920,178920.KS,KOSPI,플라스틱제품 제조업,PI(Polyimide)제품,2021-08-09,12월,송금수,http://www.pimaterials.com,충청북도,"pi첨단소재, PI첨단소재"
PN풍년,24940,024940.KQ,KOSDAQ,생활용품 도매업,압력솥,1995-01-04,12월,유재원,http://www.pn.co.kr,경기도,"pn풍년, PN풍년"
POSCO홀딩스,5490,005490.KS,KOSPI,1차 철강 제조업,"열연코일,냉연강판,후판,선재,스테인리스 제조",1988-06-10,12월,"대표이사 회장 장인화, 대표이사 사장 이주태",http://www.posco-inc.com,경상북도,"posco홀딩스, POSCO홀딩스"
RF머트리얼즈,327260,327260.KQ,KOSDAQ,전자부품 제조업,"광통신, RF통신용 패키지",2019-12-24,12월,"남동우, 한기우 (각자 대표이사)",http://www.rf-materials.com,경기도,"rf머트리얼즈, RF머트리얼즈"
RF시스템즈,474610,474610.KQ,KOSDAQ,기타 금속 가공제품 제조업,"방산제품(레이더시스템, 안테나시스템, 환경제어시스템 등)",2024-11-19,12월,한기우,http://www.rf-systems.co.kr,경기도,"rf시스템즈, RF시스템즈"
RFHIC,218410,218410.KQ,KOSDAQ,통신 및 방송 장비 제조업,GaN 트랜지스터,2015-06-30,12월,조덕수,http://www.rfhic.com,경기도,"rfhic, RFHIC"
S-Oil,10950,010950.KS,KOSPI,석유 정제품 제조업,"석유제품,가스,윤활기유,윤활유,그리스,석유화학제품 제조,도매",1987-05-27,12월,Anwar A. Al-Hejazi (안와르 에이 알-히즈아지),http://www.s-oil.com,서울특별시,"s-oil, S-OIL"
S&K폴리텍,91340,091340.KQ,KOSDAQ,전자부품 제조업,고밀도폴리우레탄폼시트,2007-07-30,12월,이민형,http://www.snkpolytec.com,경기도,"s&k폴리텍, S&K폴리텍"
SAMG엔터,419530,419530.KQ,KOSDAQ,"영화, 비디오물, 방송프로그램 제작 및 배급업",애니메이션 IP 기획 및 관련 제품 제작,2022-12-06,12월,김수훈,http://www.samg.net,서울특별시,"samg엔터, SAMG엔터"
SBI인베스트먼트,19550,019550.KQ,KOSDAQ,신탁업 및 집합투자업,벤처캐피탈,1989-09-06,12월,대표이사 안재광,http://www.sbik.co.kr,서울특별시,"sbi인베스트먼트, SBI인베스트먼트"
SBI핀테크솔루션즈,950110,950110.KQ,KOSDAQ,소프트웨어 개발 및 공급업,전자결제대행 및 핀테크 비스,2012-12-17,03월,카네코 유이치,https://www.sbi-finsol.co.jp/kr,일본,"sbi핀테크솔루션즈, SBI핀테크솔루션즈"
SBS,34120,034120.KS,KOSPI,텔레비전 방송업,"TV,라디오방송,광고",2003-06-25,12월,방문신,http://www.sbs.co.kr,서울특별시,"sbs, SBS"
SCI평가정보,36120,036120.KQ,KOSDAQ,기타 정보 서비스업,"신용조회,채권추심,신용조사",1999-12-07,12월,고인묵,http://www.sci.co.kr,서울특별시,"sci평가정보, SCI평가정보"
SCL사이언스,246960,246960.KQ,KOSDAQ,의료용품 및 기타 의약 관련제품 제조업,"의료용지혈제, 밀폐제 및 접착제",2019-02-01,12월,"이경률, 백세연 (각자대표)",http://www.innotherapy.com,서울특별시,"scl사이언스, SCL사이언스"
SDN,99220,099220.KQ,KOSDAQ,기계장비 및 관련 물품 도매업,"태양광기자재 및 선박용엔진 도매, 태양광발전시스템 구축 및 설계",2009-05-19,12월,"백형근,정성원",http://www.sdn-i.com,경기도,"sdn, SDN"
SFA반도체,36540,036540.KQ,KOSDAQ,반도체 제조업,"반도체패키지(SOP,DIP,QFP)",2001-05-02,12월,김영민,http://www.sfasemicon.com,충청남도,"sfa반도체, SFA반도체"
SG,255220,255220.KQ,KOSDAQ,기타 비금속 광물제품 제조업,"아스콘, 레미콘",2018-01-26,12월,박창호,http://sgholdings.co.kr,인천광역시,"sg, SG"
SG&G,40610,040610.KQ,KOSDAQ,기타 운송관련 서비스업,생활정보신문,2000-04-27,12월,이 의 범,http://www.sgng.com,경기도,"sg&g, SG&G"
SG글로벌,1380,001380.KS,KOSPI,자동차 신품 부품 제조업,자동차시트 및 자동차시트커버(Seat Trim Cover),1976-06-29,12월,이의범,http://www.sgglobal.co.kr,충청남도,"sg글로벌, SG글로벌"
SG세계물산,4060,004060.KS,KOSPI,상품 종합 도매업,"피복류,봉제품,P.E제품 수출입,도매,제조/조경사업",1976-04-19,12월,이의범,http://www.sgsegye.com,서울특별시,"sg세계물산, SG세계물산"
SGA,49470,049470.KQ,KOSDAQ,소프트웨어 개발 및 공급업,"산업용컴퓨터 제조, 판매",2001-10-11,12월,"박재한, 은유진 (각자 대표이사)",http://www.sgacorp.kr,경기도,"sga, SGA"
SGA솔루션즈,184230,184230.KQ,KOSDAQ,소프트웨어 개발 및 공급업,보안솔루션,2013-12-20,12월,최영철,http://sgasol.kr,경기도,"sga솔루션즈, SGA솔루션즈"
SGC E&C,16250,016250.KQ,KOSDAQ,건물 건설업,"건축공사, 플랜트설비, 토목공사",1999-12-28,12월,"이우성, 이창모 (각자대표이사)",http://www.sgcetec.co.kr,서울특별시,"sgc e&c, SGC E&C"
SGC에너지,5090,005090.KS,KOSPI,전기업,"증기, 전기, REC(신재생에너지공급인증서)",1993-01-06,12월,"이우성, 박준영, 이복영",http://www.sgcenergy.co.kr,서울특별시,"sgc에너지, SGC에너지"
SH에너지화학,2360,002360.KS,KOSPI,기초 화학물질 제조업,"합성수지(PS/EPS,ABS수지) 제조",1985-12-23,12월,정케빈규봉,http://www.sh-enerchem.com,전북특별자치도,"sh에너지화학, SH에너지화학"
SHD,1770,001770.KS,KOSPI,1차 철강 제조업,"석도강판,표면처리강판 제조,임가공,판매",1988-11-23,12월,신종호,http://www.shinhwatp.co.kr,경기도,"shd, SHD"
SIMPAC,9160,009160.KS,KOSPI,1차 철강 제조업,"프레스, 합금철",1989-07-29,12월,최진식,http://www.simpac.co.kr,인천광역시,"simpac, SIMPAC"
SJG세종,33530,033530.KS,KOSPI,자동차 신품 부품 제조업,"자동차부품,자동차소음기(머플러),배기가스정화기,배기계통부품 제조",2002-09-25,12월,"최정연, 이동원 (각자 대표이사)",http://www.sjku.co.kr,울산광역시,"sjg세종, SJG세종"
SK,34730,034730.KS,KOSPI,기타 금융업,"지주회사, 시스템통합(SI), 정보통신사업 관련 컨설팅,조사용역,정보통신기술 연구개발/정보통신기기,소프트웨어 개발,도매",2009-11-11,12월,"최태원, 장용호",http://www.sk-inc.com,서울특별시,"sk, SK"
SK가스,18670,018670.KS,KOSPI,기타 전문 도매업,"액화석유가스,가스기기 판매,수입,저장",1997-08-27,12월,윤병석,http://www.skgas.co.kr,경기도,"sk가스, SK가스"
SK네트웍스,1740,001740.KS,KOSPI,기타 전문 도매업,"정보통신 유통, 자동차 관리, 글로벌 트레이딩, 호텔&리조트",1977-06-30,12월,이호정,http://www.sknetworks.co.kr,경기도,"sk네트웍스, SK네트웍스"
SK디스커버리,6120,006120.KS,KOSPI,기타 금융업,"화섬사(폴리에스테르원사(폴리에스터F,폴리에스터SF),폴리에스터직물,아세테이트),석유화학부문(TPA,DMT),섬유원료,직물,BOTTLE용CHIP,접착제,폴리우레탄 제조,",1976-06-29,12월,"최창원, 손현호",http://www.skdiscovery.com,경기도,"sk디스커버리, SK디스커버리"
SK디앤디,210980,210980.KS,KOSPI,부동산 임대 및 공급업,"비주거용 부동산개발 및 임대(오피스, 지식산업센터, 호텔 등)",2015-06-23,12월,김도현,http://www.skdnd.com,경기도,"sk디앤디, SK디앤디"
SK리츠,395400,395400.KS,KOSPI,부동산 임대 및 공급업,서울 중구 소재 SK서린빌딩 및 전국 116개 주유소 임대 운영,2021-09-14,03월,에스케이리츠운용 주식회사,http://skreit.co.kr,서울특별시,"sk리츠, SK리츠"
SK바이오사이언스,302440,302440.KS,KOSPI,기초 의약물질 제조업,백신 제품 및 제제,2021-03-18,12월,안재용,http://www.skbioscience.com,경기도,"sk바이오사이언스, SK바이오사이언스"
SK스퀘어,402340,402340.KS,KOSPI,기타 금융업,지주회사,2021-11-29,12월,한명진,http://www.sksquare.com,서울특별시,"sk스퀘어, SK스퀘어"
SK시그넷,260870,260870.KQ,KONEX,"전동기, 발전기 및 전기 변환 · 공급 · 제어 장치 제조업",전기차 충전기,2017-08-30,12월,김종우,http://www.sksignet.com,전라남도,"sk시그넷, SK시그넷"
SK아이이테크놀로지,361610,361610.KS,KOSPI,일차전지 및 이차전지 제조업,2차전지용 습식 분리막 및 폴더블 커버 윈도우,2021-05-11,12월,이상민,http://www.skietechnology.com,서울특별시,"sk아이이테크놀로지, SK아이이테크놀로지"
SK오션플랜트,100090,100090.KS,KOSPI,1차 철강 제조업,해상풍력 하부구조물,2023-04-19,12월,이승철,http://www.skoceanplant.com,경상남도,"sk오션플랜트, SK오션플랜트"
SK이노베이션,96770,096770.KS,KOSPI,석유 정제품 제조업,"석유정제,석유화학제품,윤활유제품,아스팔트제품,의약중간체 제조,판매,유전개발,대체에너지사업",2007-07-25,12월,박상규,http://www.SKinnovation.com,서울특별시,"sk이노베이션, SK이노베이션"
SK이터닉스,475150,475150.KS,KOSPI,건물 건설업,부동산 개발,2024-03-29,12월,김해중,http://www.sketernix.com,경기도,"sk이터닉스, SK이터닉스"
SK증권,1510,001510.KS,KOSPI,금융 지원 서비스업,"증권업,부동산 임대",1986-09-20,12월,"전우종, 정준호",http://www.sks.co.kr,서울특별시,"sk증권, SK증권"
SK증권제10호스팩,457940,457940.KQ,KOSDAQ,금융 지원 서비스업,기업인수합병,2023-08-11,12월,장희정,,서울특별시,"sk증권제10호스팩, SK증권제10호스팩"
SK증권제11호스팩,472230,472230.KQ,KOSDAQ,금융 지원 서비스업,기업인수목적 주식회사,2024-03-04,12월,최상우,,서울특별시,"sk증권제11호스팩, SK증권제11호스팩"
SK증권제12호스팩,473000,473000.KQ,KOSDAQ,금융 지원 서비스업,기업인수목적 주식회사,2024-05-07,12월,이재혁,,서울특별시,"sk증권제12호스팩, SK증권제12호스팩"
SK증권제13호스팩,473950,473950.KQ,KOSDAQ,금융 지원 서비스업,기업인수목적 주식회사,2024-07-25,12월,임율표,,서울특별시,"sk증권제13호스팩, SK증권제13호스팩"
SK증권제8호스팩,435870,435870.KQ,KOSDAQ,금융 지원 서비스업,기업인수목적회사,2022-10-06,12월,김석,,서울특별시,"sk증권제8호스팩, SK증권제8호스팩"
SK증권제9호스팩,455910,455910.KQ,KOSDAQ,금융 지원 서비스업,기업인수목적회사,2023-07-21,12월,한현석,,서울특별시,"sk증권제9호스팩, SK증권제9호스팩"
SK케미칼,285130,285130.KS,KOSPI,합성고무 및 플라스틱 물질 제조업,"PETG 수지, PET 수지, 바이오디젤, 백신",2018-01-05,12월,"김철, 안재현",http://www.skchemicals.com,경기도,"sk케미칼, SK케미칼"
SK텔레콤,17670,017670.KS,KOSPI,전기 통신업,"이동전화,무선호출서비스,부가통신",1989-11-07,12월,유영상,http://www.sktelecom.com,서울특별시,"sk텔레콤, SK텔레콤"
SK하이닉스,660,000660.KS,KOSPI,반도체 제조업,"반도체,컴퓨터,통신기기 제조,도매",1996-12-26,12월,곽노정,http://www.skhynix.com,경기도,"sk하이닉스, SK Hynix, Hynix"
SKAI,357880,357880.KQ,KOSDAQ,소프트웨어 개발 및 공급업,"그래프데이터베이스, 그래프분석서비스",2021-11-10,12월,신재혁,http://www.skaiworldwide.com,서울특별시,"skai, SKAI"
SKC,11790,011790.KS,KOSPI,기타 화학제품 제조업,"기초화학원료(PO, PG), 전지용 동박 등을 제조ㆍ판매하는 사업",1997-07-18,12월,박원철,http://www.skc.kr,경기도,"skc, SKC"
SM C&C,48550,048550.KQ,KOSDAQ,광고업,"영상콘텐츠 제작 및 매니지먼트, 광고, 여행",2001-01-18,12월,박태현,http://www.smcultureandcontents.com,서울특별시,"sm c&c, SM C&C"
SM Life Design,63440,063440.KQ,KOSDAQ,기록매체 복제업,"추첨식복권 제조, 일반출판 인쇄, CD ·DVD 복제",2002-05-30,12월,"남화민, 박준영",http://smlifedesign.com,경기도,"sm life design, SM LIFE DESIGN"
SNT다이내믹스,3570,003570.KS,KOSPI,자동차 신품 부품 제조업,"자동차부품(동력전달장치 등),공작기계(CNC선반 등),사출성형기 제조",1976-07-08,12월,박재석,http://www.hisntd.com,경상남도,"snt다이내믹스, SNT다이내믹스"
SNT모티브,64960,064960.KS,KOSPI,자동차 신품 부품 제조업,"자동차부품(서스펜션모듈,전장품,속옵서버,에어백,트로틀바디,너클),방산품(총포) 제조,도매",2002-03-11,12월,권형순,http://www.sntdaewoo.com,부산광역시,"snt모티브, SNT모티브"
SNT에너지,100840,100840.KS,KOSPI,일반 목적용 기계 제조업,"공냉식 열교환장치,폐열회수장치 제조",2008-02-22,12월,김형섭,http://www.hisnt.com,경상남도,"snt에너지, SNT에너지"
SNT홀딩스,36530,036530.KS,KOSPI,기타 금융업,"지배,경영지도,정리,육성",2002-10-22,12월,김도환,http://www.hisntholdings.com,서울특별시,"snt홀딩스, SNT홀딩스"
SOOP,67160,067160.KQ,KOSDAQ GLOBAL,소프트웨어 개발 및 공급업,1인미디어플랫폼,2003-12-19,12월,"Seo Soo Kiel, Choi Young Woo",http://corp.afreecatv.com,경기도,"soop, SOOP"
SPC삼립,5610,005610.KS,KOSPI,기타 식품 제조업,"빵,아이스크림,과자,케익,유산균음료,인스턴트식품,병조림,면류,식용유 제조,판매",1975-05-02,12월,"황종현, 김범수(각자 대표이사)",http://www.spcsamlip.co.kr,경기도,"spc삼립, SPC삼립"
STX,11810,011810.KS,KOSPI,상품 종합 도매업,"에너지 원료(석탄,석유),산업기자재(기계부품) 도매",1990-09-12,12월,박상준,http://www.stx.co.kr,경상남도,"stx, STX"
STX그린로지스,465770,465770.KS,KOSPI,해상 운송업,해상운송업 및 물류업,2023-09-15,12월,유재호,http://www.stxgreenlogis.co.kr,부산광역시,"stx그린로지스, STX그린로지스"
STX엔진,77970,077970.KS,KOSPI,일반 목적용 기계 제조업,"엔진,터빈,내연기관 제조,도매",2004-05-10,12월,이상수,http://www.stxengine.co.kr,경상남도,"stx엔진, STX엔진"
SUN&L,2820,002820.KS,KOSPI,나무제품 제조업,"합판,가정용가구(선우드),MDF,제재목,하드보드 제조/부동산 임대",1976-05-22,12월,이윤규,http://sunandl.com,인천광역시,"sun&l, SUN&L"
SV인베스트먼트,289080,289080.KQ,KOSDAQ,기타 금융업,중소/벤처기업 투자 및 육성,2018-07-06,03월,"박성호, 홍원호",http://www.svinvest.com,서울특별시,"sv인베스트먼트, SV인베스트먼트"
TCC스틸,2710,002710.KS,KOSPI,1차 철강 제조업,"석도강판,표면처리강판 제조,판매",1984-12-21,12월,"손봉락, 손기영, 김영학 (각자대표)",http://www.tccsteel.com,경상북도,"tcc스틸, TCC스틸"
THE E&M,89230,089230.KQ,KOSDAQ,기타 정보 서비스업,인터넷 개인방송 플랫폼,2006-10-10,12월,"신환률, 김대권(각자대표)",http://www.theenm.com,서울특별시,"the e&m, THE E&M"
TJ미디어,32540,032540.KQ,KOSDAQ,영상 및 음향기기 제조업,영상음향반주기,1997-04-16,12월,윤나라,http://www.tjmedia.co.kr,서울특별시,"tj미디어, TJ미디어"
TKG애강,22220,022220.KQ,KOSDAQ,플라스틱제품 제조업,"PB/CPVC 파이프, 연결구",2006-04-11,12월,서정환,http://www.jsak.co.kr,충청북도,"tkg애강, TKG애강"
TP,7980,007980.KS,KOSPI,봉제의복 제조업,"봉제의류(자켓,파카,코트),침구 제조,우모가공,생활용품 도소매,무역",1994-12-27,12월,임석원,http://www.panpacific.co.kr,서울특별시,"tp, TP"
TPC,48770,048770.KQ,KOSDAQ,일반 목적용 기계 제조업,"구동기기(실린더), 방향제어기(밸브)",2001-01-16,12월,"엄주섭, 엄재윤",http://www.TPCpage.com,인천광역시,"tpc, TPC"
TS인베스트먼트,246690,246690.KQ,KOSDAQ,신탁업 및 집합투자업,투자조합 결성 및 투자,2016-12-15,12월,"김웅, 변기수(각자 대표)",http://www.tsinvestment.co.kr,서울특별시,"ts인베스트먼트, TS인베스트먼트"
TS트릴리온,317240,317240.KQ,KOSDAQ,기타 화학제품 제조업,기업인수합병,2019-04-29,12월,김용채,http://www.tstrillion.co.kr,서울특별시,"ts트릴리온, TS트릴리온"
TYM,2900,002900.KS,KOSPI,특수 목적용 기계 제조업,"농기계,연초용필터,금속제양식기,철강압연 제조,도매,수출입/신문서적 수출입,판매",1973-06-26,12월,"김희용, 김도훈",http://tym.world,서울특별시,"tym, TYM"
WISCOM,24070,024070.KS,KOSPI,플라스틱제품 제조업,"플라스틱제품(PVC컴파운드,ABS,PS가공) 제조,도매,임가공",1996-11-22,12월,"구조웅, 구영일",http://www.wiscom.co.kr,경기도,"wiscom, WISCOM"
YBM넷,57030,057030.KQ,KOSDAQ,교육지원 서비스업,"온라인교육, 수수료수입 등",2004-06-08,12월,김종익,http://www.ybmsisa.com,서울특별시,"ybm넷, YBM넷"
YG PLUS,37270,037270.KS,KOSPI,"자료처리, 호스팅, 포털 및 기타 인터넷 정보매개 서비스업","광고대행,광고물 제작",2003-08-01,12월,최성준,http://www.ygplus.com,서울특별시,"yg plus, YG PLUS"
YTN,40300,040300.KQ,KOSDAQ,"영화, 비디오물, 방송프로그램 제작 및 배급업",광고/협찬 및 프로그램 제작,2001-09-04,12월,김백,http://www.ytn.co.kr,서울특별시,"ytn, YTN"
YW,51390,051390.KQ,KOSDAQ,상품 종합 도매업,도소매,2001-11-15,12월,우병일,http://www.ywtc.com,경기도,"yw, YW"